rollout/ep_rew_mean,time/fps,time/episodes,time/total_timesteps,rollout/exploration_rate,time/time_elapsed,rollout/ep_len_mean,eval/mean_reward,eval/mean_ep_length,train/loss,train/n_updates,train/learning_rate
-20.75,918,4,814,0.9959706999999995,0,837.0,,,,,
-20.875,949,8,1684,0.9916641999999999,1,867.375,,,,,
-20.666666666666668,963,12,2546,0.9873973000000003,2,875.0,,,,,
-20.6875,971,16,3423,0.9830561500000002,3,881.5625,,,,,
-20.7,976,20,4252,0.9789526000000004,4,874.4,,,,,
-20.708333333333332,981,24,5062,0.9749431000000005,5,867.4166666666666,,,,,
-20.75,983,28,5904,0.9707752000000005,6,866.6785714285714,,,,,
-20.75,987,32,6793,0.9663746499999998,6,871.625,,,,,
-20.72222222222222,989,36,7665,0.9620582499999999,7,874.5,,,,,
-20.7,990,40,8490,0.9579744999999995,8,871.575,,,,,
-20.704545454545453,990,44,9328,0.9538264,9,870.3409090909091,,,,,
-20.6875,991,48,10199,0.9495149499999996,10,872.6666666666666,,,,,
-20.71153846153846,992,52,10987,0.9456143499999996,11,868.0576923076923,,,,,
-20.732142857142858,992,56,11863,0.9412781500000003,11,870.0178571428571,,,,,
-20.716666666666665,994,60,12780,0.936739,12,874.0833333333334,,,,,
-20.734375,994,64,13555,0.9329027500000001,13,869.203125,,,,,
-20.720588235294116,993,68,14454,0.9284527000000001,14,872.3088235294117,,,,,
-20.73611111111111,993,72,15234,0.9245917000000001,15,868.25,,,,,
-20.75,993,76,16068,0.9204634000000002,16,867.8157894736842,,,,,
-20.75,994,80,16922,0.9162360999999994,17,867.625,,,,,
-20.761904761904763,994,84,17772,0.9120286000000005,17,867.8928571428571,,,,,
-20.761363636363637,995,88,18639,0.9077369499999997,18,868.8522727272727,,,,,
-20.77173913043478,995,92,19474,0.9036037,19,868.304347826087,,,,,
-20.760416666666668,995,96,20350,0.8992674999999996,20,869.6458333333334,,,,,
-20.76,995,100,21180,0.8951590000000001,21,868.9,,,,,
-20.76,995,104,22041,0.8908970500000001,22,870.58,,,,,
-20.76,995,108,22831,0.8869865499999998,22,867.04,,,,,
-20.79,995,112,23655,0.8829077500000001,23,865.03,,,,,
-20.78,995,116,24515,0.8786507499999997,24,864.14,,,,,
-20.75,996,120,25418,0.8741809000000003,25,867.13,,,,,
-20.75,996,124,26182,0.8703991000000004,26,865.35,,,,,
-20.75,996,128,26976,0.8664688000000006,27,863.7,,,,,
-20.72,996,132,27831,0.8622365500000003,27,862.6,,,,,
-20.73,996,136,28652,0.8581726000000005,28,860.36,,,,,
-20.74,996,140,29547,0.8537423500000001,29,863.41,,,,,
-20.74,996,144,30482,0.8491141000000005,30,867.02,,,,,
-20.73,997,148,31372,0.8447086000000003,31,867.74,,,,,
-20.69,997,152,32300,0.8401150000000001,32,873.29,,,,,
-20.69,997,156,33148,0.8359174000000003,33,872.37,,,,,
-20.69,997,160,34010,0.8316504999999995,34,870.56,,,,,
-20.69,997,164,34906,0.8272152999999995,35,875.34,,,,,
-20.7,997,168,35817,0.8227058500000001,35,875.44,,,,,
-20.7,997,172,36630,0.8186815000000003,36,876.9,,,,,
-20.7,997,176,37426,0.8147413000000002,37,875.34,,,,,
-20.69,997,180,38358,0.8101278999999995,38,879.04,,,,,
-20.68,997,184,39278,0.8055739000000004,39,881.71,,,,,
-20.67,997,188,40174,0.8011387000000003,40,882.9,,,,,
-20.67,997,192,41010,0.7970005000000001,41,882.97,,,,,
-20.69,997,196,41841,0.7928870499999999,41,880.97,,,,,
-20.69,997,200,42671,0.7887785500000004,42,880.91,,,,,
-20.69,997,204,43513,0.7846106500000004,43,880.39,,,,,
-20.67,997,208,44357,0.7804328500000001,44,882.74,,,,,
-20.64,998,212,45273,0.7758986500000005,45,886.85,,,,,
-20.62,998,216,46174,0.7714387000000004,46,888.48,,,,,
-20.66,998,220,46986,0.7674193000000001,47,885.19,,,,,
-20.66,998,224,47830,0.7632414999999998,47,888.2,,,,,
-20.64,998,228,48676,0.7590538000000003,48,890.28,,,,,
-20.66,998,232,49518,0.7548859000000002,49,889.96,,,,,
-20.63,998,236,50459,0.7502279499999999,50,894.67,,,,,
-20.63,998,240,51349,0.7458224499999996,51,893.96,,,,,
-20.61,998,244,52233,0.7414466500000001,52,892.36,,,,,
-20.61,998,248,53104,0.7371351999999998,53,891.23,,,,,
-20.64,998,252,53941,0.73299205,54,887.72,,,,,
-20.64,998,256,54766,0.7289082999999996,54,886.66,,,,,
-20.65,998,260,55614,0.7247106999999997,55,885.92,,,,,
-20.6,999,264,56546,0.7200973000000002,56,887.11,,,,,
-20.6,999,268,57415,0.7157957500000001,57,885.73,,,,,
-20.59,999,272,58268,0.7115734,58,887.41,,,,,
-20.59,999,276,59090,0.7075044999999995,59,888.35,,,,,
-20.61,998,280,59943,0.7032821499999996,60,885.46,,,,,
-20.6,998,284,60828,0.6989013999999996,60,884.25,,,,,
-20.62,998,288,61664,0.6947632000000004,61,881.82,,,,,
-20.6,998,292,62529,0.6904814499999997,62,882.89,,,,,
-20.57,998,296,63367,0.6863333500000003,63,883.46,,,,,
-20.58,999,300,64210,0.6821604999999995,64,884.19,,,,,
-20.59,999,304,65153,0.6774926499999999,65,888.1,,,,,
-20.6,999,308,66002,0.6732900999999994,66,888.19,,,,,
-20.61,999,312,66905,0.66882025,66,887.18,,,,,
-20.65,999,316,67703,0.6648701499999996,67,883.29,,,,,
-20.65,999,320,68527,0.66079135,68,883.28,,,,,
-20.66,999,324,69346,0.6567373000000005,69,882.58,,,,,
-20.68,999,328,70112,0.6529456000000002,70,879.31,,,,,
-20.69,999,332,70931,0.6488915499999997,70,878.21,,,,,
-20.72,999,336,71835,0.6444167499999995,71,876.85,,,,,
-20.73,999,340,72682,0.6402241000000004,72,875.54,,,,,
-20.74,999,344,73571,0.6358235499999998,73,875.81,,,,,
-20.75,999,348,74424,0.6316011999999998,74,875.17,,,,,
-20.76,999,352,75304,0.6272451999999998,75,876.74,,,,,
-20.74,999,356,76235,0.6226367499999997,76,881.03,,,,,
-20.74,999,360,77073,0.6184886500000002,77,880.81,,,,,
-20.78,999,364,77982,0.6139891000000001,78,880.46,,,,,
-20.77,999,368,78859,0.60964795,78,880.88,,,,,
-20.78,999,372,79687,0.6055493499999998,79,879.94,,,,,
-20.77,999,376,80531,0.6013715500000005,80,880.56,,,,,
-20.76,999,380,81347,0.5973323499999997,81,878.78,,,,,
-20.77,999,384,82226,0.5929813000000005,82,878.4,,,,,
-20.75,999,388,83058,0.5888628999999996,83,878.17,,,,,
-20.77,999,392,83907,0.5846603500000003,83,877.39,,,,,
-20.78,999,396,84736,0.5805568000000004,84,876.86,,,,,
-20.76,999,400,85551,0.5765225500000004,85,875.75,,,,,
-20.76,999,404,86327,0.5726813499999999,86,869.0,,,,,
-20.76,999,408,87205,0.5683352500000001,87,870.15,,,,,
-20.77,999,412,88112,0.5638456000000002,88,870.26,,,,,
-20.76,999,416,89034,0.5592816999999998,89,875.62,,,,,
-20.74,999,420,89929,0.5548514500000004,89,878.81,,,,,
-20.72,999,424,90761,0.5507330499999996,90,879.13,,,,,
-20.72,999,428,91603,0.5465651499999995,91,882.35,,,,,
-20.71,999,432,92460,0.5423230000000001,92,883.7,,,,,
-20.72,999,436,93253,0.5383976499999998,93,879.23,,,,,
-20.72,999,440,94102,0.5341951000000005,94,879.28,,,,,
-20.74,999,444,94977,0.5298638499999996,95,878.58,,,,,
-20.75,999,448,95803,0.5257751499999996,95,877.64,,,,,
-20.71,999,452,96739,0.5211419500000005,96,879.77,,,,,
-20.71,999,456,97652,0.5166225999999997,97,879.2,,,,,
-20.7,999,460,98479,0.5125289500000001,98,878.56,,,,,
-20.7,999,464,99304,0.5084451999999997,99,875.0,,,,,
,,,100000,0.5050049500000002,,,-21.0,764.0,,,
-20.7,949,468,100180,0.5041090000000004,105,875.05,,,0.061569035053253174,44,0.0001
-20.7,944,472,100986,0.5001192999999999,106,874.25,,,0.05578978359699249,246,0.0001
-20.71,940,476,101772,0.49622860000000013,108,871.96,,,0.04186807572841644,442,0.0001
-20.72,936,480,102569,0.4922834500000005,109,871.2,,,0.06628210842609406,642,0.0001
-20.73,932,484,103343,0.4884521500000002,110,867.25,,,0.06357014924287796,835,0.0001
-20.75,928,488,104131,0.48455155000000016,112,865.24,,,0.024090560153126717,1032,0.0001
-20.74,925,492,104907,0.4807103499999996,113,862.58,,,0.04729650914669037,1226,0.0001
-20.76,921,496,105666,0.4769532999999998,114,859.98,,,0.08202968537807465,1416,0.0001
-20.77,917,500,106509,0.47278045000000024,116,860.89,,,0.036864787340164185,1627,0.0001
-20.77,914,504,107285,0.4689392499999997,117,861.45,,,0.010061284527182579,1821,0.0001
-20.77,910,508,108076,0.46502379999999977,118,858.32,,,0.026145635172724724,2018,0.0001
-20.78,907,512,108868,0.46110340000000016,119,854.17,,,0.009400494396686554,2216,0.0001
-20.77,903,516,109721,0.45688105000000023,121,850.91,,,0.023413747549057007,2430,0.0001
-20.77,900,520,110592,0.4525695999999999,122,849.63,,,0.02713712863624096,2647,0.0001
-20.79,897,524,111365,0.44874325000000037,124,847.17,,,0.005315940827131271,2841,0.0001
-20.78,894,528,112148,0.44486740000000047,125,844.48,,,0.011521648615598679,3036,0.0001
-20.79,890,532,112963,0.44083315000000045,126,843.01,,,0.00539204478263855,3240,0.0001
-20.78,887,536,113824,0.4365712000000004,128,845.95,,,0.037556737661361694,3455,0.0001
-20.78,884,540,114647,0.43249735000000034,129,844.97,,,0.0057738469913601875,3661,0.0001
-20.78,881,544,115468,0.4284334000000005,131,842.53,,,0.0034332952927798033,3866,0.0001
-20.79,878,548,116280,0.4244140000000004,132,841.91,,,0.016812963411211967,4069,0.0001
-20.83,875,552,117129,0.4202114499999998,133,838.4,,,0.011499576270580292,4282,0.0001
-20.84,872,556,117983,0.41598415000000033,135,836.01,,,0.02011939324438572,4495,0.0001
-20.86,869,560,118827,0.41180635,136,836.89,,,0.04178755730390549,4706,0.0001
-20.85,866,564,119720,0.4073859999999998,138,839.48,,,0.003913640044629574,4929,0.0001
-20.87,863,568,120528,0.40338640000000026,139,836.86,,,0.03603225201368332,5131,0.0001
-20.87,861,572,121336,0.3993868000000006,140,836.46,,,0.014240939170122147,5333,0.0001
-20.86,858,576,122145,0.39538225000000027,142,837.66,,,0.007764918729662895,5536,0.0001
-20.86,856,580,122924,0.39152619999999994,143,837.17,,,0.008025783114135265,5730,0.0001
-20.86,853,584,123728,0.38754639999999974,144,838.38,,,0.01672695390880108,5931,0.0001
-20.83,851,588,124584,0.3833091999999999,146,841.36,,,0.002472237218171358,6145,0.0001
-20.84,849,592,125333,0.37960165000000046,147,840.59,,,0.017068639397621155,6333,0.0001
-20.83,846,596,126168,0.3754683999999997,149,843.22,,,0.0077001485042274,6541,0.0001
-20.81,844,600,127013,0.3712856499999999,150,843.27,,,0.022457998245954514,6753,0.0001
-20.8,841,604,127811,0.3673355500000005,151,843.64,,,0.004635970573872328,6952,0.0001
-20.8,839,608,128628,0.36329140000000026,153,844.2,,,0.008788513951003551,7156,0.0001
-20.79,837,612,129459,0.3591779500000002,154,845.66,,,0.014857910573482513,7364,0.0001
-20.81,835,616,130224,0.35539119999999946,155,841.89,,,0.030217058956623077,7555,0.0001
-20.83,832,620,131038,0.3513619000000001,157,839.8,,,0.0064199999906122684,7759,0.0001
-20.81,830,624,131891,0.3471395500000002,158,842.92,,,0.005898970644921064,7972,0.0001
-20.81,828,628,132760,0.3428380000000002,160,846.34,,,0.012367771938443184,8189,0.0001
-20.8,826,632,133587,0.33874435000000047,161,846.78,,,0.0024645081721246243,8396,0.0001
-20.81,824,636,134368,0.3348783999999999,162,843.36,,,0.03292578086256981,8591,0.0001
-20.8,822,640,135186,0.3308293,164,842.96,,,0.0031772623769938946,8796,0.0001
-20.79,820,644,135972,0.3269386000000002,165,841.72,,,0.0063797603361308575,8992,0.0001
-20.79,818,648,136731,0.3231815500000004,167,839.85,,,0.004182020202279091,9182,0.0001
-20.79,816,652,137522,0.31926610000000044,168,837.35,,,0.01102395448833704,9380,0.0001
-20.79,814,656,138332,0.31525659999999944,169,835.77,,,0.0056003727950155735,9582,0.0001
-20.79,813,660,139142,0.31124709999999955,171,834.57,,,0.008599025197327137,9785,0.0001
-20.81,811,664,139912,0.3074355999999999,172,829.83,,,0.005652436055243015,9977,0.0001
-20.8,809,668,140706,0.3035053,173,829.1,,,0.009699510410428047,10176,0.0001
-20.79,807,672,141514,0.29950570000000054,175,829.31,,,0.01765831559896469,10378,0.0001
-20.8,806,676,142290,0.2956644999999999,176,827.96,,,0.0041883657686412334,10572,0.0001
-20.79,804,680,143101,0.29165005000000044,177,828.99,,,0.014653708785772324,10775,0.0001
-20.79,802,684,143887,0.28775935000000075,179,828.12,,,0.0065991077572107315,10971,0.0001
-20.82,800,688,144712,0.28367560000000025,180,826.68,,,0.004737841431051493,11177,0.0001
-20.82,799,692,145472,0.27991359999999976,182,826.96,,,0.05490653216838837,11367,0.0001
-20.83,797,696,146241,0.2761070499999997,183,824.64,,,0.004690860398113728,11560,0.0001
-20.86,796,700,147007,0.2723153500000005,184,821.85,,,0.010131388902664185,11751,0.0001
-20.87,794,704,147769,0.2685434499999999,185,820.56,,,0.006743891630321741,11942,0.0001
-20.88,793,708,148603,0.2644151499999998,187,821.18,,,0.009939395822584629,12150,0.0001
-20.88,791,712,149416,0.26039080000000003,188,820.21,,,0.029674138873815536,12353,0.0001
-20.88,789,716,150208,0.25647039999999943,190,821.63,,,0.005767373368144035,12551,0.0001
-20.87,788,720,151001,0.2525450500000004,191,820.86,,,0.013245162554085255,12750,0.0001
-20.89,786,724,151812,0.24853059999999982,192,819.57,,,0.010199124924838543,12952,0.0001
-20.89,785,728,152609,0.2445854500000001,194,816.94,,,0.004272507503628731,13152,0.0001
-20.9,783,732,153390,0.24071950000000053,195,815.12,,,0.008592727594077587,13347,0.0001
-20.89,782,736,154187,0.2367743499999997,197,816.17,,,0.008511923253536224,13546,0.0001
-20.9,780,740,154963,0.23293315000000026,198,814.39,,,0.012872549705207348,13740,0.0001
-20.91,779,744,155797,0.22880485000000017,199,816.38,,,0.004868276417255402,13949,0.0001
-20.9,777,748,156685,0.22440925000000023,201,820.95,,,0.042939528822898865,14171,0.0001
-20.89,776,752,157504,0.22035519999999964,202,822.11,,,0.011844976805150509,14375,0.0001
-20.9,775,756,158283,0.2164991500000003,204,820.43,,,0.00608054269105196,14570,0.0001
-20.89,773,760,159112,0.21239560000000046,205,821.03,,,0.005702514201402664,14777,0.0001
-20.88,772,764,159926,0.2083662999999999,207,822.88,,,0.009699095971882343,14981,0.0001
-20.89,770,768,160744,0.20431719999999998,208,823.61,,,0.004482208751142025,15185,0.0001
-20.9,769,772,161516,0.2004958000000001,209,822.34,,,0.004325029440224171,15378,0.0001
-20.9,768,776,162303,0.19660014999999964,211,822.66,,,0.006121237296611071,15575,0.0001
-20.91,766,780,163109,0.19261045000000032,212,822.43,,,0.008429686538875103,15777,0.0001
-20.88,765,784,163977,0.1883138499999999,214,825.52,,,0.004722402431070805,15994,0.0001
-20.87,764,788,164801,0.18423505000000018,215,825.6,,,0.02442232519388199,16200,0.0001
-20.87,763,792,165636,0.18010179999999942,217,828.42,,,0.0110462736338377,16408,0.0001
-20.85,761,796,166489,0.1758794500000006,218,831.63,,,0.00600686389952898,16622,0.0001
-20.85,760,800,167263,0.1720481500000004,219,831.49,,,0.011783859692513943,16815,0.0001
-20.85,759,804,168125,0.16778124999999966,221,835.52,,,0.00849439762532711,17031,0.0001
-20.85,758,808,168947,0.16371235000000028,222,835.28,,,0.030160145834088326,17236,0.0001
-20.86,756,812,169748,0.15974739999999998,224,834.92,,,0.007237658370286226,17436,0.0001
-20.85,755,816,170599,0.15553495000000028,225,837.05,,,0.008439535275101662,17649,0.0001
-20.84,754,820,171459,0.15127794999999988,227,839.95,,,0.008333617821335793,17864,0.0001
-20.82,752,824,172344,0.14689719999999973,228,842.65,,,0.0033411667682230473,18085,0.0001
-20.82,751,828,173215,0.1425857500000005,230,845.46,,,0.03493274375796318,18303,0.0001
-20.82,750,832,174001,0.1386950499999997,231,845.53,,,0.010070492513477802,18500,0.0001
-20.82,749,836,174837,0.1345568500000005,233,846.55,,,0.011524271219968796,18709,0.0001
-20.82,748,840,175666,0.13045329999999955,234,848.85,,,0.03692401200532913,18916,0.0001
-20.81,746,844,176534,0.12615670000000023,236,850.3,,,0.005579333286732435,19133,0.0001
-20.78,745,848,177464,0.1215531999999997,238,852.68,,,0.01049282681196928,19365,0.0001
-20.78,744,852,178286,0.11748430000000032,239,853.01,,,0.019491344690322876,19571,0.0001
-20.77,743,856,179144,0.11323720000000026,240,856.1,,,0.014220800250768661,19785,0.0001
-20.77,742,860,179958,0.10920789999999969,242,855.47,,,0.010819840244948864,19989,0.0001
-20.77,741,864,180830,0.10489149999999992,243,857.66,,,0.00704231858253479,20207,0.0001
-20.76,740,868,181679,0.10068895000000044,245,859.04,,,0.005242748185992241,20419,0.0001
-20.75,738,872,182512,0.09656560000000003,246,861.53,,,0.006816458888351917,20627,0.0001
-20.71,737,876,183449,0.09192745000000013,248,867.53,,,0.01008518785238266,20862,0.0001
-20.68,736,880,184302,0.0877051000000002,250,869.4,,,0.015971440821886063,21075,0.0001
-20.69,735,884,185157,0.08347284999999993,251,869.04,,,0.004505515098571777,21289,0.0001
-20.69,734,888,186081,0.0788990500000003,253,872.95,,,0.028117235749959946,21520,0.0001
-20.66,733,892,186988,0.07440940000000029,254,875.7,,,0.007292448077350855,21746,0.0001
-20.65,732,896,187881,0.06998905000000022,256,877.26,,,0.00561523949727416,21970,0.0001
-20.63,731,900,188737,0.06575185000000039,258,880.75,,,0.012068979442119598,22184,0.0001
-20.61,730,904,189641,0.06127705000000039,259,882.3,,,0.02701406553387642,22410,0.0001
-20.61,729,908,190495,0.05704974999999968,261,883.56,,,0.008379761129617691,22623,0.0001
-20.59,728,912,191344,0.052847200000000205,262,885.97,,,0.003992397803813219,22835,0.0001
-20.6,727,916,192124,0.0489862000000002,264,883.07,,,0.008166072890162468,23030,0.0001
-20.59,726,920,193047,0.04441735000000013,265,885.52,,,0.004509581718593836,23261,0.0001
-20.59,725,924,193917,0.040110850000000475,267,885.0,,,0.00790615938603878,23479,0.0001
-20.6,724,928,194719,0.03614094999999973,268,882.11,,,0.0064457436092197895,23679,0.0001
-20.6,723,932,195606,0.03175030000000034,270,886.35,,,0.007174097932875156,23901,0.0001
-20.61,722,936,196465,0.027498250000000612,271,887.32,,,0.0062203174456954,24116,0.0001
-20.59,721,940,197380,0.022969000000000572,273,890.66,,,0.010517742484807968,24344,0.0001
-20.58,720,944,198254,0.018642700000000456,275,890.98,,,0.00754181295633316,24563,0.0001
-20.6,719,948,199228,0.013821400000000317,276,892.42,,,0.03996628522872925,24806,0.0001
,,,200000,0.010004949999999901,,,-20.45,1197.55,0.010730287060141563,24999,0.0001
-20.61,699,952,200139,0.01,286,896.11,,,0.007488367147743702,25034,0.0001
-20.61,698,956,201023,0.01,287,897.44,,,0.009913032874464989,25255,0.0001
-20.59,697,960,202021,0.01,289,905.01,,,0.005879867356270552,25505,0.0001
-20.6,696,964,202888,0.01,291,904.9,,,0.00813964195549488,25721,0.0001
-20.59,695,968,203810,0.01,292,907.68,,,0.006003984250128269,25952,0.0001
-20.58,695,972,204732,0.01,294,910.78,,,0.006458669900894165,26182,0.0001
-20.56,694,976,205680,0.01,296,911.48,,,0.03243563324213028,26419,0.0001
-20.57,693,980,206482,0.01,297,909.52,,,0.0024877325631678104,26620,0.0001
-20.58,692,984,207391,0.01,299,911.64,,,0.013620445504784584,26847,0.0001
-20.58,692,988,208212,0.01,300,907.84,,,0.008958345279097557,27052,0.0001
-20.58,691,992,209218,0.01,302,912.06,,,0.014214319176971912,27304,0.0001
-20.59,690,996,210216,0.01,304,916.09,,,0.006498903967440128,27553,0.0001
-20.59,689,1000,211219,0.01,306,921.83,,,0.0041756536811590195,27804,0.0001
-20.57,689,1004,212162,0.01,307,923.46,,,0.013018976897001266,28040,0.0001
-20.53,688,1008,213074,0.01,309,925.68,,,0.008204306475818157,28268,0.0001
-20.53,687,1012,213958,0.01,311,926.65,,,0.002311397111043334,28489,0.0001
-20.52,686,1016,214878,0.01,312,932.46,,,0.007631107233464718,28719,0.0001
-20.54,686,1020,215752,0.01,314,930.26,,,0.017769869416952133,28937,0.0001
-20.54,685,1024,216662,0.01,316,931.72,,,0.011116947047412395,29165,0.0001
-20.52,684,1028,217532,0.01,317,934.91,,,0.006339435465633869,29382,0.0001
-20.52,684,1032,218359,0.01,319,932.4,,,0.008702656254172325,29589,0.0001
-20.49,683,1036,219343,0.01,320,937.82,,,0.0087285116314888,29835,0.0001
-20.47,682,1040,220375,0.01,322,942.56,,,0.012703537940979004,30093,0.0001
-20.45,682,1044,221437,0.01,324,950.14,,,0.003572362009435892,30359,0.0001
-20.43,681,1048,222451,0.01,326,951.75,,,0.010457850061357021,30612,0.0001
-20.42,680,1052,223460,0.01,328,955.66,,,0.00313614122569561,30864,0.0001
-20.4,679,1056,224428,0.01,330,958.78,,,0.016574248671531677,31106,0.0001
-20.43,679,1060,225401,0.01,331,957.63,,,0.01845254749059677,31350,0.0001
-20.41,678,1064,226404,0.01,333,963.06,,,0.007494291290640831,31600,0.0001
-20.39,678,1068,227437,0.01,335,967.7,,,0.006447665859013796,31859,0.0001
-20.39,677,1072,228541,0.01,337,975.35,,,0.017940545454621315,32135,0.0001
-20.43,676,1076,229671,0.01,339,982.55,,,0.007998079992830753,32417,0.0001
-20.43,675,1080,230656,0.01,341,989.94,,,0.01834292896091938,32663,0.0001
-20.42,675,1084,231555,0.01,342,989.67,,,0.014997399412095547,32888,0.0001
-20.42,674,1088,232497,0.01,344,994.52,,,0.0073714908212423325,33124,0.0001
-20.45,674,1092,233441,0.01,346,991.89,,,0.021501410752534866,33360,0.0001
-20.47,673,1096,234355,0.01,347,988.71,,,0.00893827062100172,33588,0.0001
-20.44,673,1100,235392,0.01,349,990.2,,,0.011232559569180012,33847,0.0001
-20.44,672,1104,236528,0.01,351,997.6,,,0.011223629117012024,34131,0.0001
-20.43,671,1108,237528,0.01,353,1001.16,,,0.007407074794173241,34381,0.0001
-20.4,671,1112,238514,0.01,355,1005.18,,,0.005658433772623539,34628,0.0001
-20.37,670,1116,239569,0.01,357,1010.65,,,0.0073265680111944675,34892,0.0001
-20.36,670,1120,240503,0.01,358,1013.17,,,0.007182904984802008,35125,0.0001
-20.34,669,1124,241454,0.01,360,1014.81,,,0.005025632679462433,35363,0.0001
-20.34,668,1128,242469,0.01,362,1020.26,,,0.036255236715078354,35617,0.0001
-20.35,668,1132,243512,0.01,364,1028.64,,,0.015665965154767036,35877,0.0001
-20.37,667,1136,244412,0.01,366,1024.69,,,0.027741214260458946,36102,0.0001
-20.35,667,1140,245480,0.01,367,1026.3,,,0.01679326221346855,36369,0.0001
-20.37,666,1144,246430,0.01,369,1021.54,,,0.025387052446603775,36607,0.0001
-20.38,666,1148,247346,0.01,371,1017.7,,,0.012092502787709236,36836,0.0001
-20.37,665,1152,248362,0.01,373,1017.83,,,0.01764719933271408,37090,0.0001
-20.39,665,1156,249287,0.01,374,1016.15,,,0.005971719976514578,37321,0.0001
-20.35,664,1160,250283,0.01,376,1017.21,,,0.01737699657678604,37570,0.0001
-20.34,664,1164,251335,0.01,378,1019.1,,,0.010592468082904816,37833,0.0001
-20.34,663,1168,252318,0.01,380,1016.97,,,0.003230135887861252,38079,0.0001
-20.32,663,1172,253298,0.01,381,1012.04,,,0.005802469793707132,38324,0.0001
-20.31,662,1176,254268,0.01,383,1005.56,,,0.0037585743702948093,38566,0.0001
-20.3,662,1180,255258,0.01,385,1005.54,,,0.008845481090247631,38814,0.0001
-20.3,661,1184,256176,0.01,387,1006.28,,,0.008673125877976418,39043,0.0001
-20.29,661,1188,257184,0.01,388,1008.76,,,0.016657689586281776,39295,0.0001
-20.25,660,1192,258160,0.01,390,1010.04,,,0.004078153520822525,39539,0.0001
-20.24,660,1196,259119,0.01,392,1012.02,,,0.011640196666121483,39779,0.0001
-20.26,659,1200,260112,0.01,394,1010.26,,,0.013115856796503067,40027,0.0001
-20.24,659,1204,261168,0.01,396,1007.68,,,0.012068559415638447,40291,0.0001
-20.21,658,1208,262297,0.01,398,1012.76,,,0.02036399580538273,40574,0.0001
-20.19,658,1212,263464,0.01,400,1020.17,,,0.005985252559185028,40865,0.0001
-20.13,657,1216,264726,0.01,402,1028.29,,,0.009346209466457367,41181,0.0001
-20.11,657,1220,265693,0.01,404,1029.55,,,0.014878145419061184,41423,0.0001
-20.12,656,1224,266752,0.01,406,1033.97,,,0.009046139195561409,41687,0.0001
-20.1,656,1228,267822,0.01,408,1036.13,,,0.012683474458754063,41955,0.0001
-20.02,655,1232,269011,0.01,410,1042.21,,,0.014227374456822872,42252,0.0001
-19.95,655,1236,270040,0.01,412,1047.64,,,0.0036771781742572784,42509,0.0001
-19.9,654,1240,271358,0.01,414,1057.42,,,0.007300017401576042,42839,0.0001
-19.88,654,1244,272470,0.01,416,1063.86,,,0.005890758242458105,43117,0.0001
-19.88,653,1248,273447,0.01,418,1066.59,,,0.011199425905942917,43361,0.0001
-19.82,653,1252,274633,0.01,420,1073.54,,,0.007566933520138264,43658,0.0001
-19.79,652,1256,275609,0.01,422,1075.99,,,0.005673537030816078,43902,0.0001
-19.76,652,1260,276832,0.01,424,1085.04,,,0.0043318672105669975,44207,0.0001
-19.75,651,1264,277918,0.01,426,1086.53,,,0.008615300990641117,44479,0.0001
-19.72,651,1268,279154,0.01,428,1096.94,,,0.005922942887991667,44788,0.0001
-19.66,650,1272,280390,0.01,430,1106.93,,,0.01126986276358366,45097,0.0001
-19.56,650,1276,281768,0.01,433,1123.31,,,0.013867098838090897,45441,0.0001
-19.52,649,1280,282974,0.01,435,1131.86,,,0.010964760556817055,45743,0.0001
-19.49,649,1284,284156,0.01,437,1142.29,,,0.011084625497460365,46038,0.0001
-19.47,648,1288,285107,0.01,439,1139.94,,,0.015913380309939384,46276,0.0001
-19.47,648,1292,286237,0.01,441,1146.1,,,0.013207240961492062,46559,0.0001
-19.43,648,1296,287285,0.01,443,1149.59,,,0.004747954197227955,46821,0.0001
-19.4,647,1300,288279,0.01,444,1149.89,,,0.006888728588819504,47069,0.0001
-19.37,647,1304,289429,0.01,447,1153.07,,,0.01140521839261055,47357,0.0001
-19.37,647,1308,290620,0.01,449,1155.59,,,0.01617272198200226,47654,0.0001
-19.4,646,1312,291651,0.01,451,1150.07,,,0.01779412105679512,47912,0.0001
-19.42,646,1316,292840,0.01,453,1146.97,,,0.004565900191664696,48209,0.0001
-19.4,645,1320,293949,0.01,455,1152.81,,,0.016258154064416885,48487,0.0001
-19.38,645,1324,295058,0.01,457,1155.01,,,0.01163504458963871,48764,0.0001
-19.36,645,1328,296072,0.01,458,1153.0,,,0.021110471338033676,49017,0.0001
-19.36,644,1332,297205,0.01,461,1150.66,,,0.009138591587543488,49301,0.0001
-19.38,644,1336,298231,0.01,462,1150.43,,,0.006274694576859474,49557,0.0001
-19.39,643,1340,299510,0.01,465,1149.0,,,0.017582256346940994,49877,0.0001
,,,300000,0.01,,,-19.4,1194.0,0.009530316106975079,49999,0.0001
-19.36,633,1344,300610,0.01,474,1148.67,,,0.014211096800863743,50152,0.0001
-19.3,633,1348,301837,0.01,476,1158.19,,,0.004794561304152012,50459,0.0001
-19.27,632,1352,303034,0.01,478,1158.35,,,0.014298699796199799,50758,0.0001
-19.26,632,1356,304110,0.01,480,1162.26,,,0.01637270860373974,51027,0.0001
-19.27,632,1360,305179,0.01,482,1156.03,,,0.009271735325455666,51294,0.0001
-19.17,631,1364,306436,0.01,485,1162.81,,,0.006482657045125961,51608,0.0001
-19.15,631,1368,307769,0.01,487,1166.35,,,0.024605341255664825,51942,0.0001
-19.17,630,1372,308887,0.01,489,1162.19,,,0.007305703591555357,52221,0.0001
-19.25,630,1376,309903,0.01,491,1147.48,,,0.004849081858992577,52475,0.0001
-19.29,630,1380,310820,0.01,492,1135.98,,,0.020222855731844902,52704,0.0001
-19.27,630,1384,311886,0.01,494,1131.4,,,0.023556187748908997,52971,0.0001
-19.24,629,1388,312999,0.01,496,1138.01,,,0.018543338403105736,53249,0.0001
-19.21,629,1392,314089,0.01,498,1136.48,,,0.008846588432788849,53522,0.0001
-19.15,629,1396,315283,0.01,500,1142.2,,,0.01727435551583767,53820,0.0001
-19.14,629,1400,316550,0.01,503,1152.89,,,0.006902282126247883,54137,0.0001
-19.16,628,1404,317816,0.01,505,1157.66,,,0.0069940220564603806,54453,0.0001
-19.23,628,1408,318738,0.01,507,1147.05,,,0.018423186615109444,54684,0.0001
-19.22,628,1412,319802,0.01,509,1148.46,,,0.017398428171873093,54950,0.0001
-19.24,627,1416,320942,0.01,511,1146.83,,,0.006891247816383839,55235,0.0001
-19.2,627,1420,322282,0.01,513,1155.71,,,0.006531711667776108,55570,0.0001
-19.18,627,1424,323400,0.01,515,1155.74,,,0.013134665787220001,55849,0.0001
-19.22,627,1428,324600,0.01,517,1162.9,,,0.008704707026481628,56149,0.0001
-19.26,626,1432,325790,0.01,519,1165.1,,,0.004250269383192062,56447,0.0001
-19.26,626,1436,327155,0.01,522,1179.08,,,0.01731421984732151,56788,0.0001
-19.31,626,1440,328432,0.01,524,1178.72,,,0.006194752641022205,57107,0.0001
-19.32,625,1444,329655,0.01,526,1183.86,,,0.00960953626781702,57413,0.0001
-19.37,625,1448,330950,0.01,528,1186.72,,,0.021529898047447205,57737,0.0001
-19.45,625,1452,332022,0.01,530,1182.08,,,0.013891272246837616,58005,0.0001
-19.49,625,1456,333095,0.01,532,1181.83,,,0.011221256107091904,58273,0.0001
-19.55,624,1460,334211,0.01,534,1183.75,,,0.010298613458871841,58552,0.0001
-19.66,624,1464,335374,0.01,536,1179.95,,,0.005854394752532244,58843,0.0001
-19.72,624,1468,336521,0.01,539,1172.96,,,0.01135803759098053,59130,0.0001
-19.79,624,1472,337663,0.01,541,1173.49,,,0.010417716577649117,59415,0.0001
-19.79,623,1476,338919,0.01,543,1183.4,,,0.01034117117524147,59729,0.0001
-19.76,623,1480,340208,0.01,545,1198.42,,,0.012610573321580887,60051,0.0001
-19.81,623,1484,341399,0.01,547,1203.21,,,0.026373501867055893,60349,0.0001
-19.85,623,1488,342480,0.01,549,1202.21,,,0.006211834028363228,60619,0.0001
-19.85,622,1492,343607,0.01,551,1203.56,,,0.008478605188429356,60901,0.0001
-19.94,622,1496,344773,0.01,553,1202.4,,,0.010059790685772896,61193,0.0001
-19.97,622,1500,345967,0.01,556,1199.34,,,0.010683108121156693,61491,0.0001
-20.03,621,1504,347126,0.01,558,1195.41,,,0.007284834049642086,61781,0.0001
-19.98,621,1508,348495,0.01,560,1213.3,,,0.008842622861266136,62123,0.0001
-19.97,621,1512,349770,0.01,562,1222.02,,,0.007809345610439777,62442,0.0001
-19.99,621,1516,351098,0.01,565,1229.33,,,0.01462193951010704,62774,0.0001
-20.07,620,1520,352258,0.01,567,1222.55,,,0.01339813880622387,63064,0.0001
-20.11,620,1524,353391,0.01,569,1223.21,,,0.01223333552479744,63347,0.0001
-20.11,620,1528,354641,0.01,571,1225.01,,,0.005116100423038006,63660,0.0001
-20.1,620,1532,355923,0.01,573,1228.65,,,0.003428521566092968,63980,0.0001
-20.1,619,1536,357133,0.01,576,1222.48,,,0.03532679006457329,64283,0.0001
-20.13,619,1540,358474,0.01,578,1225.07,,,0.008082493208348751,64618,0.0001
-20.16,619,1544,359654,0.01,580,1222.91,,,0.005399949848651886,64913,0.0001
-20.15,619,1548,361187,0.01,583,1232.36,,,0.007882986217737198,65296,0.0001
-20.14,618,1552,362480,0.01,585,1241.23,,,0.007655743509531021,65619,0.0001
-20.12,618,1556,363704,0.01,587,1247.04,,,0.005973744206130505,65925,0.0001
-20.08,618,1560,364971,0.01,590,1252.9,,,0.011031826958060265,66242,0.0001
-20.09,618,1564,366106,0.01,592,1251.7,,,0.011193755082786083,66526,0.0001
-20.1,617,1568,367478,0.01,594,1260.25,,,0.005884935613721609,66869,0.0001
-20.06,617,1572,368795,0.01,597,1267.28,,,0.00760303158313036,67198,0.0001
-20.06,617,1576,370152,0.01,599,1271.39,,,0.012957070022821426,67537,0.0001
-20.1,617,1580,371324,0.01,601,1266.92,,,0.007982563227415085,67830,0.0001
-20.07,616,1584,372549,0.01,603,1268.66,,,0.008953461423516273,68137,0.0001
-20.07,616,1588,373907,0.01,606,1279.48,,,0.011043701320886612,68476,0.0001
-20.1,616,1592,375170,0.01,608,1284.98,,,0.013289123773574829,68792,0.0001
-20.04,616,1596,376667,0.01,611,1298.3,,,0.012409999966621399,69166,0.0001
-20.03,615,1600,377992,0.01,613,1303.71,,,0.01938140019774437,69497,0.0001
-19.95,615,1604,379280,0.01,616,1308.81,,,0.006312740035355091,69819,0.0001
-19.97,615,1608,380590,0.01,618,1306.21,,,0.0087019307538867,70147,0.0001
-19.98,615,1612,382050,0.01,621,1313.07,,,0.016657359898090363,70512,0.0001
-20.0,614,1616,383376,0.01,623,1313.15,,,0.00803803838789463,70843,0.0001
-19.97,614,1620,384683,0.01,625,1318.65,,,0.02259012684226036,71170,0.0001
-19.91,614,1624,386181,0.01,628,1333.39,,,0.01941714435815811,71545,0.0001
-19.91,614,1628,387486,0.01,631,1335.9,,,0.015188588760793209,71871,0.0001
-19.89,613,1632,388967,0.01,633,1344.09,,,0.01764538139104843,72241,0.0001
-19.91,613,1636,390382,0.01,636,1351.92,,,0.013426450081169605,72595,0.0001
-19.89,613,1640,391578,0.01,638,1346.49,,,0.004499821458011866,72894,0.0001
-19.9,613,1644,392906,0.01,640,1352.66,,,0.004254753701388836,73226,0.0001
-19.87,612,1648,394405,0.01,643,1351.66,,,0.008328152820467949,73601,0.0001
-19.83,612,1652,395755,0.01,646,1353.56,,,0.02749020606279373,73938,0.0001
-19.81,612,1656,396938,0.01,648,1352.35,,,0.01535569503903389,74234,0.0001
-19.73,612,1660,398364,0.01,650,1358.67,,,0.0074081202037632465,74590,0.0001
-19.67,611,1664,399911,0.01,653,1375.04,,,0.007994802668690681,74977,0.0001
,,,400000,0.01,,,-19.55,1569.75,0.013699375092983246,74999,0.0001
-19.63,602,1668,401459,0.01,666,1382.17,,,0.012276813387870789,75364,0.0001
-19.62,602,1672,402893,0.01,668,1386.66,,,0.010769711807370186,75723,0.0001
-19.6,602,1676,404379,0.01,671,1391.66,,,0.003034828929230571,76094,0.0001
-19.56,602,1680,405934,0.01,674,1406.67,,,0.013183334842324257,76483,0.0001
-19.56,601,1684,407317,0.01,676,1412.89,,,0.0070272344164550304,76829,0.0001
-19.53,601,1688,408732,0.01,679,1415.29,,,0.011380787938833237,77182,0.0001
-19.46,601,1692,410496,0.01,682,1434.95,,,0.01851222850382328,77623,0.0001
-19.49,601,1696,411989,0.01,685,1434.94,,,0.018463024869561195,77997,0.0001
-19.47,601,1700,413644,0.01,688,1447.98,,,0.017142588272690773,78410,0.0001
-19.54,600,1704,415076,0.01,690,1453.62,,,0.0043350993655622005,78768,0.0001
-19.5,600,1708,416648,0.01,693,1463.96,,,0.00843040831387043,79161,0.0001
-19.53,600,1712,418386,0.01,696,1475.27,,,0.013882631435990334,79596,0.0001
-19.53,600,1716,419839,0.01,699,1480.34,,,0.008616112172603607,79959,0.0001
-19.52,600,1720,421427,0.01,702,1491.84,,,0.009088464081287384,80356,0.0001
-19.56,599,1724,422960,0.01,704,1493.17,,,0.006421974860131741,80739,0.0001
-19.53,599,1728,424457,0.01,707,1500.99,,,0.010351605713367462,81114,0.0001
-19.58,599,1732,425831,0.01,710,1496.52,,,0.008961335755884647,81457,0.0001
-19.57,599,1736,427409,0.01,712,1503.09,,,0.007540316320955753,81852,0.0001
-19.57,599,1740,428974,0.01,715,1517.53,,,0.013147586956620216,82243,0.0001
-19.52,599,1744,430511,0.01,718,1526.06,,,0.010522257536649704,82627,0.0001
-19.55,599,1748,431907,0.01,721,1521.68,,,0.005726424977183342,82976,0.0001
-19.59,598,1752,433385,0.01,723,1527.0,,,0.00889616273343563,83346,0.0001
-19.58,598,1756,434872,0.01,726,1538.87,,,0.007334022782742977,83717,0.0001
-19.66,598,1760,436326,0.01,729,1539.86,,,0.009299563243985176,84081,0.0001
-19.7,598,1764,437654,0.01,731,1531.35,,,0.014788428321480751,84413,0.0001
-19.7,598,1768,439235,0.01,734,1532.86,,,0.015113599598407745,84808,0.0001
-19.71,598,1772,440748,0.01,737,1536.17,,,0.006483837030827999,85186,0.0001
-19.74,597,1776,442156,0.01,739,1533.11,,,0.008083891123533249,85538,0.0001
-19.77,597,1780,443737,0.01,742,1533.87,,,0.00836309976875782,85934,0.0001
-19.75,597,1784,445353,0.01,745,1543.05,,,0.0062518189661204815,86338,0.0001
-19.76,597,1788,446843,0.01,748,1546.05,,,0.00491060595959425,86710,0.0001
-19.84,597,1792,448337,0.01,750,1535.72,,,0.019729960709810257,87084,0.0001
-19.84,597,1796,450008,0.01,753,1542.67,,,0.008922888897359371,87501,0.0001
-19.8,596,1800,451732,0.01,756,1545.41,,,0.004375719930976629,87932,0.0001
-19.73,596,1804,453378,0.01,759,1554.15,,,0.01774335838854313,88344,0.0001
-19.77,596,1808,454946,0.01,762,1554.07,,,0.008899644948542118,88736,0.0001
-19.77,596,1812,456479,0.01,765,1546.22,,,0.012073274701833725,89119,0.0001
-19.72,596,1816,458226,0.01,768,1558.19,,,0.008644169196486473,89556,0.0001
-19.66,596,1820,460025,0.01,771,1566.68,,,0.007034423295408487,90006,0.0001
-19.68,595,1824,461617,0.01,774,1569.22,,,0.004547196440398693,90404,0.0001
-19.68,595,1828,463144,0.01,777,1570.14,,,0.011658490635454655,90785,0.0001
-19.66,595,1832,464764,0.01,780,1580.57,,,0.012636303901672363,91190,0.0001
-19.67,595,1836,466521,0.01,783,1587.81,,,0.02257656306028366,91630,0.0001
-19.67,595,1840,468129,0.01,786,1589.32,,,0.00866614282131195,92032,0.0001
-19.66,595,1844,469753,0.01,789,1592.97,,,0.012080254964530468,92438,0.0001
-19.66,594,1848,471446,0.01,792,1604.95,,,0.009944815188646317,92861,0.0001
-19.64,594,1852,472897,0.01,795,1603.99,,,0.006122295279055834,93224,0.0001
-19.67,594,1856,474423,0.01,797,1605.54,,,0.007166869007050991,93605,0.0001
-19.67,594,1860,475932,0.01,800,1607.96,,,0.009302958846092224,93982,0.0001
-19.67,594,1864,477466,0.01,803,1616.26,,,0.012316534295678139,94366,0.0001
-19.71,594,1868,479014,0.01,806,1614.66,,,0.016886478289961815,94753,0.0001
-19.71,594,1872,480528,0.01,808,1614.72,,,0.01272600144147873,95131,0.0001
-19.67,593,1876,482199,0.01,811,1625.17,,,0.017495423555374146,95549,0.0001
-19.61,593,1880,483946,0.01,815,1632.04,,,0.004957902245223522,95986,0.0001
-19.59,593,1884,485635,0.01,818,1634.74,,,0.003683818504214287,96408,0.0001
-19.54,593,1888,487407,0.01,821,1646.18,,,0.007502294145524502,96851,0.0001
-19.51,593,1892,489048,0.01,824,1652.01,,,0.00484263664111495,97261,0.0001
-19.49,593,1896,490782,0.01,827,1654.68,,,0.006284479983150959,97695,0.0001
-19.57,592,1900,492421,0.01,830,1651.12,,,0.00944600161164999,98105,0.0001
-19.56,592,1904,494154,0.01,834,1654.28,,,0.01373958308249712,98538,0.0001
-19.54,592,1908,495935,0.01,837,1662.88,,,0.01089860126376152,98983,0.0001
-19.5,591,1912,497641,0.01,840,1669.45,,,0.006768383085727692,99410,0.0001
-19.5,591,1916,499411,0.01,844,1670.3,,,0.006412560120224953,99852,0.0001
,,,500000,0.01,,,-19.05,1819.7,0.007716578897088766,99999,0.0001
-19.49,583,1920,501226,0.01,858,1670.51,,,0.025225691497325897,100306,0.0001
-19.43,583,1924,503133,0.01,862,1682.99,,,0.007697721943259239,100783,0.0001
-19.43,583,1928,504997,0.01,865,1696.9,,,0.004843306727707386,101249,0.0001
-19.42,583,1932,506620,0.01,868,1696.64,,,0.010034332983195782,101654,0.0001
-19.36,583,1936,508578,0.01,872,1704.6,,,0.011543807573616505,102144,0.0001
-19.34,582,1940,510418,0.01,875,1714.17,,,0.010094258934259415,102604,0.0001
-19.37,582,1944,512048,0.01,878,1714.11,,,0.010093571618199348,103011,0.0001
-19.35,582,1948,513789,0.01,881,1716.11,,,0.014077723026275635,103447,0.0001
-19.3,582,1952,515685,0.01,885,1733.73,,,0.013569120317697525,103921,0.0001
-19.24,582,1956,517526,0.01,888,1746.42,,,0.007556429132819176,104381,0.0001
-19.24,582,1960,518950,0.01,890,1742.93,,,0.022287216037511826,104737,0.0001
-19.21,582,1964,520883,0.01,894,1758.73,,,0.00610330980271101,105220,0.0001
-19.18,582,1968,522747,0.01,897,1771.38,,,0.026176132261753082,105686,0.0001
-19.14,582,1972,524619,0.01,901,1785.84,,,0.009134885855019093,106154,0.0001
-19.18,582,1976,526312,0.01,904,1786.72,,,0.004119680263102055,106577,0.0001
-19.17,582,1980,528120,0.01,907,1789.34,,,0.004497583024203777,107029,0.0001
-19.16,581,1984,529885,0.01,910,1792.47,,,0.021284855902194977,107471,0.0001
-19.2,581,1988,531754,0.01,913,1796.23,,,0.005196020007133484,107938,0.0001
-19.16,581,1992,533679,0.01,917,1807.43,,,0.01600099354982376,108419,0.0001
-19.18,581,1996,535331,0.01,920,1804.18,,,0.01029188558459282,108832,0.0001
-19.09,581,2000,537391,0.01,924,1821.22,,,0.010309871286153793,109347,0.0001
-19.08,581,2004,539241,0.01,927,1826.03,,,0.009568664245307446,109810,0.0001
-19.07,581,2008,541102,0.01,930,1829.39,,,0.00696737552061677,110275,0.0001
-19.09,581,2012,542838,0.01,933,1830.5,,,0.007906568236649036,110709,0.0001
-19.12,581,2016,544493,0.01,936,1825.8,,,0.0047643608413636684,111123,0.0001
-19.12,581,2020,546480,0.01,940,1832.9,,,0.006084209308028221,111619,0.0001
-19.11,580,2024,548326,0.01,943,1830.71,,,0.009427931159734726,112081,0.0001
-19.09,580,2028,550199,0.01,947,1830.63,,,0.013520500622689724,112549,0.0001
-19.03,580,2032,552040,0.01,950,1839.37,,,0.010492963716387749,113009,0.0001
-19.06,580,2036,553908,0.01,953,1835.78,,,0.011142406612634659,113476,0.0001
-19.02,580,2040,555822,0.01,957,1838.74,,,0.009273724630475044,113955,0.0001
-18.97,580,2044,557764,0.01,960,1851.02,,,0.008358443155884743,114440,0.0001
-18.96,580,2048,559773,0.01,964,1861.52,,,0.010652577504515648,114943,0.0001
-18.96,580,2052,561871,0.01,968,1869.44,,,0.0037794755771756172,115467,0.0001
-18.9,580,2056,563887,0.01,971,1876.42,,,0.007878855802118778,115971,0.0001
-18.84,580,2060,565789,0.01,975,1895.55,,,0.005148431286215782,116447,0.0001
-18.86,580,2064,567715,0.01,978,1895.21,,,0.0072260657325387,116928,0.0001
-18.81,580,2068,569517,0.01,981,1892.85,,,0.008099494501948357,117379,0.0001
-18.79,579,2072,571615,0.01,985,1901.71,,,0.008291357196867466,117903,0.0001
-18.78,579,2076,573193,0.01,988,1897.23,,,0.008516782894730568,118298,0.0001
-18.8,579,2080,574870,0.01,991,1892.05,,,0.007440475281327963,118717,0.0001
-18.78,579,2084,577085,0.01,995,1909.92,,,0.013551265932619572,119271,0.0001
-18.78,579,2088,579047,0.01,999,1913.6,,,0.010252474807202816,119761,0.0001
-18.8,579,2092,581158,0.01,1002,1921.06,,,0.007759705185890198,120289,0.0001
-18.73,579,2096,583115,0.01,1006,1933.18,,,0.013334144838154316,120778,0.0001
-18.79,579,2100,584928,0.01,1009,1923.2,,,0.0066870455630123615,121231,0.0001
-18.79,579,2104,587101,0.01,1013,1936.24,,,0.010628016665577888,121775,0.0001
-18.79,579,2108,589039,0.01,1017,1939.43,,,0.018573693931102753,122259,0.0001
-18.76,579,2112,591055,0.01,1020,1950.51,,,0.016672035679221153,122763,0.0001
-18.71,579,2116,592966,0.01,1024,1960.88,,,0.01979408785700798,123241,0.0001
-18.77,578,2120,594937,0.01,1027,1960.67,,,0.004240167327225208,123734,0.0001
-18.84,578,2124,596768,0.01,1030,1959.59,,,0.012054822407662868,124191,0.0001
-18.76,578,2128,599151,0.01,1035,1980.1,,,0.008575499057769775,124787,0.0001
,,,600000,0.01,,,-18.6,2160.45,0.00865953043103218,124999,0.0001
-18.82,571,2132,601119,0.01,1052,1984.96,,,0.007511795498430729,125279,0.0001
-18.8,571,2136,603108,0.01,1056,1989.65,,,0.014125755056738853,125776,0.0001
-18.76,571,2140,605357,0.01,1060,2003.34,,,0.012820284813642502,126339,0.0001
-18.76,571,2144,607361,0.01,1063,2005.82,,,0.010799650102853775,126840,0.0001
-18.71,570,2148,609383,0.01,1067,2006.35,,,0.007247121538966894,127345,0.0001
-18.76,570,2152,611320,0.01,1070,2000.14,,,0.0228571817278862,127829,0.0001
-18.77,570,2156,613366,0.01,1074,2001.15,,,0.011321352794766426,128341,0.0001
-18.8,570,2160,615263,0.01,1077,2000.96,,,0.004921827465295792,128815,0.0001
-18.73,570,2164,617249,0.01,1081,2003.18,,,0.006181906908750534,129312,0.0001
-18.69,570,2168,619269,0.01,1085,2011.6,,,0.017679208889603615,129817,0.0001
-18.63,570,2172,621506,0.01,1089,2017.27,,,0.01159567292779684,130376,0.0001
-18.54,570,2176,623666,0.01,1093,2040.19,,,0.004583999514579773,130916,0.0001
-18.53,570,2180,625669,0.01,1096,2053.2,,,0.014270512387156487,131417,0.0001
-18.55,570,2184,627567,0.01,1100,2040.78,,,0.014381002634763718,131891,0.0001
-18.5,570,2188,629644,0.01,1103,2045.29,,,0.006995802745223045,132410,0.0001
-18.45,570,2192,631579,0.01,1107,2038.12,,,0.006204133853316307,132894,0.0001
-18.43,570,2196,633750,0.01,1111,2046.81,,,0.008858535438776016,133437,0.0001
-18.36,570,2200,635735,0.01,1114,2054.01,,,0.013994346372783184,133933,0.0001
-18.34,570,2204,637620,0.01,1118,2042.51,,,0.015528884716331959,134404,0.0001
-18.17,570,2208,639989,0.01,1122,2059.68,,,0.0066766454838216305,134997,0.0001
-17.97,570,2212,642363,0.01,1126,2073.94,,,0.02227196842432022,135590,0.0001
-17.91,570,2216,644621,0.01,1130,2087.66,,,0.023545682430267334,136155,0.0001
-17.86,569,2220,646581,0.01,1134,2087.04,,,0.006523412652313709,136645,0.0001
-17.75,569,2224,648601,0.01,1138,2094.77,,,0.014620082452893257,137150,0.0001
-17.76,569,2228,650699,0.01,1141,2083.33,,,0.011823346838355064,137674,0.0001
-17.69,569,2232,652791,0.01,1145,2088.41,,,0.00702005997300148,138197,0.0001
-17.63,569,2236,654781,0.01,1149,2088.59,,,0.025214333087205887,138695,0.0001
-17.6,569,2240,656821,0.01,1152,2080.11,,,0.005612432956695557,139205,0.0001
-17.6,569,2244,658786,0.01,1156,2078.46,,,0.009935189969837666,139696,0.0001
-17.6,569,2248,660844,0.01,1160,2079.81,,,0.006329324096441269,140210,0.0001
-17.48,569,2252,663244,0.01,1164,2098.21,,,0.011229496449232101,140810,0.0001
-17.45,569,2256,665476,0.01,1168,2105.73,,,0.004766370169818401,141368,0.0001
-17.46,569,2260,667356,0.01,1171,2105.09,,,0.010618035681545734,141838,0.0001
-17.49,569,2264,669200,0.01,1175,2099.8,,,0.0174100399017334,142299,0.0001
-17.53,569,2268,671235,0.01,1178,2100.54,,,0.012298964895308018,142808,0.0001
-17.58,569,2272,673331,0.01,1182,2094.73,,,0.026842378079891205,143332,0.0001
-17.67,569,2276,675164,0.01,1185,2081.74,,,0.011289759539067745,143790,0.0001
-17.58,569,2280,677229,0.01,1189,2083.93,,,0.006906471215188503,144307,0.0001
-17.59,569,2284,679201,0.01,1193,2086.84,,,0.009914996102452278,144800,0.0001
-17.56,569,2288,681079,0.01,1196,2078.88,,,0.011280535720288754,145269,0.0001
-17.56,569,2292,683060,0.01,1200,2080.9,,,0.013623703271150589,145764,0.0001
-17.56,569,2296,685064,0.01,1203,2073.98,,,0.018816059455275536,146265,0.0001
-17.6,569,2300,687194,0.01,1207,2079.84,,,0.010601675137877464,146798,0.0001
-17.61,569,2304,689411,0.01,1211,2092.98,,,0.010361632332205772,147352,0.0001
-17.69,568,2308,691551,0.01,1215,2083.59,,,0.008488910272717476,147887,0.0001
-17.86,568,2312,693600,0.01,1219,2070.84,,,0.007835364900529385,148399,0.0001
-17.86,568,2316,695576,0.01,1222,2059.38,,,0.015413247980177402,148893,0.0001
-17.81,568,2320,697810,0.01,1226,2069.94,,,0.008556517772376537,149452,0.0001
-17.83,568,2324,699962,0.01,1230,2075.42,,,0.01267828419804573,149990,0.0001
,,,700000,0.01,,,-16.95,2347.5,0.01160946674644947,149999,0.0001
-17.82,562,2328,702158,0.01,1249,2079.53,,,0.010215089656412601,150539,0.0001
-17.73,562,2332,704561,0.01,1253,2091.89,,,0.008442714810371399,151140,0.0001
-17.7,562,2336,706747,0.01,1257,2099.52,,,0.015840614214539528,151686,0.0001
-17.74,562,2340,708755,0.01,1261,2098.33,,,0.010484459809958935,152188,0.0001
-17.73,562,2344,710928,0.01,1264,2106.7,,,0.01448774989694357,152731,0.0001
-17.68,562,2348,713375,0.01,1269,2122.38,,,0.006664184853434563,153343,0.0001
-17.77,561,2352,715600,0.01,1273,2115.11,,,0.00622199522331357,153899,0.0001
-17.71,561,2356,718009,0.01,1277,2122.28,,,0.010006049647927284,154502,0.0001
-17.55,561,2360,720401,0.01,1281,2142.63,,,0.01694297604262829,155100,0.0001
-17.53,561,2364,722571,0.01,1285,2155.6,,,0.015449265018105507,155642,0.0001
-17.54,561,2368,724635,0.01,1289,2156.77,,,0.021317215636372566,156158,0.0001
-17.49,561,2372,726976,0.01,1293,2166.7,,,0.015802018344402313,156743,0.0001
-17.38,561,2376,729210,0.01,1297,2182.88,,,0.016473231837153435,157302,0.0001
-17.4,561,2380,731350,0.01,1301,2185.85,,,0.010582393035292625,157837,0.0001
-17.39,561,2384,733586,0.01,1305,2196.59,,,0.005081171169877052,158396,0.0001
-17.39,561,2388,735877,0.01,1309,2213.05,,,0.009547111578285694,158969,0.0001
-17.31,561,2392,738221,0.01,1313,2227.51,,,0.009577873162925243,159555,0.0001
-17.27,561,2396,740685,0.01,1318,2246.01,,,0.030460674315690994,160171,0.0001
-17.25,561,2400,742853,0.01,1322,2247.2,,,0.017597680911421776,160713,0.0001
-17.21,561,2404,745240,0.01,1326,2253.8,,,0.01447276584804058,161309,0.0001
-17.25,561,2408,747417,0.01,1330,2255.34,,,0.007855829782783985,161854,0.0001
-17.12,561,2412,750027,0.01,1335,2277.64,,,0.022261234000325203,162506,0.0001
-17.1,561,2416,752343,0.01,1339,2291.77,,,0.008744160644710064,163085,0.0001
-17.08,561,2420,754819,0.01,1343,2301.74,,,0.00910654105246067,163704,0.0001
-17.12,561,2424,756913,0.01,1347,2299.18,,,0.010949836112558842,164228,0.0001
-16.98,561,2428,759499,0.01,1351,2314.41,,,0.008518972434103489,164874,0.0001
-16.99,561,2432,761871,0.01,1356,2313.28,,,0.022102024406194687,165467,0.0001
-17.02,561,2436,764201,0.01,1360,2319.34,,,0.012601758353412151,166050,0.0001
-16.97,561,2440,766670,0.01,1364,2337.81,,,0.005353692453354597,166667,0.0001
-16.96,561,2444,768979,0.01,1368,2343.45,,,0.004038006998598576,167244,0.0001
-16.97,561,2448,771147,0.01,1372,2332.32,,,0.0151772890239954,167786,0.0001
-16.93,561,2452,773316,0.01,1376,2330.49,,,0.007787697948515415,168328,0.0001
-16.91,561,2456,775775,0.01,1381,2332.15,,,0.007015516981482506,168943,0.0001
-16.89,561,2460,778375,0.01,1385,2340.43,,,0.0078065600246191025,169593,0.0001
-16.76,561,2464,780795,0.01,1389,2350.5,,,0.0024438095279037952,170198,0.0001
-16.68,561,2468,783186,0.01,1394,2363.56,,,0.014126128517091274,170796,0.0001
-16.54,561,2472,785687,0.01,1398,2370.16,,,0.013629371300339699,171421,0.0001
-16.59,561,2476,787715,0.01,1402,2361.72,,,0.020017996430397034,171928,0.0001
-16.6,561,2480,790027,0.01,1406,2368.67,,,0.01769724115729332,172506,0.0001
-16.44,561,2484,792499,0.01,1410,2378.09,,,0.015904081985354424,173124,0.0001
-16.39,561,2488,795019,0.01,1415,2387.18,,,0.007025460246950388,173754,0.0001
-16.44,561,2492,796991,0.01,1418,2372.42,,,0.004357341676950455,174247,0.0001
-16.49,561,2496,798920,0.01,1422,2351.02,,,0.00966211874037981,174729,0.0001
,,,800000,0.01,,,-14.1,2734.45,0.007109385449439287,174999,0.0001
-16.39,554,2500,801054,0.01,1443,2349.67,,,0.014602625742554665,175263,0.0001
-16.38,554,2504,803153,0.01,1447,2338.55,,,0.019233927130699158,175788,0.0001
-16.28,554,2508,805441,0.01,1451,2343.25,,,0.011285430751740932,176360,0.0001
-16.33,555,2512,807453,0.01,1454,2319.38,,,0.006545614451169968,176863,0.0001
-16.36,555,2516,809711,0.01,1458,2316.71,,,0.01046720240265131,177427,0.0001
-16.38,555,2520,811894,0.01,1462,2305.21,,,0.007195013575255871,177973,0.0001
-16.18,555,2524,814234,0.01,1466,2314.81,,,0.006852519232779741,178558,0.0001
-16.32,555,2528,816194,0.01,1470,2290.12,,,0.020931143313646317,179048,0.0001
-16.46,555,2532,818347,0.01,1474,2281.61,,,0.0066266437061131,179586,0.0001
-16.48,555,2536,820551,0.01,1478,2276.31,,,0.010662900283932686,180137,0.0001
-16.48,555,2540,822955,0.01,1482,2273.07,,,0.018988417461514473,180738,0.0001
-16.33,555,2544,825592,0.01,1487,2286.12,,,0.005217177327722311,181397,0.0001
-16.38,555,2548,827641,0.01,1490,2281.37,,,0.010705946013331413,181910,0.0001
-16.35,555,2552,829503,0.01,1494,2268.9,,,0.007217279635369778,182375,0.0001
-16.45,555,2556,831628,0.01,1497,2255.78,,,0.015491383150219917,182906,0.0001
-16.45,555,2560,833737,0.01,1501,2236.09,,,0.007829745300114155,183434,0.0001
-16.42,555,2564,835816,0.01,1505,2222.33,,,0.0038713093381375074,183953,0.0001
-16.34,555,2568,837888,0.01,1509,2209.95,,,0.008706322871148586,184471,0.0001
-16.44,555,2572,839950,0.01,1512,2192.06,,,0.006228435784578323,184987,0.0001
-16.32,555,2576,841985,0.01,1516,2192.56,,,0.004370829090476036,185496,0.0001
-16.28,555,2580,844228,0.01,1520,2190.12,,,0.0182978343218565,186056,0.0001
-16.24,555,2584,846534,0.01,1524,2183.31,,,0.012304886244237423,186633,0.0001
-16.09,555,2588,848504,0.01,1527,2161.36,,,0.017212340608239174,187125,0.0001
-15.96,555,2592,850718,0.01,1531,2170.75,,,0.01395158376544714,187679,0.0001
-15.86,555,2596,852857,0.01,1535,2178.96,,,0.013057840056717396,188214,0.0001
-15.83,555,2600,854876,0.01,1539,2174.28,,,0.031939975917339325,188718,0.0001
-15.73,555,2604,856994,0.01,1543,2175.11,,,0.010974401608109474,189248,0.0001
-15.76,555,2608,859024,0.01,1546,2164.8,,,0.007068397477269173,189755,0.0001
-15.78,555,2612,860955,0.01,1550,2161.55,,,0.01860698312520981,190238,0.0001
-15.66,555,2616,863112,0.01,1554,2157.62,,,0.011507755145430565,190777,0.0001
-15.58,555,2620,865262,0.01,1557,2156.06,,,0.006752275861799717,191315,0.0001
-15.57,555,2624,867318,0.01,1561,2145.14,,,0.027583276852965355,191829,0.0001
-15.48,555,2628,869492,0.01,1565,2153.97,,,0.021457640454173088,192372,0.0001
-15.18,555,2632,871740,0.01,1569,2157.6,,,0.03278101980686188,192934,0.0001
-15.07,555,2636,873915,0.01,1573,2156.68,,,0.008985083550214767,193478,0.0001
-14.96,555,2640,876220,0.01,1577,2152.83,,,0.010844025760889053,194054,0.0001
-14.99,555,2644,878508,0.01,1581,2139.04,,,0.030475446954369545,194626,0.0001
-14.9,555,2648,880643,0.01,1585,2142.37,,,0.012633456848561764,195160,0.0001
-14.73,555,2652,883041,0.01,1589,2164.16,,,0.009270078502595425,195760,0.0001
-14.56,555,2656,885366,0.01,1593,2171.92,,,0.010468395426869392,196341,0.0001
-14.47,555,2660,887794,0.01,1598,2184.71,,,0.00712614506483078,196948,0.0001
-14.5,555,2664,889886,0.01,1601,2185.15,,,0.036615315824747086,197471,0.0001
-14.53,555,2668,891967,0.01,1605,2185.34,,,0.011721662245690823,197991,0.0001
-14.45,555,2672,894238,0.01,1609,2193.8,,,0.021574189886450768,198559,0.0001
-14.46,555,2676,896381,0.01,1613,2198.18,,,0.008162432350218296,199095,0.0001
-14.33,555,2680,898755,0.01,1617,2203.12,,,0.011970674619078636,199688,0.0001
,,,900000,0.01,,,-16.4,2003.65,0.0064030420035123825,199999,0.0001
-14.36,551,2684,900876,0.01,1634,2196.1,,,0.006053146906197071,200218,0.0001
-14.41,551,2688,903152,0.01,1638,2208.55,,,0.005223039072006941,200787,0.0001
-14.41,551,2692,905440,0.01,1642,2211.86,,,0.010005989111959934,201359,0.0001
-14.47,551,2696,907531,0.01,1645,2209.87,,,0.015693023800849915,201882,0.0001
-14.38,551,2700,909902,0.01,1650,2224.39,,,0.017958341166377068,202475,0.0001
-14.36,551,2704,912023,0.01,1654,2224.21,,,0.010968632064759731,203005,0.0001
-14.2,551,2708,914472,0.01,1658,2240.75,,,0.012506844475865364,203617,0.0001
-14.03,551,2712,916847,0.01,1662,2259.07,,,0.007005325518548489,204211,0.0001
-13.97,551,2716,919136,0.01,1666,2264.16,,,0.007780526299029589,204783,0.0001
-13.91,551,2720,921506,0.01,1671,2272.96,,,0.012617970816791058,205376,0.0001
-13.87,551,2724,923758,0.01,1675,2280.81,,,0.019486721605062485,205939,0.0001
-13.82,551,2728,926303,0.01,1679,2295.15,,,0.011635031551122665,206575,0.0001
-13.91,551,2732,928851,0.01,1684,2306.75,,,0.023581277579069138,207212,0.0001
-13.91,551,2736,930997,0.01,1688,2305.45,,,0.029706083238124847,207749,0.0001
-13.81,551,2740,933650,0.01,1692,2319.7,,,0.01760396547615528,208412,0.0001
-13.83,551,2744,936097,0.01,1697,2326.32,,,0.012660407461225986,209024,0.0001
-13.79,551,2748,938354,0.01,1701,2331.27,,,0.008584053255617619,209588,0.0001
-13.82,551,2752,940670,0.01,1705,2327.89,,,0.005494054406881332,210167,0.0001
-13.91,551,2756,943059,0.01,1709,2330.74,,,0.006827269680798054,210764,0.0001
-13.92,551,2760,945581,0.01,1714,2334.86,,,0.012925948016345501,211395,0.0001
-13.83,551,2764,948146,0.01,1718,2353.68,,,0.01072785072028637,212036,0.0001
-13.7,551,2768,951070,0.01,1723,2387.14,,,0.006901900749653578,212767,0.0001
-13.67,551,2772,953614,0.01,1728,2398.08,,,0.003460424253717065,213403,0.0001
-13.61,551,2776,956155,0.01,1732,2413.77,,,0.005325420293956995,214038,0.0001
-13.6,551,2780,958758,0.01,1737,2423.0,,,0.012417437508702278,214689,0.0001
-13.61,551,2784,961128,0.01,1741,2432.86,,,0.007126550190150738,215281,0.0001
-13.59,551,2788,963762,0.01,1746,2446.91,,,0.01272130198776722,215940,0.0001
-13.54,551,2792,966314,0.01,1751,2457.5,,,0.008191204629838467,216578,0.0001
-13.33,551,2796,969136,0.01,1756,2486.88,,,0.009656195528805256,217283,0.0001
-13.33,551,2800,971731,0.01,1760,2495.63,,,0.007532882504165173,217932,0.0001
-13.31,551,2804,974546,0.01,1765,2523.3,,,0.009967520833015442,218636,0.0001
-13.34,551,2808,977044,0.01,1770,2525.54,,,0.008659678511321545,219260,0.0001
-13.32,551,2812,979606,0.01,1774,2533.16,,,0.013703210279345512,219901,0.0001
-13.4,551,2816,982333,0.01,1779,2550.27,,,0.012950996868312359,220583,0.0001
-13.47,551,2820,984749,0.01,1784,2552.41,,,0.006636178120970726,221187,0.0001
-13.56,551,2824,987097,0.01,1788,2556.14,,,0.02743886411190033,221774,0.0001
-13.63,551,2828,989452,0.01,1792,2548.87,,,0.005459217354655266,222362,0.0001
-13.65,551,2832,991656,0.01,1796,2535.31,,,0.015306388959288597,222913,0.0001
-13.48,551,2836,994594,0.01,1801,2567.22,,,0.022791922092437744,223648,0.0001
-13.61,552,2840,997144,0.01,1806,2563.29,,,0.023027386516332626,224285,0.0001
-13.55,552,2844,999750,0.01,1810,2569.35,,,0.02191072702407837,224937,0.0001
,,,1000000,0.01,,,-13.0,2679.9,0.008734140545129776,224999,0.0001
-13.53,546,2848,1002366,0.01,1832,2583.64,,,0.011544408276677132,225591,0.0001
-13.49,547,2852,1004985,0.01,1837,2595.5,,,0.02144094556570053,226246,0.0001
-13.39,547,2856,1007704,0.01,1842,2608.57,,,0.013035548850893974,226925,0.0001
-13.38,547,2860,1010478,0.01,1847,2618.67,,,0.01447045523673296,227619,0.0001
-13.35,547,2864,1013249,0.01,1852,2627.06,,,0.025833476334810257,228312,0.0001
-13.33,547,2868,1016375,0.01,1857,2635.2,,,0.011665137484669685,229093,0.0001
-13.34,547,2872,1019081,0.01,1862,2641.52,,,0.007308667059987783,229770,0.0001
-13.24,547,2876,1022045,0.01,1867,2658.87,,,0.009999251924455166,230511,0.0001
-13.2,547,2880,1024708,0.01,1872,2661.41,,,0.0115073062479496,231176,0.0001
-12.98,547,2884,1027803,0.01,1877,2690.07,,,0.03243786469101906,231950,0.0001
-13.0,547,2888,1030521,0.01,1882,2693.7,,,0.00710504874587059,232630,0.0001
-13.05,547,2892,1033441,0.01,1887,2708.26,,,0.017629511654376984,233360,0.0001
-13.15,547,2896,1036112,0.01,1892,2702.12,,,0.009335759095847607,234027,0.0001
-13.07,547,2900,1039437,0.01,1898,2731.57,,,0.008962544612586498,234859,0.0001
-13.01,547,2904,1042213,0.01,1903,2730.14,,,0.003220758866518736,235553,0.0001
-13.02,547,2908,1044962,0.01,1908,2740.26,,,0.009165104478597641,236240,0.0001
-13.08,547,2912,1047686,0.01,1913,2746.03,,,0.007385980803519487,236921,0.0001
-12.92,547,2916,1050667,0.01,1918,2756.81,,,0.011093830689787865,237666,0.0001
-12.83,547,2920,1053590,0.01,1923,2776.96,,,0.010082709603011608,238397,0.0001
-12.69,547,2924,1056641,0.01,1929,2805.08,,,0.012975212186574936,239160,0.0001
-12.47,547,2928,1060063,0.01,1935,2847.35,,,0.01952323690056801,240015,0.0001
-12.4,547,2932,1062763,0.01,1940,2867.28,,,0.02443312108516693,240690,0.0001
-12.46,547,2936,1065539,0.01,1945,2861.14,,,0.018435582518577576,241384,0.0001
-12.48,547,2940,1068234,0.01,1949,2866.65,,,0.009697621688246727,242058,0.0001
-12.38,547,2944,1070994,0.01,1954,2872.48,,,0.003877471201121807,242748,0.0001
-12.25,547,2948,1074071,0.01,1960,2890.94,,,0.004037945531308651,243517,0.0001
-12.27,547,2952,1076921,0.01,1965,2900.25,,,0.014301745221018791,244230,0.0001
-12.37,547,2956,1079572,0.01,1970,2897.81,,,0.01633598282933235,244892,0.0001
-12.35,547,2960,1082333,0.01,1975,2896.9,,,0.01575460098683834,245583,0.0001
-12.34,548,2964,1085249,0.01,1980,2902.47,,,0.015852952376008034,246312,0.0001
-12.27,548,2968,1088502,0.01,1986,2907.7,,,0.01718326099216938,247125,0.0001
-12.29,548,2972,1091473,0.01,1991,2918.61,,,0.018245704472064972,247868,0.0001
-12.42,548,2976,1093794,0.01,1995,2892.36,,,0.013191033154726028,248448,0.0001
-12.39,548,2980,1096707,0.01,2000,2902.42,,,0.011224129237234592,249176,0.0001
-12.56,548,2984,1099525,0.01,2005,2891.41,,,0.00763971172273159,249881,0.0001
,,,1100000,0.01,,,-12.4,2925.5,0.02108447439968586,249999,0.0001
-12.38,543,2988,1102554,0.01,2029,2903.72,,,0.011307306587696075,250638,0.0001
-12.24,543,2992,1105651,0.01,2035,2910.88,,,0.013303996063768864,251412,0.0001
-11.96,543,2996,1108689,0.01,2040,2926.03,,,0.010027889162302017,252172,0.0001
-12.15,543,3000,1111313,0.01,2045,2897.57,,,0.008876065723598003,252828,0.0001
-12.16,543,3004,1114150,0.01,2050,2899.98,,,0.007706854026764631,253537,0.0001
-12.14,543,3008,1117018,0.01,2055,2904.62,,,0.012513726018369198,254254,0.0001
-12.06,543,3012,1120001,0.01,2060,2915.06,,,0.011636867187917233,255000,0.0001
-12.03,543,3016,1123321,0.01,2066,2928.43,,,0.007776585873216391,255830,0.0001
-12.15,543,3020,1125854,0.01,2071,2912.88,,,0.008571617305278778,256463,0.0001
-12.25,543,3024,1128535,0.01,2075,2898.05,,,0.005683363415300846,257133,0.0001
-12.4,543,3028,1131278,0.01,2080,2871.13,,,0.003373525571078062,257819,0.0001
-12.39,543,3032,1134119,0.01,2085,2876.49,,,0.00803398434072733,258529,0.0001
-12.39,543,3036,1136823,0.01,2090,2872.87,,,0.005761642940342426,259205,0.0001
-12.38,543,3040,1139501,0.01,2095,2872.33,,,0.01298718061298132,259875,0.0001
-12.36,543,3044,1142534,0.01,2100,2883.17,,,0.007099962327629328,260633,0.0001
-12.35,543,3048,1145653,0.01,2106,2884.88,,,0.009110424667596817,261413,0.0001
-12.39,543,3052,1148427,0.01,2111,2881.83,,,0.008269323967397213,262106,0.0001
-12.14,544,3056,1151462,0.01,2116,2896.96,,,0.006513064727187157,262865,0.0001
-12.18,544,3060,1154211,0.01,2121,2896.91,,,0.009378836490213871,263552,0.0001
-12.14,544,3064,1157064,0.01,2126,2894.75,,,0.017871500924229622,264265,0.0001
-12.3,544,3068,1159741,0.01,2131,2871.58,,,0.010601827874779701,264935,0.0001
-12.3,544,3072,1162361,0.01,2136,2857.22,,,0.007959815673530102,265590,0.0001
-12.17,544,3076,1165010,0.01,2140,2870.84,,,0.009366014041006565,266252,0.0001
-12.28,544,3080,1168109,0.01,2146,2878.43,,,0.00898444838821888,267027,0.0001
-12.23,544,3084,1171444,0.01,2152,2899.25,,,0.012548350729048252,267860,0.0001
-12.29,544,3088,1174769,0.01,2158,2910.92,,,0.025679420679807663,268692,0.0001
-12.36,544,3092,1177993,0.01,2164,2915.88,,,0.02417571283876896,269498,0.0001
-12.44,544,3096,1181260,0.01,2169,2924.57,,,0.004075194243341684,270314,0.0001
-12.32,544,3100,1184141,0.01,2175,2935.05,,,0.006629622541368008,271035,0.0001
-12.27,544,3104,1187221,0.01,2180,2944.43,,,0.008350838907063007,271805,0.0001
-12.22,544,3108,1190147,0.01,2185,2946.58,,,0.013638139702379704,272536,0.0001
-12.22,544,3112,1193114,0.01,2191,2946.16,,,0.006255268584936857,273278,0.0001
-12.28,544,3116,1196236,0.01,2196,2938.44,,,0.01950802095234394,274058,0.0001
-12.11,544,3120,1199203,0.01,2201,2955.74,,,0.010055294260382652,274800,0.0001
,,,1200000,0.01,,,-11.5,3268.05,0.005996337626129389,274999,0.0001
-12.03,539,3124,1202301,0.01,2228,2972.24,,,0.008199848234653473,275575,0.0001
-12.07,539,3128,1204945,0.01,2232,2968.17,,,0.015395039692521095,276236,0.0001
-12.05,539,3132,1207957,0.01,2238,2975.38,,,0.010685654357075691,276989,0.0001
-11.89,539,3136,1211283,0.01,2244,3000.57,,,0.008280210196971893,277820,0.0001
-11.7,539,3140,1214186,0.01,2249,3009.34,,,0.011573989875614643,278546,0.0001
-11.77,539,3144,1217124,0.01,2254,3005.77,,,0.005217655561864376,279280,0.0001
-11.81,539,3148,1220055,0.01,2259,2998.4,,,0.006539457011967897,280013,0.0001
-11.76,539,3152,1222891,0.01,2264,3001.02,,,0.012306793592870235,280722,0.0001
-11.89,540,3156,1225827,0.01,2270,2997.5,,,0.008879223838448524,281456,0.0001
-11.81,540,3160,1229196,0.01,2276,3022.02,,,0.006310153286904097,282298,0.0001
-11.81,540,3164,1232374,0.01,2281,3035.16,,,0.019974667578935623,283093,0.0001
-11.55,540,3168,1236068,0.01,2288,3076.18,,,0.008841635659337044,284016,0.0001
-11.32,540,3172,1239470,0.01,2295,3107.59,,,0.009967442601919174,284867,0.0001
-11.2,540,3176,1243010,0.01,2301,3142.56,,,0.01870502531528473,285752,0.0001
-10.99,540,3180,1246507,0.01,2308,3158.42,,,0.016810590401291847,286626,0.0001
-11.01,540,3184,1249336,0.01,2313,3138.0,,,0.011805705726146698,287333,0.0001
-11.02,540,3188,1252509,0.01,2319,3132.07,,,0.006952499970793724,288127,0.0001
-10.81,540,3192,1256166,0.01,2326,3149.66,,,0.02867836505174637,289041,0.0001
-10.81,540,3196,1259620,0.01,2332,3157.4,,,0.006010998971760273,289904,0.0001
-10.72,540,3200,1262854,0.01,2338,3171.62,,,0.03429809585213661,290713,0.0001
-10.77,540,3204,1266128,0.01,2344,3179.53,,,0.02037815749645233,291531,0.0001
-10.74,540,3208,1269413,0.01,2350,3194.2,,,0.004353187046945095,292353,0.0001
-10.59,540,3212,1272927,0.01,2356,3215.67,,,0.010958238504827023,293231,0.0001
-10.61,540,3216,1275869,0.01,2362,3208.43,,,0.009991854429244995,293967,0.0001
-10.54,540,3220,1279280,0.01,2368,3226.15,,,0.009955320507287979,294819,0.0001
-10.47,540,3224,1282512,0.01,2373,3232.05,,,0.016134588047862053,295627,0.0001
-10.33,540,3228,1285580,0.01,2379,3249.11,,,0.013156723231077194,296394,0.0001
-10.32,540,3232,1288758,0.01,2385,3255.44,,,0.009553046897053719,297189,0.0001
-10.42,540,3236,1292069,0.01,2390,3254.61,,,0.02406027913093567,298017,0.0001
-10.51,540,3240,1294993,0.01,2396,3255.73,,,0.007522982079535723,298748,0.0001
-10.4,540,3244,1298532,0.01,2402,3279.73,,,0.007845818065106869,299632,0.0001
,,,1300000,0.01,,,-8.85,3760.05,0.014285286888480186,299999,0.0001
-10.4,535,3248,1301940,0.01,2432,3298.67,,,0.009687423706054688,300484,0.0001
-10.42,535,3252,1304853,0.01,2437,3301.43,,,0.004644069354981184,301213,0.0001
-10.34,535,3256,1307904,0.01,2442,3305.59,,,0.008142147213220596,301975,0.0001
-10.29,535,3260,1311509,0.01,2449,3314.94,,,0.017908237874507904,302877,0.0001
-10.11,535,3264,1315266,0.01,2456,3338.06,,,0.011513917706906796,303816,0.0001
-10.24,535,3268,1318355,0.01,2461,3313.62,,,0.005281414836645126,304588,0.0001
-10.39,535,3272,1321523,0.01,2467,3303.93,,,0.0048183780163526535,305380,0.0001
-10.49,535,3276,1324652,0.01,2472,3287.93,,,0.005008043721318245,306162,0.0001
-10.51,535,3280,1328364,0.01,2479,3296.71,,,0.006884457543492317,307090,0.0001
-10.44,535,3284,1331792,0.01,2485,3320.71,,,0.026348045095801353,307947,0.0001
-10.4,535,3288,1335331,0.01,2491,3335.62,,,0.006947839166969061,308832,0.0001
-10.52,535,3292,1338604,0.01,2497,3320.03,,,0.03593043237924576,309650,0.0001
-10.55,535,3296,1341876,0.01,2503,3312.58,,,0.017836757004261017,310468,0.0001
-10.53,536,3300,1345125,0.01,2509,3312.91,,,0.02961011789739132,311281,0.0001
-10.48,536,3304,1348694,0.01,2515,3325.07,,,0.01798664964735508,312173,0.0001
-10.33,536,3308,1352381,0.01,2522,3340.95,,,0.009698258712887764,313095,0.0001
-10.34,536,3312,1356109,0.01,2528,3349.93,,,0.010174744762480259,314027,0.0001
-10.22,536,3316,1359562,0.01,2535,3370.42,,,0.008206312544643879,314890,0.0001
-10.25,536,3320,1363290,0.01,2541,3383.14,,,0.025485143065452576,315822,0.0001
-10.31,536,3324,1366455,0.01,2547,3380.02,,,0.03647240251302719,316613,0.0001
-10.21,536,3328,1370331,0.01,2554,3412.2,,,0.005323365330696106,317582,0.0001
-10.15,536,3332,1373569,0.01,2560,3414.91,,,0.022181402891874313,318392,0.0001
-9.81,536,3336,1377748,0.01,2567,3450.22,,,0.039123743772506714,319436,0.0001
-9.75,536,3340,1380825,0.01,2573,3456.36,,,0.006398279219865799,320206,0.0001
-9.72,536,3344,1384157,0.01,2578,3447.95,,,0.007950651459395885,321039,0.0001
-9.64,536,3348,1387423,0.01,2584,3442.41,,,0.019320927560329437,321855,0.0001
-9.57,536,3352,1390494,0.01,2590,3448.92,,,0.008535775355994701,322623,0.0001
-9.63,536,3356,1393988,0.01,2596,3466.76,,,0.00964520126581192,323496,0.0001
-9.73,536,3360,1396931,0.01,2601,3440.49,,,0.011237910017371178,324232,0.0001
,,,1400000,0.01,,,-10.2,3435.3,0.007071946747601032,324999,0.0001
-9.79,532,3364,1401407,0.01,2631,3469.04,,,0.007380683906376362,325351,0.0001
-9.66,532,3368,1405460,0.01,2638,3508.0,,,0.012574362568557262,326364,0.0001
-9.68,532,3372,1408834,0.01,2644,3516.62,,,0.01429837942123413,327208,0.0001
-9.52,532,3376,1412655,0.01,2651,3544.32,,,0.018208077177405357,328163,0.0001
-9.41,532,3380,1416782,0.01,2658,3560.37,,,0.010454754345119,329195,0.0001
-9.29,532,3384,1421027,0.01,2666,3592.81,,,0.004314799793064594,330256,0.0001
-9.34,533,3388,1424656,0.01,2672,3596.26,,,0.0039652250707149506,331163,0.0001
-9.42,533,3392,1428025,0.01,2678,3600.0,,,0.020105872303247452,332006,0.0001
-9.42,533,3396,1431542,0.01,2684,3609.9,,,0.021579211577773094,332885,0.0001
-9.47,533,3400,1434818,0.01,2690,3611.12,,,0.019368760287761688,333704,0.0001
-9.36,533,3404,1438484,0.01,2697,3614.75,,,0.009786739945411682,334620,0.0001
-9.32,533,3408,1442154,0.01,2703,3613.94,,,0.008719213306903839,335538,0.0001
-9.37,533,3412,1446095,0.01,2710,3622.2,,,0.00444799056276679,336523,0.0001
-9.45,533,3416,1449789,0.01,2717,3631.67,,,0.0030143591575324535,337447,0.0001
-9.41,533,3420,1453473,0.01,2723,3629.58,,,0.011987169273197651,338368,0.0001
-9.37,533,3424,1456853,0.01,2729,3638.47,,,0.02652159333229065,339213,0.0001
-9.5,533,3428,1459874,0.01,2735,3604.57,,,0.008031833916902542,339968,0.0001
-9.43,533,3432,1464096,0.01,2742,3643.64,,,0.006269334815442562,341023,0.0001
-9.71,533,3436,1467487,0.01,2748,3611.56,,,0.003653160762041807,341871,0.0001
-9.67,533,3440,1471358,0.01,2755,3643.29,,,0.03996267914772034,342839,0.0001
-9.51,533,3444,1475342,0.01,2762,3669.26,,,0.01809621974825859,343835,0.0001
-9.47,534,3448,1478962,0.01,2769,3683.27,,,0.00409323675557971,344740,0.0001
-9.56,534,3452,1482149,0.01,2774,3687.95,,,0.011341970413923264,345537,0.0001
-9.42,534,3456,1486081,0.01,2781,3705.48,,,0.019869687035679817,346520,0.0001
-9.32,534,3460,1489678,0.01,2788,3731.55,,,0.0479060560464859,347419,0.0001
-9.39,534,3464,1493207,0.01,2794,3693.72,,,0.04351850599050522,348301,0.0001
-9.52,534,3468,1496668,0.01,2800,3669.76,,,0.015159265138208866,349166,0.0001
,,,1500000,0.01,,,-8.55,4147.9,0.005482440814375877,349999,0.0001
-9.39,529,3472,1500532,0.01,2833,3688.95,,,0.0118369460105896,350132,0.0001
-9.23,529,3476,1504426,0.01,2840,3691.58,,,0.003750242991372943,351106,0.0001
-9.45,529,3480,1507734,0.01,2846,3658.85,,,0.01025199145078659,351933,0.0001
-9.62,529,3484,1511257,0.01,2852,3630.12,,,0.010552381165325642,352814,0.0001
-9.45,529,3488,1515237,0.01,2859,3644.17,,,0.009607795625925064,353809,0.0001
-9.29,529,3492,1519259,0.01,2867,3670.64,,,0.006773235276341438,354814,0.0001
-9.19,529,3496,1523238,0.01,2874,3688.93,,,0.009471332654356956,355809,0.0001
-9.2,530,3500,1526925,0.01,2880,3705.22,,,0.018655583262443542,356731,0.0001
-9.29,530,3504,1530447,0.01,2887,3699.71,,,0.012339446693658829,357611,0.0001
-9.23,530,3508,1534829,0.01,2894,3728.17,,,0.00901273638010025,358707,0.0001
-9.24,530,3512,1538777,0.01,2901,3728.33,,,0.004188759718090296,359694,0.0001
-8.99,530,3516,1543094,0.01,2909,3753.31,,,0.006535273976624012,360773,0.0001
-9.13,530,3520,1546324,0.01,2915,3735.35,,,0.00524256844073534,361580,0.0001
-8.99,530,3524,1550569,0.01,2923,3769.77,,,0.012377100065350533,362642,0.0001
-8.99,530,3528,1554256,0.01,2929,3796.32,,,0.011915596202015877,363563,0.0001
-8.93,530,3532,1558394,0.01,2936,3793.12,,,0.029529571533203125,364598,0.0001
-8.81,530,3536,1562414,0.01,2944,3818.33,,,0.008148607797920704,365603,0.0001
-8.83,530,3540,1566322,0.01,2950,3819.57,,,0.014861790463328362,366580,0.0001
-8.98,530,3544,1570094,0.01,2957,3811.7,,,0.02744055539369583,367523,0.0001
-8.99,530,3548,1574218,0.01,2965,3831.84,,,0.00444039748981595,368554,0.0001
-8.75,530,3552,1578375,0.01,2972,3870.32,,,0.005704114213585854,369593,0.0001
-8.8,531,3556,1582366,0.01,2979,3872.79,,,0.005609266459941864,370591,0.0001
-8.79,531,3560,1586144,0.01,2986,3880.05,,,0.009295000694692135,371535,0.0001
-8.78,531,3564,1589840,0.01,2993,3886.65,,,0.004054301884025335,372459,0.0001
-8.71,531,3568,1593493,0.01,2999,3894.29,,,0.012161025777459145,373373,0.0001
-8.7,531,3572,1597405,0.01,3006,3896.5,,,0.004161104094237089,374351,0.0001
,,,1600000,0.01,,,-4.9,4545.8,0.006430754903703928,374999,0.0001
-8.76,526,3576,1601493,0.01,3042,3904.41,,,0.0047507197596132755,375373,0.0001
-8.6,526,3580,1605605,0.01,3049,3936.61,,,0.009966601617634296,376401,0.0001
-8.58,526,3584,1609149,0.01,3056,3937.5,,,0.013728516176342964,377287,0.0001
-8.62,526,3588,1613326,0.01,3063,3945.07,,,0.006138858385384083,378331,0.0001
-8.7,526,3592,1617308,0.01,3070,3943.67,,,0.009722656570374966,379326,0.0001
-8.8,526,3596,1621303,0.01,3077,3944.61,,,0.004534568637609482,380325,0.0001
-8.79,526,3600,1624931,0.01,3084,3942.33,,,0.00610001478344202,381232,0.0001
-8.62,526,3604,1629063,0.01,3091,3966.46,,,0.013035536743700504,382265,0.0001
-8.89,527,3608,1632966,0.01,3098,3947.3,,,0.004074138589203358,383241,0.0001
-8.86,527,3612,1636531,0.01,3104,3932.09,,,0.019438225775957108,384132,0.0001
-9.1,527,3616,1640051,0.01,3111,3900.21,,,0.007852649316191673,385012,0.0001
-9.02,527,3620,1643703,0.01,3117,3917.21,,,0.0029970265459269285,385925,0.0001
-8.96,527,3624,1647948,0.01,3125,3917.27,,,0.023027453571558,386986,0.0001
-8.93,527,3628,1651489,0.01,3131,3911.26,,,0.024557922035455704,387872,0.0001
-8.93,527,3632,1655448,0.01,3138,3903.85,,,0.007045512553304434,388861,0.0001
-8.82,527,3636,1659950,0.01,3146,3923.33,,,0.0041198330000042915,389987,0.0001
-8.67,527,3640,1663799,0.01,3153,3920.92,,,0.007799243554472923,390949,0.0001
-8.59,527,3644,1667918,0.01,3160,3934.54,,,0.009199435822665691,391979,0.0001
-8.66,527,3648,1671673,0.01,3167,3919.78,,,0.008452494628727436,392918,0.0001
-8.56,527,3652,1676618,0.01,3176,3951.69,,,0.0039263698272407055,394154,0.0001
-8.57,527,3656,1680578,0.01,3183,3950.15,,,0.0060643404722213745,395144,0.0001
-8.51,528,3660,1684590,0.01,3190,3959.48,,,0.008101772516965866,396147,0.0001
-8.51,528,3664,1688642,0.01,3197,3973.61,,,0.006318862549960613,397160,0.0001
-8.29,528,3668,1693017,0.01,3205,4002.39,,,0.014414198696613312,398254,0.0001
-8.19,528,3672,1697608,0.01,3213,4029.29,,,0.012662297114729881,399401,0.0001
,,,1700000,0.01,,,-6.05,4039.9,0.009689729660749435,399999,0.0001
-8.31,524,3676,1702101,0.01,3246,4045.14,,,0.01880335621535778,400525,0.0001
-8.2,524,3680,1706245,0.01,3253,4046.52,,,0.028923725709319115,401561,0.0001
-8.01,524,3684,1710544,0.01,3261,4076.82,,,0.00963582843542099,402635,0.0001
-8.16,524,3688,1713732,0.01,3267,4037.31,,,0.011867676861584187,403432,0.0001
-8.17,524,3692,1717650,0.01,3274,4034.32,,,0.01274904329329729,404412,0.0001
-8.18,524,3696,1721571,0.01,3281,4031.3,,,0.006983173079788685,405392,0.0001
-8.21,524,3700,1725044,0.01,3287,4025.19,,,0.01110599935054779,406260,0.0001
-8.2,524,3704,1729189,0.01,3294,4025.75,,,0.005740769673138857,407297,0.0001
-8.22,524,3708,1732878,0.01,3301,4017.19,,,0.004393207374960184,408219,0.0001
-8.24,524,3712,1736465,0.01,3307,4018.11,,,0.005310884211212397,409116,0.0001
-8.11,525,3716,1740875,0.01,3315,4053.37,,,0.03313880413770676,410218,0.0001
-7.96,525,3720,1745148,0.01,3323,4077.97,,,0.004773365333676338,411286,0.0001
-7.93,525,3724,1749773,0.01,3331,4092.96,,,0.013770852237939835,412443,0.0001
-7.58,525,3728,1753784,0.01,3338,4111.7,,,0.009679531678557396,413445,0.0001
-7.48,525,3732,1757889,0.01,3346,4117.79,,,0.0043704514391720295,414472,0.0001
-7.55,525,3736,1761664,0.01,3352,4088.36,,,0.02245750091969967,415415,0.0001
-7.59,525,3740,1766075,0.01,3360,4111.18,,,0.015662766993045807,416518,0.0001
-7.85,525,3744,1769530,0.01,3366,4084.54,,,0.006633690558373928,417382,0.0001
-7.81,525,3748,1773101,0.01,3373,4077.02,,,0.01843138039112091,418275,0.0001
-7.96,525,3752,1776862,0.01,3379,4029.52,,,0.006383580155670643,419215,0.0001
-7.77,525,3756,1781266,0.01,3387,4047.38,,,0.008967428468167782,420316,0.0001
-7.87,525,3760,1784588,0.01,3393,4019.61,,,0.007116334512829781,421146,0.0001
-7.9,525,3764,1788523,0.01,3400,4015.02,,,0.004608524031937122,422130,0.0001
-8.0,525,3768,1793043,0.01,3408,4020.85,,,0.007653478533029556,423260,0.0001
-7.91,526,3772,1797439,0.01,3416,4013.23,,,0.015626011416316032,424359,0.0001
,,,1800000,0.01,,,-3.8,4814.45,0.008883081376552582,424999,0.0001
-7.77,521,3776,1802097,0.01,3455,4020.59,,,0.003606711979955435,425524,0.0001
-7.83,521,3780,1806772,0.01,3463,4042.02,,,0.023257184773683548,426692,0.0001
-7.86,521,3784,1811172,0.01,3471,4045.86,,,0.006649086717516184,427792,0.0001
-7.79,521,3788,1815345,0.01,3479,4085.55,,,0.010935518890619278,428836,0.0001
-7.55,521,3792,1820350,0.01,3488,4129.18,,,0.006080465391278267,430087,0.0001
-7.34,521,3796,1824928,0.01,3496,4155.56,,,0.008303982205688953,431231,0.0001
-7.14,522,3800,1829740,0.01,3504,4208.98,,,0.009571739472448826,432434,0.0001
-7.24,522,3804,1834185,0.01,3512,4220.93,,,0.008148770779371262,433546,0.0001
-7.03,522,3808,1838149,0.01,3519,4231.91,,,0.04517760127782822,434537,0.0001
-6.93,522,3812,1842243,0.01,3526,4252.12,,,0.006470310036092997,435560,0.0001
-6.88,522,3816,1846563,0.01,3534,4248.73,,,0.008752462454140186,436640,0.0001
-6.96,522,3820,1850536,0.01,3541,4236.85,,,0.010755178518593311,437633,0.0001
-6.8,522,3824,1854972,0.01,3549,4229.39,,,0.008921387605369091,438742,0.0001
-7.07,522,3828,1858789,0.01,3556,4221.78,,,0.026260459795594215,439697,0.0001
-7.02,522,3832,1863762,0.01,3565,4256.33,,,0.006610476411879063,440940,0.0001
-7.22,522,3836,1867496,0.01,3571,4255.03,,,0.010059702210128307,441873,0.0001
-7.27,522,3840,1871157,0.01,3578,4224.72,,,0.013104800134897232,442789,0.0001
-7.0,523,3844,1875662,0.01,3586,4266.81,,,0.003364359959959984,443915,0.0001
-6.85,523,3848,1879893,0.01,3593,4293.43,,,0.01814126968383789,444973,0.0001
-6.79,523,3852,1884113,0.01,3601,4312.0,,,0.006066293455660343,446028,0.0001
-6.8,523,3856,1888590,0.01,3609,4314.74,,,0.022852417081594467,447147,0.0001
-6.53,523,3860,1893170,0.01,3617,4365.27,,,0.006327223964035511,448292,0.0001
-6.39,523,3864,1897516,0.01,3625,4381.37,,,0.006946825888007879,449378,0.0001
,,,1900000,0.01,,,-6.55,4213.75,0.04142769053578377,449999,0.0001
-6.49,519,3868,1901705,0.01,3659,4368.17,,,0.014272087253630161,450426,0.0001
-6.5,519,3872,1906614,0.01,3668,4388.85,,,0.00407490786164999,451653,0.0001
-6.59,519,3876,1910923,0.01,3675,4374.54,,,0.004267135169357061,452730,0.0001
-6.55,519,3880,1915142,0.01,3683,4355.96,,,0.016513844951987267,453785,0.0001
-6.64,520,3884,1918794,0.01,3689,4326.21,,,0.002577701350674033,454698,0.0001
-6.6,520,3888,1922551,0.01,3696,4309.31,,,0.007847831584513187,455637,0.0001
-6.68,520,3892,1926532,0.01,3703,4268.38,,,0.010132993571460247,456632,0.0001
-6.69,520,3896,1930491,0.01,3710,4243.43,,,0.0029495111666619778,457622,0.0001
-6.75,520,3900,1934397,0.01,3717,4207.1,,,0.03713582083582878,458599,0.0001
-6.77,520,3904,1938631,0.01,3725,4198.54,,,0.017685284838080406,459657,0.0001
-6.78,520,3908,1943013,0.01,3733,4215.33,,,0.013638925738632679,460753,0.0001
-6.8,520,3912,1946616,0.01,3739,4196.05,,,0.010565362870693207,461653,0.0001
-6.84,520,3916,1950304,0.01,3745,4170.5,,,0.0050484538078308105,462575,0.0001
-6.68,520,3920,1954675,0.01,3753,4186.31,,,0.018135275691747665,463668,0.0001
-6.84,520,3924,1958891,0.01,3761,4177.68,,,0.0033762259408831596,464722,0.0001
-6.71,520,3928,1963165,0.01,3768,4195.84,,,0.007085542194545269,465791,0.0001
-6.86,520,3932,1967360,0.01,3776,4164.68,,,0.004046912770718336,466839,0.0001
-6.68,521,3936,1971471,0.01,3783,4179.93,,,0.011526709422469139,467867,0.0001
-6.63,521,3940,1975235,0.01,3790,4184.32,,,0.00957734975963831,468808,0.0001
-6.69,521,3944,1979293,0.01,3797,4166.56,,,0.0028130407445132732,469823,0.0001
-6.44,521,3948,1984392,0.01,3806,4200.89,,,0.007221098989248276,471097,0.0001
-6.39,521,3952,1988933,0.01,3814,4213.7,,,0.006527029909193516,472233,0.0001
-6.44,521,3956,1993102,0.01,3822,4201.57,,,0.004230491351336241,473275,0.0001
-6.56,521,3960,1997534,0.01,3830,4195.82,,,0.0020644296891987324,474383,0.0001
,,,2000000,0.01,,,-4.65,4975.55,0.0038267469499260187,474999,0.0001
