rollout/ep_rew_mean,time/iterations,time/fps,time/time_elapsed,rollout/ep_len_mean,time/total_timesteps,train/n_updates,train/learning_rate,train/value_loss,train/clip_fraction,train/approx_kl,train/policy_gradient_loss,train/entropy_loss,train/loss,train/clip_range,train/explained_variance,eval/mean_ep_length,eval/mean_reward
-147.33333333333334,1,2402,0,45.09090909090909,2048,,,,,,,,,,,,
-162.19480519480518,2,2648,1,46.74025974025974,4096,4,0.0001,3344.4313201904297,0.0,5.5969664e-05,-4.466023528948426e-05,-1.386275552213192,1535.2496337890625,0.2,8.338689804077148e-05,,
-154.36,3,2976,2,45.51,6144,8,0.0001,2765.8855895996094,0.0,0.0013957699,0.00023001345107331872,-1.3852590695023537,1144.7733154296875,0.2,0.0018384456634521484,,
-176.0,4,3189,2,48.32,8192,12,0.0001,2809.3657836914062,0.0870361328125,0.011519058,0.0005134023376740515,-1.3817609027028084,1378.06103515625,0.2,0.00214308500289917,,
-193.85,5,3336,3,51.68,10240,16,0.0001,2667.3350524902344,0.0494384765625,0.007099891,-0.002199321083026007,-1.3782840445637703,1213.01513671875,0.2,0.001102149486541748,,
-194.97,6,3423,3,52.75,12288,20,0.0001,3796.291549682617,0.098388671875,0.009153198,0.0011689664970617741,-1.3721947744488716,1802.3214111328125,0.2,-0.022240400314331055,,
-191.9,7,3506,4,52.05,14336,24,0.0001,3821.519577026367,0.3990478515625,0.030387772,0.012032854108838364,-1.3556653410196304,1702.231201171875,0.2,-0.018256306648254395,,
-190.45,8,3568,4,51.85,16384,28,0.0001,3646.332290649414,0.315673828125,0.012322619,0.008700074133230373,-1.3253203704953194,2015.0711669921875,0.2,-0.004708051681518555,,
-181.96,9,3620,5,51.72,18432,32,0.0001,3706.6822662353516,0.1365966796875,0.008975422,-0.0022774632670916617,-1.3225840702652931,1743.9603271484375,0.2,0.003709256649017334,,
-187.41,10,3660,5,53.62,20480,36,0.0001,4070.7132263183594,0.106689453125,0.005221664,-0.0033900126873049885,-1.306772418320179,1893.8629150390625,0.2,0.0032556653022766113,,
-195.69,11,3699,6,55.12,22528,40,0.0001,4131.804122924805,0.02880859375,0.0012607775,8.112681098282337e-05,-1.2896369397640228,1975.0828857421875,0.2,0.00457608699798584,,
-207.63,12,3724,6,56.59,24576,44,0.0001,3107.749008178711,0.561279296875,0.02206229,0.048066774441394955,-1.3147358819842339,1360.540771484375,0.2,0.011579334735870361,,
,,,,,24992,48,0.0001,3162.4173889160156,0.2401123046875,0.03298631,0.008392849878873676,-1.2393002957105637,1548.6187744140625,0.2,0.02737337350845337,75.0,-300.0
-209.65,13,3149,8,56.42,26624,,,,,,,,,,,,
-208.35,14,3196,8,55.32,28672,52,0.0001,3667.6248626708984,0.2943115234375,0.01589017,0.011581360711716115,-1.2110798582434654,1932.322021484375,0.2,-0.005653977394104004,,
-220.92,15,3242,9,57.47,30720,56,0.0001,3226.6873779296875,0.201416015625,0.01410087,0.01591662084683776,-1.2207415625452995,1604.0394287109375,0.2,-0.0002574920654296875,,
-214.49,16,3279,9,57.11,32768,60,0.0001,2666.219551086426,0.1246337890625,0.007891048,0.004798937821760774,-1.253718763589859,1283.2930908203125,0.2,0.01894354820251465,,
-206.5,17,3314,10,56.08,34816,64,0.0001,3926.1857147216797,0.212646484375,0.02927258,0.00535715147270821,-1.314163587987423,1724.9617919921875,0.2,0.008296012878417969,,
-196.33,18,3346,11,54.14,36864,68,0.0001,4462.892822265625,0.0594482421875,0.007438772,0.0008066724985837936,-1.3283748403191566,2211.845947265625,0.2,0.012366652488708496,,
-198.8,19,3374,11,54.14,38912,72,0.0001,3709.5549926757812,0.2337646484375,0.015254333,0.006214235443621874,-1.314547322690487,1855.0955810546875,0.2,0.00711512565612793,,
-164.56,20,3400,12,48.68,40960,76,0.0001,4222.804168701172,0.18115234375,0.0074692573,3.986194496974349e-05,-1.2373807728290558,2197.10205078125,0.2,-0.0017837285995483398,,
-145.16,21,3420,12,45.19,43008,80,0.0001,4784.01123046875,0.152587890625,0.01069817,-0.00413975419360213,-1.343831829726696,2384.6953125,0.2,0.005190789699554443,,
-147.42,22,3441,13,45.49,45056,84,0.0001,4051.083938598633,0.102294921875,0.0128968,-0.003415476967347786,-1.3253314644098282,2174.51025390625,0.2,0.0093536376953125,,
-155.18,23,3463,13,46.13,47104,88,0.0001,4907.9300537109375,0.02685546875,0.005052999,-0.00011193493264727294,-1.3207283467054367,2104.144775390625,0.2,0.010319828987121582,,
-188.65,24,3479,14,51.24,49152,92,0.0001,4270.972839355469,0.0662841796875,0.0045788907,-0.0018364163697697222,-1.2975172102451324,2436.69921875,0.2,-0.010413765907287598,,
,,,,,49984,96,0.0001,3742.9107971191406,0.0887451171875,0.008993867,0.005211635259911418,-1.2799342274665833,1830.7125244140625,0.2,0.01390761137008667,75.0,-300.0
-183.9,25,3221,15,50.34,51200,,,,,,,,,,,,
-181.22,26,3244,16,49.2,53248,100,0.0001,4837.800811767578,0.1680908203125,0.010891937,0.00421166728483513,-1.2852112725377083,2193.2607421875,0.2,-0.0023306608200073242,,
-191.13,27,3269,16,50.31,55296,104,0.0001,3367.6797637939453,0.0887451171875,0.0054652146,0.001799262099666521,-1.2692690417170525,1476.7611083984375,0.2,-0.009261012077331543,,
-168.96,28,3290,17,47.25,57344,108,0.0001,4518.787689208984,0.1572265625,0.0063078403,-0.0006129197427071631,-1.3561425805091858,2302.173828125,0.2,0.009086668491363525,,
-180.48,29,3311,17,48.99,59392,112,0.0001,4450.911346435547,0.0955810546875,0.0063861185,-0.0029427059926092625,-1.293642520904541,2035.62646484375,0.2,0.01680612564086914,,
-160.28,30,3331,18,45.88,61440,116,0.0001,3897.9669647216797,0.0,0.0026762756,0.0015399490657728165,-1.324192114174366,1974.5220947265625,0.2,0.0039942264556884766,,
-174.56,31,3351,18,48.63,63488,120,0.0001,4625.015319824219,0.1190185546875,0.01130352,0.000937483215238899,-1.3119888007640839,2570.61279296875,0.2,0.00768435001373291,,
-177.74,32,3369,19,49.24,65536,124,0.0001,3905.5620727539062,0.0352783203125,0.012802648,0.000202060560695827,-1.2760625556111336,1935.9820556640625,0.2,0.010400891304016113,,
-182.63,33,3388,19,50.07,67584,128,0.0001,3946.2632446289062,0.20361328125,0.017835306,0.005435145285446197,-1.3279672786593437,1675.4658203125,0.2,0.018758773803710938,,
-163.76,34,3403,20,47.04,69632,132,0.0001,4532.632827758789,0.0020751953125,0.004778943,0.0009528785012662411,-1.3557332456111908,2300.61669921875,0.2,0.011624693870544434,,
-168.07,35,3419,20,48.08,71680,136,0.0001,5540.810516357422,0.116943359375,0.020131404,0.0005221693427301943,-1.3775818720459938,2812.50537109375,0.2,0.005905330181121826,,
-161.26,36,3430,21,46.28,73728,140,0.0001,3824.5686950683594,0.090087890625,0.019515282,0.002743636548984796,-1.3734988197684288,1597.87939453125,0.2,0.014364004135131836,,
,,,,,74976,144,0.0001,4123.171401977539,0.085205078125,0.0047684787,0.0007404398347716779,-1.3603181689977646,2120.062255859375,0.2,0.007449984550476074,75.0,-300.0
-143.36,37,3262,23,43.08,75776,,,,,,,,,,,,
-159.06,38,3277,23,46.66,77824,148,0.0001,4601.682769775391,0.0,0.0026430278,-0.0006936666904948652,-1.3681584894657135,2526.005126953125,0.2,0.028824329376220703,,
-177.06,39,3293,24,49.74,79872,152,0.0001,4142.188827514648,0.0469970703125,0.010603996,-0.0011912767658941448,-1.3413934409618378,2199.801513671875,0.2,0.026420891284942627,,
-157.68,40,3304,24,45.95,81920,156,0.0001,3783.162796020508,0.0296630859375,0.002565323,-0.0009620530472602695,-1.3283727169036865,2026.70556640625,0.2,0.011665046215057373,,
-181.08,41,3320,25,48.58,83968,160,0.0001,4414.738723754883,0.085205078125,0.014290035,-0.001008439197903499,-1.3323979452252388,2163.53369140625,0.2,0.027889788150787354,,
-197.51,42,3332,25,51.06,86016,164,0.0001,3246.822769165039,0.0621337890625,0.009320418,0.00138033481198363,-1.320915974676609,1606.6719970703125,0.2,0.02488034963607788,,
-187.17,43,3344,26,49.15,88064,168,0.0001,4587.60856628418,0.1617431640625,0.011731444,0.0008074026554822922,-1.3155249506235123,2040.1690673828125,0.2,0.021311938762664795,,
-193.16,44,3355,26,50.48,90112,172,0.0001,4047.287841796875,0.1055908203125,0.00919291,0.000511116610141471,-1.2853064611554146,2067.81982421875,0.2,0.01036137342453003,,
-211.53,45,3368,27,53.8,92160,176,0.0001,3516.2216186523438,0.158447265625,0.015616426,0.0001605855068191886,-1.281292386353016,1557.1610107421875,0.2,0.013497412204742432,,
-208.5,46,3378,27,54.34,94208,180,0.0001,3178.4580688476562,0.0277099609375,0.0029732164,0.00015726726269349456,-1.2962855845689774,1898.1025390625,0.2,0.04226195812225342,,
-204.14,47,3390,28,53.34,96256,184,0.0001,4221.045791625977,0.0657958984375,0.0060035526,-0.0003054423432331532,-1.2986347302794456,2080.509033203125,0.2,0.03207564353942871,,
-198.74,48,3400,28,52.75,98304,188,0.0001,3900.9677124023438,0.026611328125,0.010647564,-0.002398198688752018,-1.2732499465346336,1899.0933837890625,0.2,0.035490453243255615,,
,,,,,99968,192,0.0001,3281.0213623046875,0.043701171875,0.010637807,-0.0005423994443845004,-1.299335204064846,1550.4686279296875,0.2,0.04982084035873413,75.0,-300.0
-209.39,49,3277,30,53.72,100352,,,,,,,,,,,,
-162.65,50,3290,31,46.06,102400,196,0.0001,4348.891662597656,0.0404052734375,0.011483932,-0.0007715676911175251,-1.3166624009609222,2141.66650390625,0.2,0.04545408487319946,,
-153.47,51,3302,31,43.96,104448,200,0.0001,4978.412017822266,0.0592041015625,0.009629693,-0.005062212701886892,-1.3257141187787056,2212.191650390625,0.2,0.00628894567489624,,
-154.01,52,3312,32,43.69,106496,204,0.0001,5066.474639892578,0.012451171875,0.010954373,-0.0010677806858438998,-1.3110229521989822,2401.11669921875,0.2,0.04108196496963501,,
-158.9,53,3324,32,44.62,108544,208,0.0001,5469.649749755859,0.127685546875,0.008521178,-0.0016766568878665566,-1.3193040043115616,2831.882568359375,0.2,0.013663172721862793,,
-175.21,54,3335,33,46.95,110592,212,0.0001,4347.2679443359375,0.0738525390625,0.010614555,0.00013559876242652535,-1.3437124639749527,2035.0545654296875,0.2,0.02900785207748413,,
-154.61,55,3345,33,44.36,112640,216,0.0001,4152.200378417969,0.251953125,0.025655033,0.00396450943662785,-1.3503739386796951,2063.254150390625,0.2,0.04473143815994263,,
-140.91,56,3356,34,43.03,114688,220,0.0001,6147.535430908203,0.0711669921875,0.004461298,-9.693762694951147e-05,-1.354807861149311,2913.4912109375,0.2,0.0533718466758728,,
-167.69,57,3369,34,47.11,116736,224,0.0001,4608.940856933594,0.022705078125,0.0068687345,-0.0008072613272815943,-1.3149857744574547,2297.686767578125,0.2,0.05885976552963257,,
-162.75,58,3380,35,45.63,118784,228,0.0001,3917.8362884521484,0.0001220703125,0.0028330581,-0.00024325487902387977,-1.2722819596529007,1926.107177734375,0.2,0.05410689115524292,,
-171.63,59,3390,35,46.3,120832,232,0.0001,4275.2822265625,0.0531005859375,0.013638307,0.0015450803039129823,-1.3130528628826141,2279.49072265625,0.2,0.0636368989944458,,
-157.58,60,3398,36,43.94,122880,236,0.0001,4045.3856811523438,0.0,0.004538386,0.0001015221350826323,-1.320196993649006,1807.1787109375,0.2,0.05306762456893921,,
-160.08,61,3407,36,44.47,124928,240,0.0001,4879.356170654297,0.072021484375,0.013582509,-0.0027540000446606427,-1.355873093008995,2276.1240234375,0.2,0.09799349308013916,,
,,,,,124960,244,0.0001,4258.6119384765625,0.04736328125,0.0022797198,-0.0005493526696227491,-1.3290264457464218,1861.2366943359375,0.2,0.08095616102218628,59.5,-289.95
-154.96,62,3327,38,43.93,126976,,,,,,,,,,,,
-163.74,63,3335,38,45.38,129024,248,0.0001,5127.4901123046875,0.0711669921875,0.008786852,0.0012129369715694338,-1.360645666718483,2564.019775390625,0.2,0.11466431617736816,,
-166.39,64,3344,39,45.73,131072,252,0.0001,3820.9380950927734,0.03955078125,0.009868552,-0.0012481983576435596,-1.3184875547885895,1624.5364990234375,0.2,0.13743048906326294,,
-151.09,65,3352,39,42.88,133120,256,0.0001,4473.48518371582,0.0,0.0028413422,0.0003689971927087754,-1.3276530876755714,2157.30224609375,0.2,0.15302836894989014,,
-163.41,66,3360,40,44.92,135168,260,0.0001,4540.848236083984,0.0283203125,0.0076216925,-0.0013843019551131874,-1.3023593574762344,2482.351806640625,0.2,0.14274024963378906,,
-175.07,67,3367,40,46.24,137216,264,0.0001,3924.6714477539062,0.0350341796875,0.0034624739,0.0008239260350819677,-1.324696660041809,1950.7088623046875,0.2,0.20388126373291016,,
-142.59,68,3374,41,41.24,139264,268,0.0001,4121.727432250977,0.0660400390625,0.0076139094,-0.0027838488458655775,-1.3051794543862343,1938.9178466796875,0.2,0.2019866704940796,,
-159.29,69,3382,41,44.22,141312,272,0.0001,3950.8858642578125,0.072265625,0.010768499,-0.001841254997998476,-1.2919116020202637,1850.8658447265625,0.2,0.25326961278915405,,
-161.59,70,3388,42,45.12,143360,276,0.0001,3672.1444396972656,0.035400390625,0.00878777,-0.001364002557238564,-1.2862885519862175,1896.7049560546875,0.2,0.23905020952224731,,
-173.69,71,3395,42,46.93,145408,280,0.0001,4460.408660888672,0.0677490234375,0.0057138754,-0.0005726279341615736,-1.2788547053933144,2074.708984375,0.2,0.30863410234451294,,
-157.36,72,3402,43,44.25,147456,284,0.0001,2904.258514404297,0.0579833984375,0.007844107,-0.0003036643611267209,-1.2407143712043762,1295.7159423828125,0.2,0.184281587600708,,
-155.26,73,3409,43,43.98,149504,288,0.0001,4241.447418212891,0.0606689453125,0.004221688,-0.00236583553487435,-1.2091222181916237,2068.3935546875,0.2,0.26040124893188477,,
,,,,,149952,292,0.0001,3570.6493377685547,0.0191650390625,0.0053901887,-0.0015542429755441844,-1.1889571398496628,1878.6829833984375,0.2,0.26842212677001953,54.15,-186.3
-179.79,74,3346,45,47.91,151552,,,,,,,,,,,,
-160.74,75,3352,45,45.18,153600,296,0.0001,3804.1031036376953,0.0428466796875,0.005579268,-0.0006603043584618717,-1.2057872787117958,2088.3271484375,0.2,0.2825571298599243,,
-171.71,76,3360,46,46.88,155648,300,0.0001,3865.2649841308594,0.091552734375,0.0101838,-0.0009157300228253007,-1.250671125948429,1852.9893798828125,0.2,0.28636080026626587,,
-184.48,77,3367,46,48.42,157696,304,0.0001,3234.570281982422,0.026123046875,0.0041946927,-0.0008482782286591828,-1.242327906191349,1656.2412109375,0.2,0.3445517420768738,,
-166.94,78,3374,47,45.69,159744,308,0.0001,3391.953582763672,0.092041015625,0.007613522,-0.0022007364023011178,-1.2906591594219208,1711.7786865234375,0.2,0.3854835629463196,,
-140.14,79,3380,47,41.74,161792,312,0.0001,4096.816253662109,0.012451171875,0.005376783,6.7623594077304e-05,-1.2535794004797935,2022.7286376953125,0.2,0.35218095779418945,,
-123.18,80,3386,48,39.22,163840,316,0.0001,3464.924560546875,0.0150146484375,0.006575673,-0.0005347665573935956,-1.2609961181879044,1600.95458984375,0.2,0.4419403672218323,,
-113.29,81,3392,48,37.43,165888,320,0.0001,3060.221405029297,0.0640869140625,0.012464281,-0.0027108782378491014,-1.1798861920833588,1587.4534912109375,0.2,0.5554189682006836,,
-118.79,82,3397,49,38.51,167936,324,0.0001,3517.1808471679688,0.0789794921875,0.009656712,0.0006695116753689945,-1.2087426409125328,1486.9954833984375,0.2,0.5600571036338806,,
-152.15,83,3403,49,43.94,169984,328,0.0001,3373.2101440429688,0.1534423828125,0.0075415256,0.0025791283405851573,-1.2295833677053452,1619.9755859375,0.2,0.4554119110107422,,
-149.19,84,3409,50,43.82,172032,332,0.0001,3628.3091430664062,0.0706787109375,0.0069412263,0.0003424728929530829,-1.2321204021573067,1979.553466796875,0.2,0.41011518239974976,,
-140.04,85,3415,50,42.71,174080,336,0.0001,2761.2809448242188,0.066162109375,0.005333163,-0.0009326476720161736,-1.216192752122879,1400.59228515625,0.2,0.5652722120285034,,
,,,,,174944,340,0.0001,3270.5330963134766,0.10693359375,0.009039372,0.0008492264314554632,-1.2023074552416801,1825.7325439453125,0.2,0.491965115070343,66.75,-261.0
-178.62,86,3351,52,48.63,176128,,,,,,,,,,,,
-141.49,87,3356,53,42.05,178176,344,0.0001,2601.025909423828,0.029052734375,0.0029249564,0.0019007041701115668,-1.1835906580090523,1359.6309814453125,0.2,0.5582138895988464,,
-143.87,88,3361,53,42.16,180224,348,0.0001,2888.3106689453125,0.1673583984375,0.0048942445,0.0004209013859508559,-1.0961857438087463,1404.586669921875,0.2,0.6679238677024841,,
-152.89,89,3367,54,42.99,182272,352,0.0001,2407.2050170898438,0.146484375,0.0055133747,0.0005210012313909829,-1.1528776809573174,1105.65869140625,0.2,0.6017270088195801,,
-123.25,90,3371,54,38.25,184320,356,0.0001,3679.1013793945312,0.168701171875,0.012610169,0.005419870823970996,-1.1636350974440575,1852.2412109375,0.2,0.48866361379623413,,
-120.12,91,3376,55,37.7,186368,360,0.0001,3267.811004638672,0.06640625,0.010783651,-0.00021013672812841833,-1.124318890273571,1769.3934326171875,0.2,0.6022423505783081,,
-120.6,92,3381,55,37.53,188416,364,0.0001,2862.265151977539,0.06689453125,0.0041305777,-0.0037833164096809924,-1.1397826373577118,1482.9925537109375,0.2,0.623670220375061,,
-128.73,93,3385,56,38.32,190464,368,0.0001,2796.9793548583984,0.0709228515625,0.007859965,-0.0004912884760415182,-1.1721505299210548,1390.7213134765625,0.2,0.6657010316848755,,
-122.79,94,3390,56,37.57,192512,372,0.0001,3327.7281799316406,0.070556640625,0.016270794,-0.0005330274871084839,-1.1736846715211868,1725.6741943359375,0.2,0.5713186264038086,,
-140.81,95,3395,57,41.49,194560,376,0.0001,4617.3695068359375,0.18115234375,0.003121397,0.002627638663398102,-1.2103390842676163,2323.5283203125,0.2,0.5660435557365417,,
-112.88,96,3398,57,37.53,196608,380,0.0001,5925.423583984375,0.113037109375,0.017204963,0.00015736027853563428,-1.1753549426794052,2628.4609375,0.2,0.3628976345062256,,
-75.78,97,3403,58,31.78,198656,384,0.0001,5155.640228271484,0.054931640625,0.005378981,-0.00031618657521903515,-1.1659916266798973,2525.750732421875,0.2,0.4854270815849304,,
,,,,,199936,388,0.0001,4403.884033203125,0.10107421875,0.009191487,-0.0036227773525752127,-1.1597149521112442,2061.604736328125,0.2,0.41973400115966797,27.85,-70.6
-33.32,98,3377,59,25.53,200704,,,,,,,,,,,,
-43.46,99,3381,59,26.58,202752,392,0.0001,4906.6041259765625,0.0882568359375,0.021794308,0.0009040476870723069,-1.1641137301921844,2190.167724609375,0.2,0.23302531242370605,,
-69.03,100,3384,60,29.79,204800,396,0.0001,4150.063949584961,0.0491943359375,0.009275829,0.003278608142863959,-1.1779648661613464,1966.5794677734375,0.2,0.15875649452209473,,
-80.43,101,3389,61,31.49,206848,400,0.0001,3595.2235717773438,0.098388671875,0.006002587,0.0007195089419838041,-1.1296797022223473,1693.22607421875,0.2,0.3097383975982666,,
-50.55,102,3393,61,27.35,208896,404,0.0001,4035.9932250976562,0.168701171875,0.009027436,-0.0034561046049930155,-1.1320383697748184,2022.4241943359375,0.2,0.3447423577308655,,
-48.55,103,3396,62,27.45,210944,408,0.0001,4746.900482177734,0.0548095703125,0.009417392,-0.0008597261912655085,-1.0509401187300682,2349.08740234375,0.2,0.37745803594589233,,
-47.66,104,3399,62,26.96,212992,412,0.0001,4361.130065917969,0.0760498046875,0.008161042,-0.0020005796977784485,-1.0153686180710793,2201.36962890625,0.2,0.41070276498794556,,
-70.38,105,3403,63,30.56,215040,416,0.0001,4058.3135681152344,0.035888671875,0.0067012445,0.0003045804041903466,-0.9981179349124432,1803.191162109375,0.2,0.49250471591949463,,
-81.87,106,3407,63,32.49,217088,420,0.0001,3231.238815307617,0.172607421875,0.023212185,0.006716744013829157,-1.0663882493972778,1473.3631591796875,0.2,0.5563594102859497,,
-87.09,107,3411,64,33.46,219136,424,0.0001,3650.399673461914,0.1932373046875,0.0069666617,0.005933065956924111,-1.054997518658638,1694.4495849609375,0.2,0.4887236952781677,,
-82.75,108,3415,64,32.66,221184,428,0.0001,3188.8197479248047,0.10498046875,0.004749197,-0.0017541354172863066,-1.0386106558144093,1572.1990966796875,0.2,0.5305774211883545,,
-93.99,109,3420,65,34.5,223232,432,0.0001,3586.346649169922,0.056396484375,0.0016002529,-0.0002343251253478229,-0.9528898634016514,1844.5408935546875,0.2,0.4938077926635742,,
,,,,,224928,436,0.0001,3311.6739654541016,0.058837890625,0.0025899266,0.001158172235591337,-0.9482416100800037,1438.9322509765625,0.2,0.522049069404602,45.05,-148.75
-107.2,110,3385,66,36.87,225280,,,,,,,,,,,,
-57.76,111,3389,67,29.06,227328,440,0.0001,3231.2157592773438,0.0352783203125,0.004462132,0.0010802933538798243,-0.9164356142282486,1646.23046875,0.2,0.597092866897583,,
-80.21,112,3393,67,32.56,229376,444,0.0001,3171.408218383789,0.0423583984375,0.0032874392,-0.0028171522717457265,-0.9397932179272175,1483.7056884765625,0.2,0.6661865711212158,,
-90.76,113,3397,68,34.07,231424,448,0.0001,3219.0221557617188,0.04541015625,0.006428387,-0.0007339018047787249,-0.9830096326768398,1507.3463134765625,0.2,0.6054548025131226,,
-24.59,114,3399,68,23.62,233472,452,0.0001,3464.3704528808594,0.1190185546875,0.009216823,-0.0031937371531967074,-1.07352926582098,1728.1378173828125,0.2,0.6315000653266907,,
-24.98,115,3403,69,23.75,235520,456,0.0001,3957.9593048095703,0.0887451171875,0.008398611,-0.0021069693902973086,-1.1308709606528282,1903.0615234375,0.2,0.6304805278778076,,
-32.33,116,3405,69,24.98,237568,460,0.0001,2867.8145294189453,0.134765625,0.006362294,0.0006744617712683976,-1.1703708618879318,1305.4769287109375,0.2,0.6697225570678711,,
-4.0,117,3408,70,20.28,239616,464,0.0001,3109.1276092529297,0.2010498046875,0.007896874,-0.0018657628679648042,-1.1732161194086075,1422.927490234375,0.2,0.6712411642074585,,
-21.81,118,3411,70,23.29,241664,468,0.0001,3086.7957916259766,0.236572265625,0.005364587,-0.0038076158380135894,-1.1894128248095512,1541.1932373046875,0.2,0.6511737704277039,,
10.91,119,3412,71,17.78,243712,472,0.0001,3030.4774627685547,0.1488037109375,0.014394648,-0.00881641695741564,-1.1969446390867233,1563.7464599609375,0.2,0.6396533250808716,,
12.16,120,3415,71,18.4,245760,476,0.0001,2599.5252685546875,0.145751953125,0.011766801,-0.0023415634059347212,-1.1822118684649467,1081.7960205078125,0.2,0.6723759770393372,,
17.13,121,3417,72,17.42,247808,480,0.0001,1634.9433670043945,0.1231689453125,0.0073464983,0.0017701199685689062,-1.1663620471954346,760.2255249023438,0.2,0.5924451351165771,,
-6.26,122,3419,73,21.03,249856,484,0.0001,1489.0848770141602,0.1990966796875,0.014878621,0.0007222696440294385,-1.1517377272248268,783.4237060546875,0.2,0.568980872631073,,
,,,,,249920,488,0.0001,2478.1763916015625,0.5283203125,0.115997955,0.04022512218216434,-1.100343406200409,1172.5147705078125,0.2,0.4783269762992859,44.85,-180.55
27.0,123,3386,74,15.46,251904,,,,,,,,,,,,
-14.8,124,3390,74,22.19,253952,492,0.0001,1442.2508850097656,0.2589111328125,0.016706564,0.02053829573560506,-1.0989152193069458,678.6053466796875,0.2,0.474851131439209,,
-39.93,125,3393,75,26.52,256000,496,0.0001,2431.8328399658203,0.1600341796875,0.006229266,0.007265246473252773,-1.174596719443798,952.909912109375,0.2,0.24344760179519653,,
-33.37,126,3395,75,25.64,258048,500,0.0001,2137.8384552001953,0.096923828125,0.0042695543,-0.0005721093621104956,-1.1163828447461128,1014.72265625,0.2,0.4957049489021301,,
-4.09,127,3397,76,20.08,260096,504,0.0001,2507.6505126953125,0.151123046875,0.009592878,-0.0058909093495458364,-1.017736878246069,1232.3265380859375,0.2,0.323910653591156,,
-9.92,128,3400,77,21.84,262144,508,0.0001,2616.0457763671875,0.1910400390625,0.0047998214,0.0001317753631155938,-1.0814878642559052,1257.84619140625,0.2,0.43776482343673706,,
10.16,129,3402,77,18.13,264192,512,0.0001,2161.0621490478516,0.0977783203125,0.009595296,-0.004707128799054772,-1.0082562454044819,1036.5164794921875,0.2,0.44185060262680054,,
-17.15,130,3405,78,23.07,266240,516,0.0001,2274.231414794922,0.110595703125,0.0027599053,-0.0013254373625386506,-1.0405584126710892,1097.1507568359375,0.2,0.4818341135978699,,
3.81,131,3407,78,19.07,268288,520,0.0001,2184.7994537353516,0.162353515625,0.011244062,-0.010695640346966684,-1.037032999098301,1069.2667236328125,0.2,0.543973445892334,,
10.73,132,3409,79,18.29,270336,524,0.0001,2289.612258911133,0.1708984375,0.008023601,-0.0007400579488603398,-1.0446298904716969,1139.381103515625,0.2,0.4486687183380127,,
21.63,133,3411,79,16.29,272384,528,0.0001,1341.8222427368164,0.2113037109375,0.009523206,0.004938958649290726,-0.9679918736219406,662.8697509765625,0.2,0.4090133309364319,,
44.67,134,3412,80,12.4,274432,532,0.0001,1413.9185409545898,0.35498046875,0.03642184,0.008766724087763578,-1.0239504352211952,695.2489624023438,0.2,0.46046382188796997,,
,,,,,274912,536,0.0001,1084.5814933776855,0.177978515625,0.0066139726,0.002251023077405989,-1.0792645886540413,476.53863525390625,0.2,0.4464707374572754,17.55,7.75
33.41,135,3399,81,14.51,276480,,,,,,,,,,,,
35.69,136,3401,81,13.93,278528,540,0.0001,1110.6537246704102,0.1571044921875,0.01517068,-0.011027154017938301,-1.0775315016508102,629.0151977539062,0.2,0.4956209659576416,,
43.92,137,3402,82,12.62,280576,544,0.0001,1170.8752670288086,0.2701416015625,0.017090563,-0.01657458208501339,-1.0675139725208282,591.7081298828125,0.2,0.44700831174850464,,
35.39,138,3404,83,14.13,282624,548,0.0001,854.5267448425293,0.111572265625,0.0048834775,-0.0032804649672470987,-1.0360946878790855,439.6455383300781,0.2,0.3539009094238281,,
32.67,139,3405,83,14.61,284672,552,0.0001,1028.8131980895996,0.0723876953125,0.005156704,0.0026964530698023736,-1.0826198160648346,499.3682556152344,0.2,0.18553704023361206,,
35.59,140,3405,84,14.14,286720,556,0.0001,1224.8105239868164,0.1622314453125,0.017786028,0.0008970702765509486,-1.0339568704366684,570.5951538085938,0.2,0.39801353216171265,,
47.9,141,3406,84,11.65,288768,560,0.0001,1022.0370864868164,0.102294921875,0.011452606,-0.003673432598588988,-0.9754566662013531,478.1296081542969,0.2,0.3936265707015991,,
48.48,142,3407,85,11.28,290816,564,0.0001,720.2020034790039,0.32861328125,0.020232424,0.014363404305186123,-0.9734402187168598,381.11505126953125,0.2,0.36470407247543335,,
48.97,143,3407,85,11.87,292864,568,0.0001,960.4780502319336,0.2987060546875,0.015658809,-0.004595902399159968,-0.9444513767957687,485.8932189941406,0.2,0.22285163402557373,,
43.86,144,3408,86,12.9,294912,572,0.0001,704.519660949707,0.1656494140625,0.02038531,-0.013516798993805423,-0.9342746213078499,349.120849609375,0.2,0.45202702283859253,,
51.31,145,3407,87,11.19,296960,576,0.0001,635.5662879943848,0.1383056640625,0.009791506,0.001540624856716022,-0.9579732827842236,304.00665283203125,0.2,0.38573330640792847,,
49.69,146,3407,87,11.55,299008,580,0.0001,566.2275314331055,0.08544921875,0.0076429695,-0.0017487751320004463,-0.9665042161941528,271.0746765136719,0.2,0.3977036476135254,,
,,,,,299904,584,0.0001,620.6827163696289,0.1778564453125,0.027094701,0.013508281903341413,-0.9923979938030243,322.88970947265625,0.2,0.3012935519218445,8.5,63.35
39.4,147,3399,88,13.77,301056,,,,,,,,,,,,
40.45,148,3399,89,13.39,303104,588,0.0001,1138.8177185058594,0.37109375,0.019673191,0.0005588187486864626,-0.9642805196344852,533.6747436523438,0.2,0.3931596279144287,,
56.85,149,3400,89,10.03,305152,592,0.0001,965.4586753845215,0.2694091796875,0.017552938,-0.000367696033208631,-0.8868947774171829,396.17767333984375,0.2,0.5320006608963013,,
56.66,150,3399,90,10.08,307200,596,0.0001,807.4091911315918,0.1510009765625,0.010428949,-5.4778356570750475e-05,-0.883319228887558,370.1569519042969,0.2,0.6430438756942749,,
49.66,151,3399,90,11.82,309248,600,0.0001,528.0626010894775,0.1810302734375,0.0101012755,0.005323787685483694,-0.936990462243557,265.21533203125,0.2,0.38299304246902466,,
43.13,152,3400,91,13.25,311296,604,0.0001,659.7329177856445,0.206298828125,0.013773017,0.005979238689178601,-0.9618043415248394,333.301025390625,0.2,0.3198258876800537,,
49.41,153,3400,92,12.06,313344,608,0.0001,720.1809234619141,0.1270751953125,0.007887047,0.003255126182921231,-0.9947623573243618,336.0017395019531,0.2,0.2727067470550537,,
59.75,154,3399,92,9.67,315392,612,0.0001,666.0299301147461,0.09619140625,0.010906957,-0.007560699101304635,-0.9872153289616108,310.19769287109375,0.2,0.35856592655181885,,
55.09,155,3399,93,10.68,317440,616,0.0001,536.8883590698242,0.165771484375,0.0069315154,0.0005842892278451473,-0.9310787431895733,252.65145874023438,0.2,0.42371517419815063,,
57.4,156,3399,93,10.21,319488,620,0.0001,471.28449630737305,0.1695556640625,0.027025325,0.007866418513003737,-0.9537146054208279,214.80169677734375,0.2,0.3797376751899719,,
47.84,157,3399,94,12.1,321536,624,0.0001,517.5251350402832,0.05908203125,0.0036265433,-0.0005245369102340192,-0.9533415250480175,237.52090454101562,0.2,0.3719739317893982,,
59.25,158,3399,95,9.81,323584,628,0.0001,634.864070892334,0.0567626953125,0.0057949787,-0.0023338861647062004,-0.9567784406244755,328.4564208984375,0.2,0.32366180419921875,,
,,,,,324896,632,0.0001,504.643310546875,0.069091796875,0.0035253891,-0.0035165310255251825,-0.925774835050106,232.67137145996094,0.2,0.38893216848373413,6.65,73.25
55.06,159,3393,95,10.83,325632,,,,,,,,,,,,
54.64,160,3392,96,11.11,327680,636,0.0001,590.924072265625,0.0511474609375,0.008427242,-0.0032725690689403564,-0.8876746334135532,270.6482849121094,0.2,0.4566195607185364,,
66.8,161,3391,97,8.38,329728,640,0.0001,782.2522506713867,0.077392578125,0.005897441,-0.0013585540582425892,-0.857602559030056,382.1109924316406,0.2,0.4933127164840698,,
60.68,162,3391,97,9.63,331776,644,0.0001,613.9702606201172,0.1749267578125,0.013038671,-0.004156614362727851,-0.8441359475255013,319.2480163574219,0.2,0.5540516376495361,,
54.89,163,3391,98,10.99,333824,648,0.0001,418.74264335632324,0.0953369140625,0.0091875605,0.008701326267328113,-0.819769412279129,193.17111206054688,0.2,0.5028225183486938,,
57.05,164,3392,99,10.57,335872,652,0.0001,509.5584964752197,0.07763671875,0.0031699575,0.004525949450908229,-0.9152933731675148,262.2913513183594,0.2,0.3081728219985962,,
62.67,165,3392,99,9.15,337920,656,0.0001,483.59879875183105,0.119873046875,0.011203295,-0.00013628724263980985,-0.8914442807435989,218.5375518798828,0.2,0.45486652851104736,,
61.19,166,3392,100,9.44,339968,660,0.0001,434.5879020690918,0.063720703125,0.0048803724,-0.0032051746384240687,-0.8198316432535648,243.82252502441406,0.2,0.39854270219802856,,
58.13,167,3391,100,10.04,342016,664,0.0001,368.90826416015625,0.0316162109375,0.005551533,0.005237277306150645,-0.8426232747733593,169.10818481445312,0.2,0.3733437657356262,,
50.59,168,3392,101,11.48,344064,668,0.0001,434.7954273223877,0.0269775390625,0.003200905,0.005361164890928194,-0.9238406755030155,211.107177734375,0.2,0.349079430103302,,
62.22,169,3392,102,9.37,346112,672,0.0001,634.3826789855957,0.1141357421875,0.0055924,-0.005944128934061155,-0.8715920932590961,277.2763671875,0.2,0.4694909453392029,,
61.9,170,3393,102,9.19,348160,676,0.0001,381.3567543029785,0.109619140625,0.008993324,-0.00048363949463237077,-0.8524901457130909,177.23541259765625,0.2,0.41441142559051514,,
,,,,,349888,680,0.0001,439.1881046295166,0.078369140625,0.010755453,0.0037757550016976893,-0.8540250845253468,238.23907470703125,0.2,0.3490326404571533,9.75,61.8
51.02,171,3388,103,11.63,350208,,,,,,,,,,,,
61.94,172,3388,103,9.53,352256,684,0.0001,680.547046661377,0.047607421875,0.007729808,0.0007821297040209174,-0.8485567159950733,362.6100769042969,0.2,0.42816460132598877,,
56.05,173,3389,104,10.93,354304,688,0.0001,546.2793197631836,0.0584716796875,0.005262542,-0.0014153994270600379,-0.8638156056404114,276.1429748535156,0.2,0.3120201826095581,,
58.28,174,3389,105,10.41,356352,692,0.0001,500.9490718841553,0.063720703125,0.0068756714,-0.0042351121082901955,-0.8109928667545319,227.788818359375,0.2,0.36472833156585693,,
55.76,175,3388,105,10.8,358400,696,0.0001,379.80363273620605,0.0892333984375,0.009968628,-0.00010681571438908577,-0.8359656296670437,179.5056610107422,0.2,0.3924500346183777,,
57.47,176,3388,106,10.47,360448,700,0.0001,472.7497844696045,0.1478271484375,0.009321788,0.007862141530495137,-0.8783897869288921,236.93142700195312,0.2,0.2832983136177063,,
62.11,177,3388,106,9.52,362496,704,0.0001,673.9353637695312,0.1312255859375,0.013180296,-0.006150650704512373,-0.8096698112785816,323.4267578125,0.2,0.4168264865875244,,
55.63,178,3389,107,10.92,364544,708,0.0001,538.6663761138916,0.1534423828125,0.022023033,0.0017181924486067146,-0.745041586458683,266.5536804199219,0.2,0.5470011234283447,,
54.69,179,3389,108,11.11,366592,712,0.0001,612.4322738647461,0.123779296875,0.00958279,5.6628225138410926e-05,-0.744989637285471,312.446533203125,0.2,0.5061976909637451,,
65.62,180,3388,108,8.71,368640,716,0.0001,565.7169189453125,0.067626953125,0.005389788,0.0014713458949699998,-0.7819534800946712,290.56622314453125,0.2,0.22312647104263306,,
59.64,181,3388,109,10.09,370688,720,0.0001,470.4869689941406,0.0745849609375,0.005843247,0.0007512492302339524,-0.8040197193622589,225.56002807617188,0.2,0.34107279777526855,,
61.28,182,3388,110,9.66,372736,724,0.0001,422.90790367126465,0.0634765625,0.0031007377,-0.0031710404437035322,-0.7795222960412502,199.34474182128906,0.2,0.37271398305892944,,
62.2,183,3388,110,9.3,374784,728,0.0001,325.5652484893799,0.078857421875,0.0056017227,-0.0015260710497386754,-0.8050268366932869,162.99237060546875,0.2,0.41453832387924194,,
,,,,,374880,732,0.0001,400.0419063568115,0.0504150390625,0.005154501,-0.0012947515933774412,-0.7756177186965942,184.7710418701172,0.2,0.3601440191268921,6.15,76.3
60.05,184,3383,111,9.73,376832,,,,,,,,,,,,
58.67,185,3383,111,10.02,378880,736,0.0001,438.3762664794922,0.09033203125,0.0050451593,0.0033064259914681315,-0.7791478224098682,218.39144897460938,0.2,0.33571141958236694,,
62.63,186,3383,112,9.16,380928,740,0.0001,317.79605865478516,0.0576171875,0.0047668973,2.0334962755441666e-05,-0.7716818749904633,164.67559814453125,0.2,0.43440836668014526,,
58.27,187,3383,113,10.07,382976,744,0.0001,413.9391860961914,0.122314453125,0.010483854,0.0043937553418800235,-0.7304956242442131,207.82241821289062,0.2,0.36660462617874146,,
62.09,188,3383,113,9.22,385024,748,0.0001,592.9373893737793,0.10888671875,0.019948207,0.0005451350298244506,-0.7216566130518913,270.9862365722656,0.2,0.45330893993377686,,
57.38,189,3382,114,10.53,387072,752,0.0001,413.8370819091797,0.123779296875,0.015747061,0.00041682604933157563,-0.7432941310107708,197.1401824951172,0.2,0.3551939129829407,,
65.04,190,3382,115,8.88,389120,756,0.0001,345.3115634918213,0.1156005859375,0.022454225,0.0019214063067920506,-0.7010512538254261,181.7981719970703,0.2,0.44726866483688354,,
60.88,191,3382,115,9.79,391168,760,0.0001,334.0357189178467,0.1136474609375,0.012212693,0.0012837947579100728,-0.7399679496884346,161.02542114257812,0.2,0.39964109659194946,,
60.16,192,3383,116,9.77,393216,764,0.0001,324.511043548584,0.0780029296875,0.00848203,0.002732529625063762,-0.7701825499534607,159.6959686279297,0.2,0.42984288930892944,,
59.72,193,3383,116,10.03,395264,768,0.0001,390.78656578063965,0.0870361328125,0.00986701,0.0037230935995467007,-0.7765203528106213,202.60186767578125,0.2,0.3342645764350891,,
64.06,194,3383,117,9.27,397312,772,0.0001,337.5191173553467,0.196044921875,0.018042568,0.008850549842463806,-0.81379609182477,167.32229614257812,0.2,0.4301984906196594,,
64.03,195,3383,118,9.17,399360,776,0.0001,320.98198318481445,0.1053466796875,0.011121092,-0.001432300836313516,-0.7879777811467648,162.92367553710938,0.2,0.3942815661430359,,
,,,,,399872,780,0.0001,254.8560390472412,0.131591796875,0.013242554,0.0013818087172694504,-0.7557080462574959,102.48809051513672,0.2,0.4725286364555359,8.45,67.4
63.39,196,3378,118,9.28,401408,,,,,,,,,,,,
