time/fps,rollout/ep_len_mean,time/episodes,rollout/exploration_rate,time/time_elapsed,time/total_timesteps,rollout/ep_rew_mean,eval/mean_reward,eval/mean_ep_length,train/learning_rate,train/n_updates,train/loss
936,851.25,4,0.99917731,0,831,-20.75,,,,,
967,856.0,8,0.9983417499999999,1,1675,-20.875,,,,,
985,864.4166666666666,12,0.99749332,2,2532,-20.666666666666668,,,,,
994,880.9375,16,0.9965894500000001,3,3445,-20.5,,,,,
999,882.35,20,0.9957321100000001,4,4311,-20.6,,,,,
1004,901.0,24,0.9947698300000001,5,5283,-20.5,,,,,
1007,897.0357142857143,28,0.99391744,6,6144,-20.5,,,,,
1008,892.875,32,0.99308485,6,6985,-20.53125,,,,,
1010,889.5,36,0.99225127,7,7827,-20.583333333333332,,,,,
1010,890.6,40,0.991387,8,8700,-20.575,,,,,
1010,889.7954545454545,44,0.99053758,9,9558,-20.613636363636363,,,,,
1011,891.125,48,0.9896624199999999,10,10442,-20.583333333333332,,,,,
1012,885.7115384615385,52,0.9888724000000001,11,11240,-20.596153846153847,,,,,
1012,888.875,56,0.98797051,11,12151,-20.553571428571427,,,,,
1012,889.3333333333334,60,0.9871141600000001,12,13016,-20.55,,,,,
1012,886.921875,64,0.98629741,13,13841,-20.5625,,,,,
1011,882.6470588235294,68,0.9855192700000001,14,14627,-20.573529411764707,,,,,
1011,881.3472222222222,72,0.9846926199999999,15,15462,-20.59722222222222,,,,,
1012,879.9342105263158,76,0.98386894,16,16294,-20.605263157894736,,,,,
1012,880.325,80,0.9830116,16,17160,-20.6125,,,,,
1012,881.9047619047619,84,0.98213446,17,18046,-20.63095238095238,,,,,
1012,882.1931818181819,88,0.98127019,18,18919,-20.625,,,,,
1011,881.6086956521739,92,0.98043463,19,19763,-20.619565217391305,,,,,
1012,880.28125,96,0.97961194,20,20594,-20.625,,,,,
1012,879.42,100,0.97879222,21,21422,-20.63,,,,,
1012,879.51,104,0.9779675500000001,21,22255,-20.63,,,,,
1013,882.96,108,0.97704091,22,23191,-20.59,,,,,
1013,883.93,112,0.97616773,23,24073,-20.61,,,,,
1014,880.57,116,0.97534999,24,24899,-20.64,,,,,
1014,884.0,120,0.97440949,25,25849,-20.61,,,,,
1014,878.11,124,0.97359967,26,26667,-20.65,,,,,
1014,879.19,128,0.9727393599999999,27,27536,-20.65,,,,,
1014,879.25,132,0.9719097400000001,27,28374,-20.66,,,,,
1014,878.33,136,0.9710999199999999,28,29192,-20.65,,,,,
1014,876.05,140,0.97028614,29,30014,-20.67,,,,,
1013,877.54,144,0.9693931600000001,30,30916,-20.67,,,,,
1013,878.59,148,0.96849622,31,31822,-20.68,,,,,
1014,884.13,152,0.9675705700000001,32,32757,-20.66,,,,,
1014,882.11,156,0.96673303,33,33603,-20.67,,,,,
1014,879.26,160,0.9659410300000001,33,34403,-20.68,,,,,
1014,878.79,164,0.9651282400000001,34,35224,-20.68,,,,,
1014,882.22,168,0.96425506,35,36106,-20.68,,,,,
1014,882.79,172,0.9634095999999999,36,36960,-20.68,,,,,
1014,883.81,176,0.96256711,37,37811,-20.68,,,,,
1014,884.54,180,0.96170086,38,38686,-20.67,,,,,
1014,883.19,184,0.9608494599999999,38,39546,-20.66,,,,,
1014,885.23,188,0.9599446,39,40460,-20.66,,,,,
1015,883.16,192,0.9591535900000001,40,41259,-20.68,,,,,
1015,882.84,196,0.9583467400000001,41,42074,-20.69,,,,,
1015,884.91,200,0.9574686099999999,42,42961,-20.67,,,,,
1015,885.64,204,0.9566300799999999,43,43808,-20.65,,,,,
1015,880.78,208,0.95583115,43,44615,-20.68,,,,,
1015,877.08,212,0.95505004,44,45404,-20.69,,,,,
1015,880.91,216,0.95414221,45,46321,-20.68,,,,,
1015,877.23,220,0.95328586,46,47186,-20.71,,,,,
1015,876.64,224,0.9524899,47,47990,-20.71,,,,,
1015,875.2,228,0.9516602799999999,48,48828,-20.72,,,,,
1015,874.22,232,0.95085442,48,49642,-20.71,,,,,
1015,874.74,236,0.95003371,49,50471,-20.72,,,,,
1015,876.87,240,0.9491694399999999,50,51344,-20.72,,,,,
1015,874.75,244,0.9483338800000001,51,52188,-20.71,,,,,
1015,871.38,248,0.94750921,52,53021,-20.73,,,,,
1015,871.42,252,0.94658752,53,53952,-20.72,,,,,
1015,874.61,256,0.94565296,54,54896,-20.73,,,,,
1015,876.29,260,0.9448154200000001,54,55742,-20.73,,,,,
1016,876.46,264,0.9439986699999999,55,56567,-20.74,,,,,
1016,877.32,268,0.9431017299999999,56,57473,-20.73,,,,,
1016,876.88,272,0.9422750799999999,57,58308,-20.71,,,,,
1016,877.42,276,0.94140982,58,59182,-20.71,,,,,
1016,880.02,280,0.94047031,59,60131,-20.7,,,,,
1016,880.39,284,0.93961297,60,60997,-20.69,,,,,
1016,878.57,288,0.9387546400000001,60,61864,-20.69,,,,,
1016,882.3,292,0.9378824499999999,61,62745,-20.69,,,,,
1016,881.44,296,0.93709639,62,63539,-20.69,,,,,
1016,880.07,300,0.9362539000000001,63,64390,-20.7,,,,,
1016,879.54,304,0.93542824,64,65224,-20.73,,,,,
1016,883.37,308,0.9345431800000001,65,66118,-20.74,,,,,
1016,886.89,312,0.93366604,65,67004,-20.72,,,,,
1016,888.43,316,0.93271366,66,67966,-20.69,,,,,
1016,886.59,320,0.9319078,67,68780,-20.69,,,,,
1016,890.78,324,0.93100393,68,69693,-20.67,,,,,
1016,889.47,328,0.93020203,69,70503,-20.68,,,,,
1016,894.36,332,0.9292704399999999,70,71444,-20.65,,,,,
1016,895.12,336,0.9284319100000001,71,72291,-20.65,,,,,
1016,891.7,340,0.9276597099999999,71,73071,-20.64,,,,,
1016,891.9,344,0.92681623,72,73923,-20.65,,,,,
1016,893.45,348,0.92595592,73,74792,-20.63,,,,,
1016,889.38,352,0.9251292700000001,74,75627,-20.65,,,,,
1016,887.38,356,0.92425411,75,76511,-20.66,,,,,
1017,889.55,360,0.9233551900000001,76,77419,-20.65,,,,,
1017,893.28,364,0.9224443900000001,77,78339,-20.63,,,,,
1017,890.71,368,0.9216118,77,79180,-20.63,,,,,
1017,893.95,372,0.9207019900000001,78,80099,-20.64,,,,,
1017,892.63,376,0.9198703899999999,79,80939,-20.64,,,,,
1017,888.46,380,0.9190348300000001,80,81783,-20.66,,,,,
1017,889.47,384,0.9181517499999999,81,82675,-20.67,,,,,
1017,885.51,388,0.91738648,82,83448,-20.69,,,,,
1017,886.97,392,0.9164727100000001,82,84371,-20.64,,,,,
1017,890.05,396,0.9156025,83,85250,-20.62,,,,,
1017,890.25,400,0.9147530799999999,84,86108,-20.63,,,,,
1017,892.69,404,0.91386505,85,87005,-20.62,,,,,
1017,889.68,408,0.91304929,86,87829,-20.62,,,,,
1017,888.62,412,0.91220581,87,88681,-20.63,,,,,
1017,884.95,416,0.9113415400000001,87,89554,-20.67,,,,,
1017,885.34,420,0.91051984,88,90384,-20.67,,,,,
1017,882.35,424,0.9096902200000001,89,91222,-20.67,,,,,
1017,882.2,428,0.9088912900000001,90,92029,-20.67,,,,,
1017,879.6,432,0.90802504,91,92904,-20.7,,,,,
1017,881.0,436,0.90714988,92,93788,-20.68,,,,,
1017,883.32,440,0.9063034299999999,92,94643,-20.67,,,,,
1017,885.26,444,0.9054193599999999,93,95536,-20.65,,,,,
1017,883.4,448,0.9046095399999999,94,96354,-20.65,,,,,
1017,886.05,452,0.9037175499999999,95,97255,-20.65,,,,,
1017,884.22,456,0.9028790200000001,96,98102,-20.64,,,,,
1017,884.99,460,0.90197713,97,99013,-20.62,,,,,
1017,881.07,464,0.9011772100000001,98,99821,-20.64,,,,,
,,,0.90100099,,100000,,-21.0,764.0,,,
963,883.04,468,0.9003050199999999,104,100702,-20.64,,,0.0001,175,0.09643849730491638
959,880.61,472,0.89945263,105,101563,-20.64,,,0.0001,390,0.06897686421871185
956,882.18,476,0.8985873699999999,107,102437,-20.63,,,0.0001,609,0.04065999388694763
952,881.67,480,0.8977636899999999,108,103269,-20.61,,,0.0001,817,0.02912568673491478
949,880.55,484,0.89690734,109,104134,-20.62,,,0.0001,1033,0.03387247771024704
946,881.57,488,0.8961183099999999,110,104931,-20.62,,,0.0001,1232,0.0034293178468942642
942,877.98,492,0.8952956200000001,112,105762,-20.65,,,0.0001,1440,0.015710927546024323
939,875.46,496,0.89448976,113,106576,-20.67,,,0.0001,1643,0.05327976495027542
936,877.55,500,0.8935878700000002,114,107487,-20.63,,,0.0001,1871,0.01663956046104431
933,876.62,504,0.8927236,116,108360,-20.63,,,0.0001,2089,0.00873691774904728
929,878.11,508,0.8918672500000001,117,109225,-20.62,,,0.0001,2306,0.011408546939492226
926,878.28,512,0.89102476,118,110076,-20.61,,,0.0001,2518,0.03986189514398575
923,881.22,516,0.8900921799999999,120,111018,-20.6,,,0.0001,2754,0.00930858962237835
921,880.82,520,0.8892863200000001,121,111832,-20.6,,,0.0001,2957,0.003836908610537648
918,880.5,524,0.88846165,122,112665,-20.62,,,0.0001,3166,0.008826221339404583
914,884.23,528,0.8875746099999999,124,113561,-20.6,,,0.0001,3390,0.041685327887535095
911,884.37,532,0.8867143,125,114430,-20.59,,,0.0001,3607,0.015971610322594643
909,881.42,536,0.8859074499999999,126,115245,-20.6,,,0.0001,3811,0.006047219969332218
906,879.5,540,0.8851114899999999,127,116049,-20.62,,,0.0001,4012,0.005503503140062094
903,883.06,544,0.88413733,129,117033,-20.59,,,0.0001,4258,0.006080852821469307
901,889.53,548,0.88317604,130,118004,-20.58,,,0.0001,4500,0.017395980656147003
898,889.24,552,0.8822820699999999,132,118907,-20.58,,,0.0001,4726,0.0035247390624135733
896,888.95,556,0.8814574000000001,133,119740,-20.58,,,0.0001,4934,0.006550738587975502
893,886.11,560,0.8806198599999999,134,120586,-20.59,,,0.0001,5146,0.0062774550169706345
891,889.3,564,0.87973183,136,121483,-20.57,,,0.0001,5370,0.024730226024985313
889,885.8,568,0.87893884,137,122284,-20.59,,,0.0001,5570,0.03173719346523285
887,884.13,572,0.8781300100000001,138,123101,-20.59,,,0.0001,5775,0.02876240760087967
884,884.94,576,0.8772350500000001,140,124005,-20.6,,,0.0001,6001,0.009099634364247322
882,890.86,580,0.8762658400000001,141,124984,-20.6,,,0.0001,6245,0.031340502202510834
880,887.45,584,0.8754985900000001,142,125759,-20.6,,,0.0001,6439,0.024152696132659912
878,888.92,588,0.8746778800000001,144,126588,-20.59,,,0.0001,6646,0.016156945377588272
876,890.51,592,0.87381262,145,127462,-20.59,,,0.0001,6865,0.01662532612681389
874,892.56,596,0.8729592399999999,146,128324,-20.57,,,0.0001,7080,0.023162757977843285
872,889.59,600,0.87212764,147,129164,-20.6,,,0.0001,7290,0.00634453259408474
870,889.06,604,0.8712831699999999,149,130017,-20.59,,,0.0001,7504,0.004964139312505722
868,889.45,608,0.8704189,150,130890,-20.59,,,0.0001,7722,0.013210330158472061
866,887.38,612,0.86962591,151,131691,-20.6,,,0.0001,7922,0.010264873504638672
864,885.27,616,0.8687477799999999,153,132578,-20.62,,,0.0001,8144,0.00961480662226677
863,886.89,620,0.8679062800000001,154,133428,-20.61,,,0.0001,8356,0.00437244912609458
861,890.14,624,0.86700142,155,134342,-20.57,,,0.0001,8585,0.004138586577028036
859,886.51,628,0.8662034799999999,157,135148,-20.58,,,0.0001,8786,0.004272472113370895
857,887.36,632,0.8653035699999999,158,136057,-20.55,,,0.0001,9014,0.02914361096918583
856,888.95,636,0.8644571200000001,159,136912,-20.54,,,0.0001,9227,0.006220345851033926
854,888.33,640,0.8636868999999999,161,137690,-20.53,,,0.0001,9422,0.014216862618923187
853,885.68,644,0.8627859999999999,162,138600,-20.55,,,0.0001,9649,0.011178147047758102
851,880.96,648,0.86193757,163,139457,-20.58,,,0.0001,9864,0.00948495976626873
850,880.15,652,0.8610634000000001,165,140340,-20.59,,,0.0001,10084,0.025543298572301865
848,882.49,656,0.8601733899999999,166,141239,-20.6,,,0.0001,10309,0.010653658770024776
846,884.97,660,0.8592754600000001,167,142146,-20.62,,,0.0001,10536,0.008612995967268944
844,887.18,664,0.8583349600000001,169,143096,-20.62,,,0.0001,10773,0.0027068748604506254
843,886.22,668,0.8575746399999999,170,143864,-20.61,,,0.0001,10965,0.011985099874436855
842,887.79,672,0.8567291799999999,171,144718,-20.58,,,0.0001,11179,0.002853600773960352
840,888.56,676,0.85582135,173,145635,-20.57,,,0.0001,11408,0.020207520574331284
839,882.26,680,0.85500361,174,146461,-20.6,,,0.0001,11615,0.010629631578922272
837,886.06,684,0.85413835,175,147335,-20.6,,,0.0001,11833,0.006250798236578703
836,890.64,688,0.85319587,177,148287,-20.56,,,0.0001,12071,0.008342219516634941
834,888.94,692,0.85237516,178,149116,-20.56,,,0.0001,12278,0.010897056199610233
833,894.0,696,0.8513980299999999,180,150103,-20.53,,,0.0001,12525,0.004589467775076628
831,897.47,700,0.85048228,181,151028,-20.5,,,0.0001,12756,0.02895260974764824
830,898.71,704,0.8495952400000001,182,151924,-20.5,,,0.0001,12980,0.014628488570451736
828,901.15,708,0.84868147,184,152847,-20.46,,,0.0001,13211,0.005686864256858826
827,905.24,712,0.84778948,185,153748,-20.46,,,0.0001,13436,0.004641813226044178
825,906.3,716,0.84688957,187,154657,-20.41,,,0.0001,13664,0.017396103590726852
824,906.8,720,0.8460302500000001,188,155525,-20.4,,,0.0001,13881,0.014504177495837212
823,904.42,724,0.84518479,189,156379,-20.42,,,0.0001,14094,0.0056869834661483765
822,906.16,728,0.8443333900000001,191,157239,-20.41,,,0.0001,14309,0.003377133747562766
821,903.62,732,0.8435027800000001,192,158078,-20.44,,,0.0001,14519,0.00925558339804411
819,905.94,736,0.84260287,193,158987,-20.41,,,0.0001,14746,0.008115621283650398
818,907.3,740,0.84180196,195,159796,-20.42,,,0.0001,14948,0.03024824522435665
817,908.07,744,0.8408733400000001,196,160734,-20.4,,,0.0001,15183,0.011265670880675316
816,908.43,748,0.8400100600000001,197,161606,-20.4,,,0.0001,15401,0.010407276451587677
815,906.38,752,0.8391923200000001,199,162432,-20.41,,,0.0001,15607,0.010152791626751423
814,905.17,756,0.8383419099999999,200,163291,-20.4,,,0.0001,15822,0.01714485138654709
812,905.34,760,0.83743012,201,164212,-20.38,,,0.0001,16052,0.012282904237508774
811,903.24,764,0.8365410999999999,203,165110,-20.39,,,0.0001,16277,0.03620125353336334
810,907.17,768,0.83567089,204,165989,-20.36,,,0.0001,16497,0.02122034877538681
809,906.7,772,0.8348283999999999,206,166840,-20.39,,,0.0001,16709,0.011633631773293018
808,903.93,776,0.8339878900000001,207,167689,-20.39,,,0.0001,16922,0.02904120832681656
807,910.2,780,0.83302363,208,168663,-20.34,,,0.0001,17165,0.008803955279290676
806,909.77,784,0.83216332,210,169532,-20.33,,,0.0001,17382,0.008601969107985497
805,903.51,788,0.8313822100000001,211,170321,-20.38,,,0.0001,17580,0.011912097223103046
804,905.14,792,0.83052586,212,171186,-20.39,,,0.0001,17796,0.018687250092625618
803,901.65,796,0.8296289200000001,214,172092,-20.42,,,0.0001,18022,0.012742869555950165
802,901.88,800,0.82870921,215,173021,-20.46,,,0.0001,18255,0.010696090757846832
801,903.65,804,0.82777762,217,173962,-20.44,,,0.0001,18490,0.010034505277872086
800,903.28,808,0.8268658300000001,218,174883,-20.47,,,0.0001,18720,0.04580250382423401
799,903.23,812,0.82597186,219,175786,-20.44,,,0.0001,18946,0.008399216458201408
798,899.9,816,0.82514917,221,176617,-20.49,,,0.0001,19154,0.004227288067340851
797,902.69,820,0.8242156,222,177560,-20.47,,,0.0001,19389,0.005955342669039965
796,903.83,824,0.82334539,223,178439,-20.48,,,0.0001,19609,0.023991752415895462
795,904.62,828,0.8224880499999999,225,179305,-20.48,,,0.0001,19826,0.007939400151371956
795,907.84,832,0.82157824,226,180224,-20.48,,,0.0001,20055,0.015822725370526314
794,906.4,836,0.820711,227,181100,-20.52,,,0.0001,20274,0.00564703531563282
793,909.01,840,0.8198358400000001,229,181984,-20.51,,,0.0001,20495,0.005233816336840391
792,908.67,844,0.8189141500000001,230,182915,-20.53,,,0.0001,20728,0.008902568370103836
791,910.48,848,0.8180043399999999,232,183834,-20.5,,,0.0001,20958,0.019489698112010956
790,911.53,852,0.8171658099999999,233,184681,-20.49,,,0.0001,21170,0.008851328864693642
789,911.16,856,0.81632332,234,185532,-20.49,,,0.0001,21382,0.02387426234781742
788,914.37,860,0.8153372799999999,236,186528,-20.51,,,0.0001,21631,0.033729732036590576
788,913.56,864,0.8144690499999999,237,187405,-20.52,,,0.0001,21851,0.011522444896399975
787,910.96,868,0.8136651699999999,239,188217,-20.56,,,0.0001,22054,0.005566352512687445
786,911.14,872,0.8128207,240,189070,-20.57,,,0.0001,22267,0.006367236375808716
785,912.34,876,0.8119504900000001,241,189949,-20.56,,,0.0001,22487,0.009741848334670067
785,911.08,880,0.81101593,243,190893,-20.59,,,0.0001,22723,0.024708958342671394
784,909.13,884,0.8102071,244,191710,-20.59,,,0.0001,22927,0.010946553200483322
783,910.95,888,0.8093725300000001,245,192553,-20.58,,,0.0001,23138,0.008336680009961128
782,915.94,892,0.8083854999999999,247,193550,-20.58,,,0.0001,23387,0.011535102501511574
782,914.34,896,0.8075301399999999,248,194414,-20.59,,,0.0001,23603,0.034576233476400375
781,911.18,900,0.8066856699999999,249,195267,-20.6,,,0.0001,23816,0.007837679237127304
780,911.35,904,0.8057590300000002,251,196203,-20.62,,,0.0001,24050,0.025579409673810005
780,906.99,908,0.8049521800000001,252,197018,-20.63,,,0.0001,24254,0.00511033833026886
779,903.45,912,0.8041443399999999,253,197834,-20.66,,,0.0001,24458,0.019559847190976143
778,906.52,916,0.80324245,255,198745,-20.66,,,0.0001,24686,0.007929481565952301
778,903.28,920,0.8023930300000001,256,199603,-20.69,,,0.0001,24900,0.022604061290621758
,,,0.80200099,,200000,,-21.0,765.8,0.0001,24999,0.004238385707139969
763,901.13,924,0.8015653899999999,262,200439,-20.68,,,0.0001,25109,0.010298086330294609
762,899.4,928,0.80074666,263,201266,-20.7,,,0.0001,25316,0.008950401097536087
762,896.02,932,0.7999229800000001,265,202098,-20.72,,,0.0001,25524,0.017276568338274956
761,895.95,936,0.7990636600000001,266,202966,-20.72,,,0.0001,25741,0.01567208394408226
760,893.71,940,0.7982360199999999,267,203802,-20.73,,,0.0001,25950,0.00667207594960928
760,888.81,944,0.79743412,269,204612,-20.75,,,0.0001,26152,0.006963452324271202
759,887.55,948,0.7965589599999998,270,205496,-20.74,,,0.0001,26373,0.0066559799015522
758,889.69,952,0.7956669700000001,271,206397,-20.74,,,0.0001,26599,0.011664933525025845
758,890.17,956,0.79480765,273,207265,-20.75,,,0.0001,26816,0.004426699131727219
757,884.79,960,0.79396318,274,208118,-20.74,,,0.0001,27029,0.03468535095453262
757,884.22,964,0.79310287,275,208987,-20.72,,,0.0001,27246,0.022258929908275604
756,888.55,968,0.79219504,277,209904,-20.71,,,0.0001,27475,0.009706824086606503
756,892.37,972,0.79125949,278,210849,-20.68,,,0.0001,27712,0.014296523295342922
755,892.49,976,0.7903873,280,211730,-20.69,,,0.0001,27932,0.0192912295460701
754,888.79,980,0.7895467899999999,281,212579,-20.69,,,0.0001,28144,0.015958722680807114
754,894.06,984,0.7886112399999999,283,213524,-20.67,,,0.0001,28380,0.005362322088330984
753,895.5,988,0.78774598,284,214398,-20.65,,,0.0001,28599,0.008086500689387321
753,895.4,992,0.78676192,285,215392,-20.63,,,0.0001,28847,0.016416292637586594
752,897.15,996,0.7858570600000001,287,216306,-20.62,,,0.0001,29076,0.020241614431142807
752,898.11,1000,0.78499279,288,217179,-20.61,,,0.0001,29294,0.010168669745326042
751,897.61,1004,0.7840711,290,218110,-20.63,,,0.0001,29527,0.035146620124578476
751,898.22,1008,0.7832543499999999,291,218935,-20.62,,,0.0001,29733,0.012324608862400055
750,901.05,1012,0.78237325,292,219825,-20.62,,,0.0001,29956,0.01081113051623106
750,903.0,1016,0.78141493,294,220793,-20.59,,,0.0001,30198,0.011783840134739876
749,908.17,1020,0.7804457199999999,295,221772,-20.58,,,0.0001,30442,0.010684260167181492
749,909.97,1024,0.7795794699999999,297,222647,-20.58,,,0.0001,30661,0.011582361534237862
748,912.06,1028,0.77871025,298,223525,-20.57,,,0.0001,30881,0.026507019996643066
748,910.36,1032,0.7779291399999999,299,224314,-20.57,,,0.0001,31078,0.011625581420958042
747,910.23,1036,0.7770718000000001,301,225180,-20.56,,,0.0001,31294,0.014774693176150322
747,912.95,1040,0.77618476,302,226076,-20.54,,,0.0001,31518,0.010113765485584736
746,916.04,1044,0.7753125699999999,303,226957,-20.52,,,0.0001,31739,0.013321747072041035
746,915.34,1048,0.77445028,305,227828,-20.54,,,0.0001,31956,0.005155806429684162
745,914.79,1052,0.7735672,306,228720,-20.54,,,0.0001,32179,0.016228659078478813
745,914.67,1056,0.77270986,307,229586,-20.51,,,0.0001,32396,0.028372006490826607
745,915.31,1060,0.77184658,309,230458,-20.51,,,0.0001,32614,0.01331715565174818
744,914.18,1064,0.7710189399999999,310,231294,-20.52,,,0.0001,32823,0.0057416269555687904
744,914.68,1068,0.7701041799999999,312,232218,-20.5,,,0.0001,33054,0.01877305656671524
743,911.59,1072,0.7692409,313,233090,-20.51,,,0.0001,33272,0.011005708016455173
743,912.79,1076,0.76833208,314,234008,-20.5,,,0.0001,33501,0.0033903170842677355
742,913.3,1080,0.7674787000000001,316,234870,-20.51,,,0.0001,33717,0.0030805468559265137
742,909.95,1084,0.7666263100000001,317,235731,-20.52,,,0.0001,33932,0.010843241587281227
741,909.46,1088,0.7657689700000001,318,236597,-20.54,,,0.0001,34149,0.015353660099208355
741,905.22,1092,0.76488292,320,237492,-20.56,,,0.0001,34372,0.008005581796169281
740,902.36,1096,0.7640503300000001,321,238333,-20.57,,,0.0001,34583,0.014135144650936127
740,903.95,1100,0.7631484399999999,323,239244,-20.57,,,0.0001,34810,0.021906012669205666
740,903.56,1104,0.7622416000000001,324,240160,-20.56,,,0.0001,35039,0.013645299710333347
739,909.14,1108,0.76128229,326,241129,-20.54,,,0.0001,35282,0.00993981771171093
739,907.12,1112,0.7604615800000001,327,241958,-20.55,,,0.0001,35489,0.02167910523712635
738,909.27,1116,0.75946267,328,242967,-20.52,,,0.0001,35741,0.01827058009803295
738,905.76,1120,0.7585766199999999,330,243862,-20.52,,,0.0001,35965,0.012534258887171745
737,907.47,1124,0.75767572,331,244772,-20.52,,,0.0001,36192,0.0098362285643816
737,909.77,1128,0.75674314,333,245714,-20.51,,,0.0001,36428,0.00789579190313816
736,914.78,1132,0.75583729,334,246629,-20.49,,,0.0001,36657,0.009691232815384865
736,915.66,1136,0.7549552,336,247520,-20.49,,,0.0001,36879,0.005944477394223213
736,914.45,1140,0.7541047900000001,337,248379,-20.5,,,0.0001,37094,0.015047725290060043
735,919.1,1144,0.7531098399999999,339,249384,-20.51,,,0.0001,37345,0.007624407298862934
735,922.22,1148,0.75216637,340,250337,-20.5,,,0.0001,37584,0.01860891282558441
734,921.7,1152,0.75130012,341,251212,-20.49,,,0.0001,37802,0.018160302191972733
734,925.97,1156,0.75034081,343,252181,-20.51,,,0.0001,38045,0.009186925366520882
734,927.65,1160,0.74943001,344,253101,-20.51,,,0.0001,38275,0.016532449051737785
733,933.48,1164,0.74845981,346,254081,-20.49,,,0.0001,38520,0.032959409058094025
733,933.18,1168,0.7475539600000001,347,254996,-20.48,,,0.0001,38748,0.005701233167201281
732,932.46,1172,0.7467134500000001,349,255845,-20.5,,,0.0001,38961,0.012004122138023376
732,935.1,1176,0.7457482,350,256820,-20.5,,,0.0001,39204,0.0068839783780276775
732,934.85,1180,0.7448958099999999,351,257681,-20.49,,,0.0001,39420,0.009255563840270042
731,937.67,1184,0.7439770900000001,353,258609,-20.5,,,0.0001,39652,0.010758742690086365
731,939.73,1188,0.74307916,354,259516,-20.5,,,0.0001,39878,0.010841569863259792
731,939.65,1192,0.74220004,356,260404,-20.49,,,0.0001,40100,0.00691969133913517
730,949.78,1196,0.7411189600000001,357,261496,-20.42,,,0.0001,40373,0.01585533656179905
730,948.78,1200,0.74023192,359,262392,-20.42,,,0.0001,40597,0.0061792246997356415
729,951.54,1204,0.73925083,360,263383,-20.38,,,0.0001,40845,0.005452354904264212
729,946.52,1208,0.73841527,362,264227,-20.4,,,0.0001,41056,0.005070747807621956
729,946.55,1212,0.73758664,363,265064,-20.4,,,0.0001,41265,0.007789580151438713
728,943.91,1216,0.73665406,364,266006,-20.43,,,0.0001,41501,0.019485196098685265
728,941.68,1220,0.73582345,366,266845,-20.45,,,0.0001,41711,0.006273004226386547
728,942.47,1224,0.73489582,367,267782,-20.45,,,0.0001,41945,0.0031999386847019196
727,940.53,1228,0.7340167,369,268670,-20.46,,,0.0001,42167,0.015372125431895256
727,937.38,1232,0.73318708,370,269508,-20.47,,,0.0001,42376,0.010404005646705627
727,939.9,1236,0.7322436099999999,371,270461,-20.48,,,0.0001,42615,0.035699263215065
726,941.69,1240,0.73134469,373,271369,-20.48,,,0.0001,42842,0.01698083057999611
726,935.15,1244,0.73051606,374,272206,-20.49,,,0.0001,43051,0.007414857856929302
726,932.03,1248,0.7296626800000001,376,273068,-20.52,,,0.0001,43266,0.008995561860501766
725,932.57,1252,0.7287786100000001,377,273961,-20.53,,,0.0001,43490,0.009715232998132706
725,930.12,1256,0.72787474,378,274874,-20.51,,,0.0001,43718,0.006118210032582283
725,931.09,1260,0.72693919,380,275819,-20.51,,,0.0001,43954,0.012019881047308445
724,925.74,1264,0.72610066,381,276666,-20.54,,,0.0001,44166,0.003453961107879877
724,926.62,1268,0.7251631299999999,383,277613,-20.54,,,0.0001,44403,0.0019717321265488863
724,926.93,1272,0.7243008400000001,384,278484,-20.53,,,0.0001,44620,0.0062653785571455956
723,923.79,1276,0.7234078599999998,385,279386,-20.54,,,0.0001,44846,0.005965786520391703
723,926.97,1280,0.72247528,387,280328,-20.51,,,0.0001,45081,0.007684180047363043
723,925.02,1284,0.7215991300000001,388,281213,-20.51,,,0.0001,45303,0.007723681628704071
722,925.03,1288,0.72068932,390,282132,-20.49,,,0.0001,45532,0.007618550211191177
722,924.3,1292,0.71982703,391,283003,-20.5,,,0.0001,45750,0.01664782129228115
722,918.2,1296,0.7189033600000001,393,283936,-20.57,,,0.0001,45983,0.00592134241014719
721,914.6,1300,0.71811532,394,284732,-20.58,,,0.0001,46182,0.002880126005038619
721,909.7,1304,0.7172559999999999,395,285600,-20.62,,,0.0001,46399,0.004663000348955393
721,914.31,1308,0.71630956,397,286556,-20.6,,,0.0001,46638,0.025446025654673576
721,915.8,1312,0.7154373700000001,398,287437,-20.58,,,0.0001,46859,0.010506239719688892
720,915.17,1316,0.71452162,400,288362,-20.6,,,0.0001,47090,0.012465356849133968
720,918.27,1320,0.7136118100000002,401,289281,-20.57,,,0.0001,47320,0.010862266644835472
720,916.95,1324,0.71272081,402,290181,-20.56,,,0.0001,47545,0.012909704819321632
719,919.22,1328,0.71178229,404,291129,-20.56,,,0.0001,47782,0.004985843785107136
719,922.04,1332,0.71087842,405,292042,-20.55,,,0.0001,48010,0.011008801870048046
719,923.4,1336,0.7099032700000001,407,293027,-20.52,,,0.0001,48256,0.009752707555890083
719,924.29,1340,0.70898752,408,293952,-20.52,,,0.0001,48487,0.017160233110189438
718,923.8,1344,0.7081687899999999,410,294779,-20.51,,,0.0001,48694,0.01414085179567337
718,924.35,1348,0.70729066,411,295666,-20.48,,,0.0001,48916,0.008139039389789104
718,927.68,1352,0.70632442,413,296642,-20.45,,,0.0001,49160,0.009727999567985535
717,926.73,1356,0.7054403500000002,414,297535,-20.49,,,0.0001,49383,0.015634775161743164
717,928.11,1360,0.7044731199999998,415,298512,-20.46,,,0.0001,49627,0.00681827450171113
717,931.98,1364,0.7035395499999999,417,299455,-20.45,,,0.0001,49863,0.005842088256031275
,,,0.7030009899999998,,300000,,-19.45,1077.9,0.0001,49999,0.006333422847092152
705,931.49,1368,0.7026099399999999,425,300394,-20.44,,,0.0001,50098,0.007809664588421583
705,937.48,1372,0.7016090500000001,427,301405,-20.4,,,0.0001,50351,0.03300312161445618
705,939.03,1376,0.70067944,428,302344,-20.39,,,0.0001,50585,0.006409857422113419
704,939.17,1380,0.69973894,430,303294,-20.42,,,0.0001,50823,0.00652780057862401
704,939.58,1384,0.69884992,431,304192,-20.42,,,0.0001,51047,0.007927034981548786
704,941.69,1388,0.69789655,433,305155,-20.42,,,0.0001,51288,0.009303518570959568
704,947.59,1392,0.69688576,434,306176,-20.39,,,0.0001,51543,0.008527962490916252
703,948.45,1396,0.69593239,436,307139,-20.37,,,0.0001,51784,0.01520172506570816
703,953.41,1400,0.6950166400000002,437,308064,-20.36,,,0.0001,52015,0.022522954270243645
703,956.77,1404,0.6940810899999998,439,309009,-20.29,,,0.0001,52252,0.00858921930193901
703,955.54,1408,0.6931593999999999,440,309940,-20.27,,,0.0001,52484,0.006573895923793316
702,955.6,1412,0.69229414,442,310814,-20.28,,,0.0001,52703,0.019937952980399132
702,956.02,1416,0.69136354,443,311754,-20.26,,,0.0001,52938,0.026900120079517365
702,955.59,1420,0.69045967,445,312667,-20.28,,,0.0001,53166,0.002830738900229335
702,958.22,1424,0.6894983799999999,446,313638,-20.28,,,0.0001,53409,0.008571872487664223
701,961.46,1428,0.6884767,448,314670,-20.26,,,0.0001,53667,0.004952562972903252
701,962.71,1432,0.68755204,449,315604,-20.25,,,0.0001,53900,0.006493023596704006
701,957.04,1436,0.6867154900000001,451,316449,-20.28,,,0.0001,54112,0.006392152979969978
701,958.74,1440,0.6857532100000001,452,317421,-20.25,,,0.0001,54355,0.006914256140589714
700,961.49,1444,0.68486716,454,318316,-20.24,,,0.0001,54578,0.0046023959293961525
700,960.95,1448,0.6840068499999999,455,319185,-20.25,,,0.0001,54796,0.0072539690881967545
700,955.84,1452,0.68316832,457,320032,-20.29,,,0.0001,55007,0.021991996094584465
699,960.59,1456,0.68217832,458,321032,-20.28,,,0.0001,55257,0.0033882264979183674
699,959.18,1460,0.68124871,460,321971,-20.29,,,0.0001,55492,0.010342983528971672
699,961.71,1464,0.68024881,461,322981,-20.25,,,0.0001,55745,0.004792153835296631
699,962.98,1468,0.67929445,463,323945,-20.29,,,0.0001,55986,0.006257221102714539
698,959.3,1472,0.67839157,464,324857,-20.34,,,0.0001,56214,0.003925648983567953
698,958.73,1476,0.6774768099999999,466,325781,-20.32,,,0.0001,56445,0.02855454757809639
698,957.36,1480,0.6765848200000001,467,326682,-20.32,,,0.0001,56670,0.02237061969935894
698,961.61,1484,0.6755938300000001,469,327683,-20.29,,,0.0001,56920,0.004042144864797592
698,962.88,1488,0.6746067999999998,470,328680,-20.31,,,0.0001,57169,0.008534342981874943
697,963.14,1492,0.6735910599999999,472,329706,-20.31,,,0.0001,57426,0.009864765219390392
697,963.55,1496,0.6726367,473,330670,-20.32,,,0.0001,57667,0.005064689554274082
697,967.38,1500,0.67162591,475,331691,-20.31,,,0.0001,57922,0.005530150141566992
697,966.04,1504,0.6707269899999999,476,332599,-20.37,,,0.0001,58149,0.008250211365520954
697,965.8,1508,0.6698181699999999,478,333517,-20.4,,,0.0001,58379,0.005642738193273544
696,966.32,1512,0.66894301,479,334401,-20.4,,,0.0001,58600,0.011336911469697952
696,966.36,1516,0.6680094399999998,481,335344,-20.42,,,0.0001,58835,0.005590684711933136
696,964.77,1520,0.6671471500000001,482,336215,-20.42,,,0.0001,59053,0.020029282197356224
696,961.81,1524,0.6662611,484,337110,-20.44,,,0.0001,59277,0.010271014645695686
695,958.42,1528,0.6653324799999999,485,338048,-20.42,,,0.0001,59511,0.013976151123642921
695,960.93,1532,0.6643355499999999,487,339055,-20.41,,,0.0001,59763,0.003289936576038599
695,964.25,1536,0.66341089,488,339989,-20.39,,,0.0001,59997,0.005138188134878874
695,963.07,1540,0.6624832599999999,490,340926,-20.4,,,0.0001,60231,0.01592697948217392
695,962.83,1544,0.6616021599999999,491,341816,-20.42,,,0.0001,60453,0.014616291970014572
694,966.92,1548,0.6606428499999999,493,342785,-20.4,,,0.0001,60696,0.011731225065886974
694,968.72,1552,0.65976868,494,343668,-20.37,,,0.0001,60916,0.011472547426819801
694,965.37,1556,0.65885392,496,344592,-20.35,,,0.0001,61147,0.006000332534313202
694,968.03,1560,0.6578599599999999,497,345596,-20.33,,,0.0001,61398,0.005159845110028982
694,965.64,1564,0.6569204500000001,499,346545,-20.35,,,0.0001,61636,0.009741273708641529
693,963.77,1568,0.65602153,500,347453,-20.34,,,0.0001,61863,0.012577822431921959
693,968.4,1572,0.6549958899999999,502,348489,-20.28,,,0.0001,62122,0.003848223714157939
693,971.1,1576,0.6540148,503,349480,-20.29,,,0.0001,62369,0.015029600821435452
693,969.48,1580,0.6531564700000001,505,350347,-20.3,,,0.0001,62586,0.00515898410230875
693,968.64,1584,0.6521882499999999,506,351325,-20.33,,,0.0001,62831,0.005631351377815008
692,964.37,1588,0.6513031899999999,508,352219,-20.33,,,0.0001,63054,0.008078030310571194
692,959.69,1592,0.6504121900000001,509,353119,-20.35,,,0.0001,63279,0.009942233562469482
692,959.77,1596,0.6494558500000001,511,354085,-20.32,,,0.0001,63521,0.007937050424516201
692,956.93,1600,0.6485193100000002,512,355031,-20.3,,,0.0001,63757,0.0036019477993249893
692,960.35,1604,0.6475302999999999,514,356030,-20.27,,,0.0001,64007,0.008264513686299324
691,963.09,1608,0.64655515,516,357015,-20.24,,,0.0001,64253,0.007489929907023907
691,965.1,1612,0.64561366,517,357966,-20.23,,,0.0001,64491,0.0050452095456421375
691,966.71,1616,0.6446365299999999,519,358953,-20.21,,,0.0001,64738,0.006847450975328684
691,966.59,1620,0.64378414,520,359814,-20.2,,,0.0001,64953,0.009404538199305534
690,968.42,1624,0.64286047,522,360747,-20.17,,,0.0001,65186,0.0034845462068915367
690,970.3,1628,0.6418823500000002,523,361735,-20.19,,,0.0001,65433,0.004295034799724817
690,968.97,1632,0.6409250199999998,525,362702,-20.2,,,0.0001,65675,0.0021692474838346243
690,973.08,1636,0.6399023500000001,526,363735,-20.21,,,0.0001,65933,0.005206471309065819
690,973.71,1640,0.6389469999999999,528,364700,-20.21,,,0.0001,66174,0.006355397403240204
690,974.33,1644,0.63805501,529,365601,-20.21,,,0.0001,66400,0.004690454341471195
689,974.68,1648,0.63709273,531,366573,-20.21,,,0.0001,66643,0.002700613811612129
689,982.07,1652,0.63602947,533,367647,-20.19,,,0.0001,66911,0.010765042155981064
689,983.23,1656,0.63509788,534,368588,-20.19,,,0.0001,67146,0.009571831673383713
689,982.96,1660,0.6341108499999999,536,369585,-20.23,,,0.0001,67396,0.005204332061111927
689,981.9,1664,0.6332010400000001,537,370504,-20.22,,,0.0001,67625,0.00915389321744442
689,985.35,1668,0.6322150000000001,539,371500,-20.2,,,0.0001,67874,0.004400798585265875
688,986.54,1672,0.6311636199999999,540,372562,-20.2,,,0.0001,68140,0.007385535165667534
688,986.59,1676,0.63017659,542,373559,-20.2,,,0.0001,68389,0.004300193395465612
688,989.18,1680,0.62924995,543,374495,-20.2,,,0.0001,68623,0.006364838685840368
688,990.9,1684,0.6282312400000001,545,375524,-20.14,,,0.0001,68880,0.00970735214650631
688,994.13,1688,0.62727292,547,376492,-20.11,,,0.0001,69122,0.009895888157188892
687,993.78,1692,0.62638489,548,377389,-20.12,,,0.0001,69347,0.015130065381526947
687,994.79,1696,0.6254067700000001,550,378377,-20.14,,,0.0001,69594,0.01872914284467697
687,996.29,1700,0.6244306299999999,551,379363,-20.16,,,0.0001,69840,0.01628350466489792
687,998.17,1704,0.6233960799999999,553,380408,-20.15,,,0.0001,70101,0.014913651160895824
687,1000.28,1708,0.6223595500000001,555,381455,-20.18,,,0.0001,70363,0.02249017544090748
687,1002.5,1712,0.6213636100000001,556,382461,-20.16,,,0.0001,70615,0.005369133781641722
686,1005.08,1716,0.6203320300000001,558,383503,-20.16,,,0.0001,70875,0.0051888469606637955
686,1008.86,1720,0.61937866,559,384466,-20.16,,,0.0001,71116,0.0075734518468379974
686,1010.7,1724,0.6184044999999999,561,385450,-20.17,,,0.0001,71362,0.018654894083738327
686,1012.6,1728,0.61737787,563,386487,-20.14,,,0.0001,71621,0.008337600156664848
686,1011.1,1732,0.6164571699999999,564,387417,-20.15,,,0.0001,71854,0.005245562642812729
685,1013.19,1736,0.6153820299999999,566,388503,-20.13,,,0.0001,72125,0.009968213737010956
685,1011.44,1740,0.6144821199999999,567,389412,-20.15,,,0.0001,72352,0.009088430553674698
685,1015.3,1744,0.61348618,569,390418,-20.11,,,0.0001,72604,0.011440031230449677
685,1017.08,1748,0.61248034,571,391434,-20.1,,,0.0001,72858,0.0058099934831261635
685,1013.35,1752,0.6115032099999999,572,392421,-20.11,,,0.0001,73105,0.005527160130441189
685,1016.2,1756,0.61049935,574,393435,-20.09,,,0.0001,73358,0.015543566085398197
684,1015.51,1760,0.6095251899999999,575,394419,-20.07,,,0.0001,73604,0.008176838979125023
684,1020.46,1764,0.6084916300000001,577,395463,-20.08,,,0.0001,73865,0.008824687451124191
684,1018.32,1768,0.60754618,579,396418,-20.11,,,0.0001,74104,0.009371494874358177
684,1012.19,1772,0.60664627,580,397327,-20.16,,,0.0001,74331,0.010282358154654503
684,1010.55,1776,0.60570874,582,398274,-20.16,,,0.0001,74568,0.023854773491621017
684,1009.7,1780,0.6048009099999999,583,399191,-20.13,,,0.0001,74797,0.007361964322626591
,,,0.6040009900000001,,400000,,-20.3,934.5,0.0001,74999,0.005670827813446522
677,1005.16,1784,0.6038990200000001,590,400102,-20.18,,,0.0001,75025,0.011382106691598892
676,1007.27,1788,0.6028921899999999,592,401119,-20.18,,,0.0001,75279,0.017641691491007805
676,1010.87,1792,0.6019130799999999,594,402108,-20.17,,,0.0001,75526,0.005651695653796196
676,1007.34,1796,0.6010111899999999,595,403019,-20.17,,,0.0001,75754,0.009916420094668865
676,1009.25,1800,0.5999895100000001,597,404051,-20.15,,,0.0001,76012,0.01124309841543436
676,1007.05,1804,0.5989985200000001,598,405052,-20.17,,,0.0001,76262,0.016018332913517952
676,1001.59,1808,0.59809366,600,405966,-20.19,,,0.0001,76491,0.008411064743995667
676,1003.71,1812,0.59705317,601,407017,-20.22,,,0.0001,76754,0.009401862509548664
676,1001.89,1816,0.5960710899999999,603,408009,-20.22,,,0.0001,77002,0.007031133398413658
675,1005.36,1820,0.5950315899999999,605,409059,-20.19,,,0.0001,77264,0.007800262421369553
675,1004.74,1824,0.5940604,606,410040,-20.18,,,0.0001,77509,0.007368774618953466
675,1009.82,1828,0.5928971500000001,608,411215,-20.16,,,0.0001,77803,0.005461364518851042
675,1010.1,1832,0.5919715,610,412150,-20.16,,,0.0001,78037,0.004844281822443008
675,1008.97,1836,0.59092309,611,413209,-20.13,,,0.0001,78302,0.007346860133111477
674,1011.98,1840,0.5899469500000001,613,414195,-20.1,,,0.0001,78548,0.02405334636569023
674,1012.77,1844,0.58893814,615,415214,-20.11,,,0.0001,78803,0.00371999922208488
674,1013.06,1848,0.5879134899999999,616,416249,-20.11,,,0.0001,79062,0.007085034623742104
674,1012.74,1852,0.5869482399999999,618,417224,-20.11,,,0.0001,79305,0.007575049065053463
674,1015.85,1856,0.5858651800000001,620,418318,-20.12,,,0.0001,79579,0.0071266163140535355
674,1014.25,1860,0.5849316099999999,621,419261,-20.15,,,0.0001,79815,0.009068031795322895
674,1009.73,1864,0.5840020000000001,623,420200,-20.14,,,0.0001,80049,0.008011634461581707
673,1006.42,1868,0.5831416899999999,624,421069,-20.13,,,0.0001,80267,0.007132924627512693
673,1012.98,1872,0.58208536,626,422136,-20.12,,,0.0001,80533,0.011713441461324692
673,1019.71,1876,0.5809795300000001,628,423253,-20.12,,,0.0001,80813,0.004219898022711277
673,1023.69,1880,0.57997864,629,424264,-20.13,,,0.0001,81065,0.01709599606692791
673,1029.49,1884,0.5789381500000002,631,425315,-20.09,,,0.0001,81328,0.012493332847952843
673,1024.85,1888,0.57803329,633,426229,-20.12,,,0.0001,81557,0.007968021556735039
673,1027.75,1892,0.5769848800000001,634,427288,-20.09,,,0.0001,81821,0.007734563201665878
673,1029.67,1896,0.5760443800000001,636,428238,-20.1,,,0.0001,82059,0.008954985067248344
672,1024.98,1900,0.5751355600000001,637,429156,-20.12,,,0.0001,82288,0.008542979136109352
672,1023.56,1904,0.5741871399999998,639,430114,-20.13,,,0.0001,82528,0.004115864634513855
672,1023.6,1908,0.5732951500000001,640,431015,-20.12,,,0.0001,82753,0.011580221354961395
672,1022.22,1912,0.5723011900000001,642,432019,-20.1,,,0.0001,83004,0.012182882986962795
672,1019.48,1916,0.57138346,643,432946,-20.12,,,0.0001,83236,0.004672490060329437
672,1017.26,1920,0.57040534,645,433934,-20.15,,,0.0001,83483,0.007573094218969345
672,1023.22,1924,0.56929951,647,435051,-20.13,,,0.0001,83762,0.006012763828039169
671,1010.04,1928,0.5684778100000001,648,435881,-20.21,,,0.0001,83970,0.008451476693153381
671,1013.04,1932,0.5674699900000001,650,436899,-20.18,,,0.0001,84224,0.0029116731602698565
671,1010.59,1936,0.5664839500000001,651,437895,-20.22,,,0.0001,84473,0.017708037048578262
671,1011.27,1940,0.5654889999999999,653,438900,-20.24,,,0.0001,84724,0.018614545464515686
671,1014.18,1944,0.56441089,655,439989,-20.21,,,0.0001,84997,0.011116493493318558
671,1015.66,1948,0.56335852,657,441052,-20.22,,,0.0001,85262,0.01640714704990387
671,1017.91,1952,0.56233486,658,442086,-20.24,,,0.0001,85521,0.006342239677906036
670,1013.94,1956,0.5613478299999999,660,443083,-20.24,,,0.0001,85770,0.007440968416631222
670,1020.5,1960,0.56025685,662,444185,-20.17,,,0.0001,86046,0.02689969353377819
670,1022.13,1964,0.5592896199999999,663,445162,-20.18,,,0.0001,86290,0.007081389892846346
670,1027.94,1968,0.55828972,665,446172,-20.16,,,0.0001,86542,0.012564941309392452
670,1023.66,1972,0.5573363499999999,666,447135,-20.15,,,0.0001,86783,0.011265303008258343
670,1023.82,1976,0.55622755,668,448255,-20.12,,,0.0001,87063,0.011743428185582161
670,1024.51,1980,0.5552088399999999,670,449284,-20.13,,,0.0001,87320,0.004046297632157803
669,1025.97,1984,0.5541356799999999,672,450368,-20.12,,,0.0001,87591,0.008845500648021698
669,1035.01,1988,0.553015,674,451500,-20.08,,,0.0001,87874,0.013329675421118736
669,1035.13,1992,0.55197055,675,452555,-20.07,,,0.0001,88138,0.005514504387974739
669,1041.49,1996,0.5508627400000001,677,453674,-20.02,,,0.0001,88418,0.02272915467619896
669,1047.05,2000,0.54981433,679,454733,-19.99,,,0.0001,88683,0.01362081989645958
669,1048.47,2004,0.5488263099999999,681,455731,-19.98,,,0.0001,88932,0.00956400204449892
669,1057.88,2008,0.5476957300000002,682,456873,-19.92,,,0.0001,89218,0.019228095188736916
668,1060.28,2012,0.5466304900000001,684,457949,-19.88,,,0.0001,89487,0.012995351105928421
668,1061.81,2016,0.54567415,686,458915,-19.85,,,0.0001,89728,0.006467669736593962
668,1063.57,2020,0.54465148,687,459948,-19.8,,,0.0001,89986,0.007894594222307205
668,1060.45,2024,0.54362287,689,460987,-19.82,,,0.0001,90246,0.007758575491607189
668,1071.44,2028,0.5425279300000001,691,462093,-19.75,,,0.0001,90523,0.005773291923105717
668,1072.88,2032,0.5414914,692,463140,-19.78,,,0.0001,90784,0.01675291731953621
668,1070.85,2036,0.5405647600000001,694,464076,-19.79,,,0.0001,91018,0.014170748181641102
668,1070.74,2040,0.53956882,696,465082,-19.79,,,0.0001,91270,0.027513161301612854
667,1071.8,2044,0.5384610100000001,698,466201,-19.84,,,0.0001,91550,0.005582376383244991
667,1073.48,2048,0.53736805,699,467305,-19.83,,,0.0001,91826,0.006835658103227615
667,1072.84,2052,0.53636518,701,468318,-19.83,,,0.0001,92079,0.014667666517198086
667,1083.58,2056,0.5351059,703,469590,-19.79,,,0.0001,92397,0.012425695545971394
667,1080.22,2060,0.53409313,705,470613,-19.83,,,0.0001,92653,0.012991544790565968
667,1082.69,2064,0.53306947,706,471647,-19.82,,,0.0001,92911,0.013991043902933598
667,1086.69,2068,0.5319715600000001,708,472756,-19.84,,,0.0001,93188,0.013919871300458908
666,1090.7,2072,0.53091325,710,473825,-19.82,,,0.0001,93456,0.019464079290628433
666,1089.07,2076,0.5298381099999999,712,474911,-19.85,,,0.0001,93727,0.010964110493659973
666,1090.13,2080,0.5287906899999999,713,475969,-19.86,,,0.0001,93992,0.012433771044015884
666,1090.62,2084,0.5277036700000001,715,477067,-19.89,,,0.0001,94266,0.022787120193243027
666,1083.85,2088,0.52674832,717,478032,-19.94,,,0.0001,94507,0.010805650614202023
666,1086.57,2092,0.52563754,719,479154,-19.96,,,0.0001,94788,0.012446409091353416
666,1081.27,2096,0.52466635,720,480135,-19.99,,,0.0001,95033,0.007097167894244194
665,1082.85,2100,0.52358923,722,481223,-20.0,,,0.0001,95305,0.016750479117035866
665,1086.98,2104,0.52250419,724,482319,-19.98,,,0.0001,95579,0.012373820878565311
665,1085.95,2108,0.5213953900000001,726,483439,-20.02,,,0.0001,95859,0.01610906980931759
665,1084.8,2112,0.5203638100000001,727,484481,-20.06,,,0.0001,96120,0.014472421258687973
665,1091.46,2116,0.5192362,729,485620,-20.02,,,0.0001,96404,0.007288658991456032
665,1094.21,2120,0.51814621,731,486721,-20.06,,,0.0001,96680,0.028222976252436638
665,1097.78,2124,0.51702256,733,487856,-20.03,,,0.0001,96963,0.007356648333370686
664,1098.5,2128,0.51589693,735,488993,-20.05,,,0.0001,97248,0.012301618233323097
664,1099.11,2132,0.5148504999999999,737,490050,-20.03,,,0.0001,97512,0.00939294695854187
664,1101.63,2136,0.51385852,738,491052,-20.01,,,0.0001,97762,0.012080322951078415
664,1106.12,2140,0.51274972,740,492172,-19.99,,,0.0001,98042,0.005400774534791708
664,1104.62,2144,0.5116765600000002,742,493256,-19.98,,,0.0001,98313,0.004866461269557476
664,1108.87,2148,0.51046678,744,494478,-19.97,,,0.0001,98619,0.026235774159431458
664,1116.3,2152,0.5092817500000002,746,495675,-19.91,,,0.0001,98918,0.005446549039334059
664,1109.69,2156,0.50818978,748,496778,-19.95,,,0.0001,99194,0.007296409457921982
663,1113.55,2160,0.5070740499999999,750,497905,-19.98,,,0.0001,99476,0.012313302606344223
663,1113.95,2164,0.50604544,751,498944,-19.99,,,0.0001,99735,0.009480200707912445
663,1110.98,2168,0.50501386,753,499986,-19.99,,,0.0001,99996,0.011042574420571327
,,,0.5050009899999999,,500000,,-18.4,1514.65,0.0001,99999,0.004502667114138603
655,1109.16,2172,0.50400109,764,501009,-20.02,,,0.0001,100252,0.010482803918421268
655,1109.66,2176,0.50291308,766,502108,-20.05,,,0.0001,100526,0.009056183509528637
654,1116.51,2180,0.50169439,768,503339,-19.98,,,0.0001,100834,0.009087753482162952
654,1118.28,2184,0.50055589,770,504489,-19.98,,,0.0001,101122,0.01009840052574873
654,1124.31,2188,0.4994569899999999,772,505599,-19.95,,,0.0001,101399,0.006210531108081341
654,1130.82,2192,0.49817791,774,506891,-19.94,,,0.0001,101722,0.010626941919326782
654,1132.43,2196,0.49716315999999994,776,507916,-19.97,,,0.0001,101978,0.008130684494972229
654,1137.09,2200,0.49596328,778,509128,-19.96,,,0.0001,102281,0.009137117303907871
654,1137.38,2204,0.49487130999999995,779,510231,-19.99,,,0.0001,102557,0.005370637867599726
654,1137.91,2208,0.49374567999999996,781,511368,-20.01,,,0.0001,102841,0.008100129663944244
653,1141.9,2212,0.49260421,783,512521,-19.98,,,0.0001,103130,0.01643899455666542
653,1140.94,2216,0.4915053100000001,785,513631,-20.01,,,0.0001,103407,0.0068201543763279915
653,1142.12,2220,0.49038760000000015,787,514760,-19.99,,,0.0001,103689,0.004978940822184086
653,1142.32,2224,0.48926098000000007,789,515898,-20.04,,,0.0001,103974,0.00796290673315525
653,1139.03,2228,0.4882214800000001,790,516948,-20.08,,,0.0001,104236,0.004686314612627029
653,1142.96,2232,0.48706516,792,518116,-20.1,,,0.0001,104528,0.037011727690696716
653,1148.44,2236,0.48592864,794,519264,-20.07,,,0.0001,104815,0.007145973388105631
653,1147.18,2240,0.48485845000000016,796,520345,-20.1,,,0.0001,105086,0.009603790938854218
653,1149.47,2244,0.48371796999999994,798,521497,-20.1,,,0.0001,105374,0.01407366618514061
653,1145.95,2248,0.48259827999999994,800,522628,-20.15,,,0.0001,105656,0.007591443136334419
652,1149.3,2252,0.48132514000000004,802,523914,-20.19,,,0.0001,105978,0.016025619581341743
652,1152.34,2256,0.4801559500000001,804,525095,-20.18,,,0.0001,106273,0.010961494408547878
652,1149.8,2260,0.47911447000000007,806,526147,-20.19,,,0.0001,106536,0.008853495121002197
652,1153.02,2264,0.47800072000000005,807,527272,-20.19,,,0.0001,106817,0.010221541859209538
652,1160.01,2268,0.47680084,809,528484,-20.16,,,0.0001,107120,0.010959750041365623
652,1166.22,2272,0.47563858000000003,811,529658,-20.12,,,0.0001,107414,0.00834356714040041
652,1173.53,2276,0.47437237,813,530937,-20.08,,,0.0001,107734,0.006966658402234316
652,1172.05,2280,0.4731853600000001,815,532136,-20.11,,,0.0001,108033,0.007910705171525478
652,1172.84,2284,0.47203596999999986,817,533297,-20.12,,,0.0001,108324,0.014548846520483494
652,1166.96,2288,0.47108161000000015,819,534261,-20.14,,,0.0001,108565,0.009867949411273003
651,1160.41,2292,0.4699589500000002,821,535395,-20.17,,,0.0001,108848,0.01102098822593689
651,1165.6,2296,0.46881649000000003,823,536549,-20.15,,,0.0001,109137,0.010642067529261112
651,1169.69,2300,0.46751761000000003,825,537861,-20.15,,,0.0001,109465,0.0058107879012823105
651,1171.31,2304,0.4663850500000001,827,539005,-20.16,,,0.0001,109751,0.021415334194898605
651,1170.85,2308,0.46527625000000006,829,540125,-20.15,,,0.0001,110031,0.012435439974069595
651,1170.76,2312,0.46414567000000007,830,541267,-20.17,,,0.0001,110316,0.006743961945176125
651,1173.54,2316,0.46297054000000004,832,542454,-20.19,,,0.0001,110613,0.005672376602888107
651,1180.36,2320,0.46168255,835,543755,-20.17,,,0.0001,110938,0.02199140191078186
651,1180.23,2324,0.46056483999999986,836,544884,-20.13,,,0.0001,111220,0.01240922324359417
650,1183.14,2328,0.45945604000000007,838,546004,-20.12,,,0.0001,111500,0.007957680150866508
650,1187.38,2332,0.45820072,840,547272,-20.08,,,0.0001,111817,0.023690860718488693
650,1188.72,2336,0.4570404400000001,842,548444,-20.09,,,0.0001,112110,0.01352984830737114
650,1192.37,2340,0.45588115000000007,844,549615,-20.08,,,0.0001,112403,0.0071837082505226135
650,1195.54,2344,0.45467137,846,550837,-20.05,,,0.0001,112709,0.01474546454846859
650,1192.99,2348,0.45361306,848,551906,-20.05,,,0.0001,112976,0.011415021494030952
650,1191.1,2352,0.45239337999999985,850,553138,-20.08,,,0.0001,113284,0.017909640446305275
650,1188.93,2356,0.4512826,852,554260,-20.09,,,0.0001,113564,0.006734482944011688
650,1193.56,2360,0.45012330999999994,854,555431,-20.06,,,0.0001,113857,0.010937593877315521
650,1193.32,2364,0.44901154,856,556554,-20.06,,,0.0001,114138,0.0071912482380867004
649,1193.41,2368,0.4478057200000001,858,557772,-20.08,,,0.0001,114442,0.008889224380254745
649,1194.32,2372,0.44661772,860,558972,-20.12,,,0.0001,114742,0.012993630021810532
649,1193.45,2376,0.4453782399999999,862,560224,-20.15,,,0.0001,115055,0.011063341051340103
649,1194.44,2380,0.4441734100000001,864,561441,-20.15,,,0.0001,115360,0.01309848204255104
649,1205.07,2384,0.44275573,866,562873,-20.13,,,0.0001,115718,0.012301999144256115
649,1212.15,2388,0.4416221800000001,868,564018,-20.08,,,0.0001,116004,0.02224232815206051
649,1210.68,2392,0.44054605,870,565105,-20.09,,,0.0001,116276,0.006936940364539623
649,1212.49,2396,0.43936299999999995,872,566300,-20.1,,,0.0001,116574,0.008244259282946587
649,1205.97,2400,0.43822945,874,567445,-20.11,,,0.0001,116861,0.009603934362530708
648,1209.41,2404,0.43700878,876,568678,-20.11,,,0.0001,117169,0.014991102740168571
648,1214.84,2408,0.43576831000000005,878,569931,-20.13,,,0.0001,117482,0.005614343099296093
648,1218.72,2412,0.43453675,880,571175,-20.15,,,0.0001,117793,0.008718306198716164
648,1216.46,2416,0.4334190400000001,882,572304,-20.12,,,0.0001,118075,0.019212298095226288
648,1213.32,2420,0.4322062900000001,884,573529,-20.17,,,0.0001,118382,0.005726030096411705
648,1211.9,2424,0.4311153099999999,886,574631,-20.2,,,0.0001,118657,0.009806585498154163
648,1213.84,2428,0.4299629500000002,888,575795,-20.18,,,0.0001,118948,0.012429855763912201
648,1209.03,2432,0.42882148,889,576948,-20.19,,,0.0001,119236,0.01760535128414631
648,1205.11,2436,0.42775326999999996,891,578027,-20.24,,,0.0001,119506,0.007162664085626602
648,1213.07,2440,0.42639004,894,579404,-20.2,,,0.0001,119850,0.010009299963712692
647,1218.78,2444,0.42503868999999994,896,580769,-20.18,,,0.0001,120192,0.004827206023037434
647,1222.13,2448,0.42389721999999996,898,581922,-20.13,,,0.0001,120480,0.022487599402666092
647,1222.24,2452,0.42267654999999993,900,583155,-20.02,,,0.0001,120788,0.0105111263692379
647,1228.45,2456,0.42140737000000017,902,584437,-20.0,,,0.0001,121109,0.009552016854286194
647,1228.28,2460,0.42025303000000014,904,585603,-19.98,,,0.0001,121400,0.01194889284670353
647,1228.67,2464,0.4191392800000001,906,586728,-19.98,,,0.0001,121681,0.008140604011714458
647,1228.75,2468,0.41794534000000005,908,587934,-19.99,,,0.0001,121983,0.005206415895372629
647,1223.42,2472,0.41689593999999996,909,588994,-19.98,,,0.0001,122248,0.00856360699981451
647,1226.61,2476,0.41557330000000003,912,590330,-19.95,,,0.0001,122582,0.008923892863094807
647,1224.83,2480,0.41440509999999997,914,591510,-19.99,,,0.0001,122877,0.0048166485503315926
646,1212.17,2484,0.41330025999999986,915,592626,-20.0,,,0.0001,123156,0.01762434095144272
646,1218.34,2488,0.41200930000000013,918,593930,-20.0,,,0.0001,123482,0.01624951884150505
646,1223.91,2492,0.4107886300000001,920,595163,-19.97,,,0.0001,123790,0.013156316243112087
646,1226.06,2496,0.40954915000000014,922,596415,-19.93,,,0.0001,124103,0.006200576666742563
646,1225.49,2500,0.40841956,924,597556,-19.96,,,0.0001,124388,0.011902873404324055
646,1233.09,2504,0.4070098,926,598980,-19.91,,,0.0001,124744,0.0125334607437253
,,,0.40600099,,600000,,-19.4,1602.9,0.0001,124999,0.009385261684656143
639,1231.32,2508,0.40581387999999985,938,600188,-19.86,,,0.0001,125046,0.015705201774835587
639,1229.05,2512,0.40463875000000005,940,601375,-19.86,,,0.0001,125343,0.01096850261092186
639,1232.51,2516,0.4034428299999999,942,602583,-19.9,,,0.0001,125645,0.007630602456629276
639,1228.26,2520,0.4023290799999999,944,603708,-19.9,,,0.0001,125926,0.018938114866614342
639,1242.62,2524,0.40088764,947,605164,-19.86,,,0.0001,126290,0.006522330921143293
638,1240.4,2528,0.3997877499999999,948,606275,-19.9,,,0.0001,126568,0.01193304918706417
638,1240.04,2532,0.3986512299999999,950,607423,-19.91,,,0.0001,126855,0.004595672711730003
638,1246.18,2536,0.3974315500000001,952,608655,-19.89,,,0.0001,127163,0.010432841256260872
638,1237.93,2540,0.3962623599999999,954,609836,-19.91,,,0.0001,127458,0.011138305068016052
638,1232.64,2544,0.39504664,956,611064,-19.96,,,0.0001,127765,0.004782897420227528
638,1236.12,2548,0.39382993,958,612293,-20.01,,,0.0001,128073,0.021974721923470497
638,1236.03,2552,0.3926033200000001,961,613532,-20.12,,,0.0001,128382,0.012396072037518024
638,1237.36,2556,0.39129751,963,614851,-20.15,,,0.0001,128712,0.008504136465489864
638,1238.59,2560,0.39011940999999994,965,616041,-20.15,,,0.0001,129010,0.013082155026495457
638,1240.28,2564,0.38895022,967,617222,-20.15,,,0.0001,129305,0.010394838638603687
638,1242.73,2568,0.38768599000000015,969,618499,-20.07,,,0.0001,129624,0.0039539155550301075
638,1254.78,2572,0.38633068000000015,971,619868,-20.01,,,0.0001,129966,0.011021856218576431
637,1256.81,2576,0.3849625000000001,973,621250,-20.02,,,0.0001,130312,0.011056624352931976
637,1265.57,2580,0.38358342999999995,976,622643,-19.99,,,0.0001,130660,0.01138761080801487
637,1270.99,2584,0.38234296,978,623896,-20.0,,,0.0001,130973,0.007019583135843277
637,1267.53,2588,0.3811410999999999,980,625110,-20.01,,,0.0001,131277,0.00925202015787363
637,1275.58,2592,0.3797263900000001,982,626539,-19.97,,,0.0001,131634,0.009035449475049973
637,1280.27,2596,0.3783661300000001,985,627913,-19.96,,,0.0001,131978,0.006247120909392834
637,1297.35,2600,0.3768256900000002,987,629469,-19.9,,,0.0001,132367,0.005370455328375101
637,1291.12,2604,0.37557136,989,630736,-19.92,,,0.0001,132683,0.006987626198679209
637,1296.32,2608,0.3742477299999999,991,632073,-19.94,,,0.0001,133018,0.006876264698803425
637,1307.66,2612,0.37280035,994,633535,-19.89,,,0.0001,133383,0.012963172048330307
637,1314.57,2616,0.37143019,996,634919,-19.83,,,0.0001,133729,0.010223900899291039
636,1324.62,2620,0.3700798299999999,998,636283,-19.82,,,0.0001,134070,0.012064063921570778
636,1321.53,2624,0.36871560999999997,1001,637661,-19.84,,,0.0001,134415,0.00494216987863183
636,1330.05,2628,0.36740188000000007,1003,638988,-19.79,,,0.0001,134746,0.009396018460392952
636,1339.78,2632,0.3660307300000002,1005,640373,-19.81,,,0.0001,135093,0.007196202874183655
636,1349.05,2636,0.36457344999999997,1008,641845,-19.75,,,0.0001,135461,0.016182541847229004
636,1354.28,2640,0.36328546000000006,1010,643146,-19.74,,,0.0001,135786,0.015052692033350468
636,1357.48,2644,0.36198361,1012,644461,-19.73,,,0.0001,136115,0.0077721113339066505
636,1360.75,2648,0.36067582,1014,645782,-19.67,,,0.0001,136445,0.008217236027121544
636,1360.14,2652,0.35945910999999997,1016,647011,-19.66,,,0.0001,136752,0.010402591899037361
636,1355.21,2656,0.35827902999999994,1018,648203,-19.65,,,0.0001,137050,0.02675311267375946
636,1363.88,2660,0.35688213999999985,1021,649614,-19.63,,,0.0001,137403,0.020608659833669662
635,1367.66,2664,0.35563276,1023,650876,-19.64,,,0.0001,137718,0.0037878474686294794
635,1372.78,2668,0.3542428000000001,1025,652280,-19.71,,,0.0001,138069,0.011698316782712936
635,1371.29,2672,0.3529251099999998,1028,653611,-19.78,,,0.0001,138402,0.007425314746797085
635,1370.45,2676,0.35157673,1030,654973,-19.77,,,0.0001,138743,0.004662942141294479
635,1370.84,2680,0.35019270999999996,1032,656371,-19.78,,,0.0001,139092,0.013937296345829964
635,1373.99,2684,0.3488730400000002,1035,657704,-19.8,,,0.0001,139425,0.007557477802038193
635,1379.04,2688,0.34754644,1037,659044,-19.79,,,0.0001,139760,0.004418635740876198
635,1368.99,2692,0.3463723000000001,1039,660230,-19.86,,,0.0001,140057,0.00691888015717268
635,1371.14,2696,0.34496848,1041,661648,-19.88,,,0.0001,140411,0.007851727306842804
635,1369.87,2700,0.34345179999999986,1044,663180,-19.86,,,0.0001,140794,0.010639680549502373
635,1377.78,2704,0.3420034300000001,1046,664643,-19.83,,,0.0001,141160,0.007333666086196899
634,1378.92,2708,0.34065109000000016,1048,666009,-19.84,,,0.0001,141502,0.00987280998378992
634,1374.54,2712,0.33930073000000005,1051,667373,-19.86,,,0.0001,141843,0.010836868546903133
634,1377.57,2716,0.33785434000000003,1053,668834,-19.86,,,0.0001,142208,0.01408100500702858
634,1380.0,2720,0.33644161000000006,1056,670261,-19.83,,,0.0001,142565,0.026284456253051758
634,1375.05,2724,0.33519420999999994,1058,671521,-19.86,,,0.0001,142880,0.015898803249001503
634,1373.76,2728,0.3339121599999999,1060,672816,-19.88,,,0.0001,143203,0.00922294519841671
634,1373.59,2732,0.33254299,1062,674199,-19.86,,,0.0001,143549,0.011537494137883186
634,1372.83,2736,0.33111243999999984,1065,675644,-19.86,,,0.0001,143910,0.007354109548032284
634,1377.48,2740,0.32970564999999996,1067,677065,-19.85,,,0.0001,144266,0.008536187931895256
634,1379.33,2744,0.3283572699999999,1069,678427,-19.84,,,0.0001,144606,0.014341341331601143
634,1382.03,2748,0.32699106999999994,1072,679807,-19.85,,,0.0001,144951,0.005441033747047186
634,1388.98,2752,0.32560902999999997,1074,681203,-19.82,,,0.0001,145300,0.0037962005008012056
633,1398.49,2756,0.32418838000000016,1076,682638,-19.81,,,0.0001,145659,0.008394027128815651
633,1397.16,2760,0.3228152499999999,1079,684025,-19.85,,,0.0001,146006,0.0134000638499856
633,1411.1,2764,0.32121738999999994,1081,685639,-19.77,,,0.0001,146409,0.005877638701349497
633,1405.11,2768,0.31998385000000007,1084,686885,-19.76,,,0.0001,146721,0.024243846535682678
633,1408.99,2772,0.31857310000000005,1086,688310,-19.69,,,0.0001,147077,0.007611425593495369
633,1408.81,2776,0.3172247200000001,1088,689672,-19.66,,,0.0001,147417,0.010952307842671871
633,1409.36,2780,0.3158228799999998,1091,691088,-19.63,,,0.0001,147771,0.008699299767613411
633,1408.06,2784,0.31454083,1093,692383,-19.62,,,0.0001,148095,0.011906521394848824
633,1408.09,2788,0.3132112600000002,1095,693726,-19.64,,,0.0001,148431,0.009061876684427261
633,1414.78,2792,0.3118757499999999,1097,695075,-19.63,,,0.0001,148768,0.015799205750226974
633,1411.58,2796,0.31054024,1100,696424,-19.64,,,0.0001,149105,0.013660158030688763
632,1410.74,2800,0.3090433600000001,1102,697936,-19.69,,,0.0001,149483,0.01795799843966961
632,1408.79,2804,0.30764844999999985,1105,699345,-19.72,,,0.0001,149836,0.012231575325131416
,,,0.3070009899999999,,700000,,-17.85,2150.35,0.0001,149999,0.006230228114873171
625,1411.36,2808,0.30623077,1121,700777,-19.68,,,0.0001,150194,0.00754368444904685
624,1416.25,2812,0.3047635900000001,1123,702259,-19.69,,,0.0001,150564,0.02612340822815895
624,1421.21,2816,0.30319047999999993,1126,703848,-19.71,,,0.0001,150961,0.010258526541292667
624,1425.68,2820,0.3016569699999999,1128,705397,-19.72,,,0.0001,151349,0.0064620692282915115
624,1436.77,2824,0.30013632999999995,1131,706933,-19.65,,,0.0001,151733,0.007573082111775875
624,1435.0,2828,0.29889783999999986,1133,708184,-19.61,,,0.0001,152045,0.01610177755355835
624,1432.11,2832,0.29760588999999993,1135,709489,-19.62,,,0.0001,152372,0.012380201369524002
624,1430.71,2836,0.2962129600000001,1138,710896,-19.7,,,0.0001,152723,0.0088542141020298
624,1430.15,2840,0.29482993000000013,1140,712293,-19.69,,,0.0001,153073,0.007227696478366852
624,1443.73,2844,0.2931518799999999,1143,713988,-19.65,,,0.0001,153496,0.006507007405161858
624,1447.64,2848,0.2916856899999999,1146,715469,-19.65,,,0.0001,153867,0.014281204901635647
624,1454.47,2852,0.2901353499999999,1148,717035,-19.64,,,0.0001,154258,0.007008049637079239
624,1453.65,2856,0.28874935,1151,718435,-19.64,,,0.0001,154608,0.01168682798743248
624,1458.99,2860,0.28725148,1153,719948,-19.59,,,0.0001,154986,0.008208376355469227
623,1445.56,2864,0.2859783400000001,1155,721234,-19.66,,,0.0001,155308,0.012477309443056583
623,1451.16,2868,0.28459530999999993,1158,722631,-19.66,,,0.0001,155657,0.006728522479534149
623,1458.42,2872,0.2830014099999999,1160,724241,-19.66,,,0.0001,156060,0.011930868029594421
623,1466.18,2876,0.2814589900000002,1163,725799,-19.7,,,0.0001,156449,0.016417236998677254
623,1463.9,2880,0.28011456999999995,1165,727157,-19.71,,,0.0001,156789,0.007209322415292263
623,1478.08,2884,0.27848008000000013,1168,728808,-19.66,,,0.0001,157201,0.007217496633529663
623,1478.75,2888,0.27713368000000005,1170,730168,-19.69,,,0.0001,157541,0.0047282990999519825
623,1491.28,2892,0.27549325,1173,731825,-19.63,,,0.0001,157956,0.010019076988101006
623,1501.05,2896,0.2739240999999999,1176,733410,-19.61,,,0.0001,158352,0.008004019036889076
623,1500.18,2900,0.27245295999999997,1179,734896,-19.59,,,0.0001,158723,0.011677172034978867
623,1498.26,2904,0.27109863999999995,1181,736264,-19.6,,,0.0001,159065,0.009235679171979427
623,1499.18,2908,0.26966314,1183,737714,-19.61,,,0.0001,159428,0.008226310834288597
623,1498.38,2912,0.2682216999999999,1186,739170,-19.58,,,0.0001,159792,0.014943545684218407
623,1493.72,2916,0.26676540999999987,1188,740641,-19.58,,,0.0001,160160,0.008374650962650776
622,1491.11,2920,0.2653012000000001,1191,742120,-19.61,,,0.0001,160529,0.016489287838339806
622,1498.8,2924,0.26359642000000016,1194,743842,-19.61,,,0.0001,160960,0.0077484361827373505
622,1513.59,2928,0.26199559000000017,1197,745459,-19.62,,,0.0001,161364,0.01311611570417881
622,1525.94,2932,0.26040169,1199,747069,-19.57,,,0.0001,161767,0.009172807447612286
622,1527.45,2936,0.2589661900000001,1202,748519,-19.47,,,0.0001,162129,0.015377559699118137
622,1532.36,2940,0.2574534700000001,1204,750047,-19.47,,,0.0001,162511,0.012650031596422195
622,1521.74,2944,0.25602985,1207,751485,-19.54,,,0.0001,162871,0.00423781480640173
622,1521.3,2948,0.25457653,1209,752953,-19.57,,,0.0001,163238,0.011467712931334972
622,1512.52,2952,0.25324003000000006,1212,754303,-19.59,,,0.0001,163575,0.009231249801814556
622,1515.52,2956,0.2517748299999999,1214,755783,-19.58,,,0.0001,163945,0.008348044008016586
622,1520.68,2960,0.25014925,1217,757425,-19.55,,,0.0001,164356,0.013204537332057953
622,1534.64,2964,0.24854347,1220,759047,-19.5,,,0.0001,164761,0.009854581207036972
621,1552.85,2968,0.24670800999999998,1223,760901,-19.46,,,0.0001,165225,0.037434592843055725
621,1552.83,2972,0.24512005000000003,1226,762505,-19.51,,,0.0001,165626,0.008133884519338608
621,1555.54,2976,0.24352119999999988,1228,764120,-19.43,,,0.0001,166029,0.012515031732618809
621,1567.05,2980,0.24189364000000013,1231,765764,-19.38,,,0.0001,166440,0.004054619465023279
621,1561.32,2984,0.24039774999999985,1234,767275,-19.39,,,0.0001,166818,0.0104744341224432
621,1567.67,2988,0.23889492999999995,1236,768793,-19.32,,,0.0001,167198,0.008458394557237625
621,1569.12,2992,0.23721588999999998,1239,770489,-19.32,,,0.0001,167622,0.007789384573698044
621,1571.68,2996,0.23557545999999996,1242,772146,-19.32,,,0.0001,168036,0.019824204966425896
621,1576.77,3000,0.23397463000000007,1245,773763,-19.28,,,0.0001,168440,0.005623423494398594
621,1589.31,3004,0.23231044,1248,775444,-19.26,,,0.0001,168860,0.010308421216905117
621,1599.99,3008,0.23060961999999985,1251,777162,-19.24,,,0.0001,169290,0.012309854850172997
621,1599.18,3012,0.22918105,1253,778605,-19.24,,,0.0001,169651,0.021197456866502762
620,1603.04,3016,0.22763466999999993,1256,780167,-19.22,,,0.0001,170041,0.011136302724480629
620,1608.23,3020,0.2260407700000001,1259,781777,-19.17,,,0.0001,170444,0.010807443410158157
620,1598.81,3024,0.22457061999999983,1261,783262,-19.2,,,0.0001,170815,0.010948068462312222
620,1597.41,3028,0.22300246000000012,1264,784846,-19.18,,,0.0001,171211,0.011445961892604828
620,1597.81,3032,0.22139866000000008,1267,786466,-19.2,,,0.0001,171616,0.010274122469127178
620,1604.83,3036,0.2197909,1270,788090,-19.24,,,0.0001,172022,0.010266159661114216
620,1612.05,3040,0.21810196000000004,1272,789796,-19.18,,,0.0001,172448,0.014767839573323727
620,1623.49,3044,0.21640212999999986,1275,791513,-19.07,,,0.0001,172878,0.009365285746753216
620,1630.92,3048,0.21476070999999997,1278,793171,-18.99,,,0.0001,173292,0.007634625304490328
620,1644.86,3052,0.21309256,1281,794856,-18.94,,,0.0001,173713,0.009038020856678486
620,1670.84,3056,0.21097692999999995,1285,796993,-18.82,,,0.0001,174248,0.010314619168639183
619,1667.1,3060,0.20943549999999989,1288,798550,-18.84,,,0.0001,174637,0.020307693630456924
,,,0.20800098999999983,,800000,,-17.7,2279.8,0.0001,174999,0.008327526971697807
613,1679.37,3064,0.20752183000000013,1305,800483,-18.76,,,0.0001,175120,0.008379030972719193
612,1669.07,3068,0.20594773,1308,802073,-18.75,,,0.0001,175518,0.0070562418550252914
612,1676.49,3072,0.20417167000000014,1311,803867,-18.73,,,0.0001,175966,0.011679534800350666
612,1687.22,3076,0.20230155999999988,1314,805756,-18.73,,,0.0001,176438,0.024037184193730354
612,1695.73,3080,0.20045818000000004,1318,807618,-18.7,,,0.0001,176904,0.00885987002402544
612,1700.07,3084,0.19885339000000002,1320,809239,-18.71,,,0.0001,177309,0.005373814143240452
612,1706.26,3088,0.19720207,1323,810907,-18.72,,,0.0001,177726,0.008643445558845997
612,1705.51,3092,0.19554976000000002,1326,812576,-18.74,,,0.0001,178143,0.014125656336545944
612,1708.3,3096,0.19384992999999984,1329,814293,-18.73,,,0.0001,178573,0.022770732641220093
612,1712.64,3100,0.19214812000000003,1332,816012,-18.76,,,0.0001,179002,0.008281685411930084
612,1711.71,3104,0.19051462000000008,1335,817662,-18.76,,,0.0001,179415,0.010055912658572197
612,1711.76,3108,0.1888048899999999,1338,819389,-18.78,,,0.0001,179847,0.007592875976115465
612,1732.12,3112,0.18687438999999995,1341,821339,-18.73,,,0.0001,180334,0.015138348564505577
612,1743.6,3116,0.18503794000000007,1345,823194,-18.74,,,0.0001,180798,0.00686650862917304
611,1756.21,3120,0.18313516000000007,1348,825116,-18.7,,,0.0001,181278,0.023601770401000977
611,1761.89,3124,0.18152343999999987,1351,826744,-18.68,,,0.0001,181685,0.006705057807266712
611,1781.2,3128,0.1794820599999999,1354,828806,-18.68,,,0.0001,182201,0.005163578316569328
611,1788.03,3132,0.1776970900000001,1357,830609,-18.6,,,0.0001,182652,0.020908590406179428
611,1797.81,3136,0.17584876000000005,1361,832476,-18.53,,,0.0001,183118,0.006859970279037952
611,1807.45,3140,0.17392518999999995,1364,834419,-18.6,,,0.0001,183604,0.005748353898525238
611,1818.86,3144,0.17194222000000003,1367,836422,-18.56,,,0.0001,184105,0.0056647611781954765
611,1829.01,3148,0.17005329999999996,1371,838330,-18.56,,,0.0001,184582,0.01580212451517582
611,1838.75,3152,0.16812675999999993,1374,840276,-18.59,,,0.0001,185068,0.012765117920935154
611,1816.08,3156,0.16657642000000006,1377,841842,-18.72,,,0.0001,185460,0.0068336352705955505
611,1823.85,3160,0.16484491,1380,843591,-18.68,,,0.0001,185897,0.008327711373567581
611,1816.32,3164,0.1631124100000001,1383,845341,-18.72,,,0.0001,186335,0.007397763431072235
611,1832.39,3168,0.16113736000000012,1386,847336,-18.68,,,0.0001,186833,0.01025998406112194
610,1831.33,3172,0.15938703999999992,1389,849104,-18.66,,,0.0001,187275,0.0073173148557543755
610,1834.37,3176,0.15743673999999985,1393,851074,-18.67,,,0.0001,187768,0.014047161675989628
610,1838.11,3180,0.15550920999999995,1396,853021,-18.59,,,0.0001,188255,0.01162363775074482
610,1854.04,3184,0.15351435999999985,1400,855036,-18.5,,,0.0001,188758,0.010061472654342651
610,1857.95,3188,0.15176503000000008,1403,856803,-18.49,,,0.0001,189200,0.009998457506299019
610,1873.03,3192,0.14972166999999992,1406,858867,-18.41,,,0.0001,189716,0.008980685845017433
610,1880.14,3196,0.14783869000000016,1410,860769,-18.39,,,0.0001,190192,0.010396422818303108
610,1893.86,3200,0.14579533,1413,862833,-18.34,,,0.0001,190708,0.009760521352291107
610,1903.46,3204,0.14392125999999994,1416,864726,-18.29,,,0.0001,191181,0.0030846809968352318
610,1917.05,3208,0.14187987999999985,1420,866788,-18.2,,,0.0001,191696,0.00925428792834282
610,1924.87,3212,0.13975731999999996,1424,868932,-18.19,,,0.0001,192232,0.004304458387196064
610,1936.73,3216,0.13763179000000003,1427,871079,-18.11,,,0.0001,192769,0.011399004608392715
609,1943.26,3220,0.13556367999999985,1431,873168,-18.04,,,0.0001,193291,0.019436364993453026
609,1946.72,3224,0.13385592999999985,1434,874893,-18.04,,,0.0001,193723,0.007853792980313301
609,1945.53,3228,0.13183534000000008,1438,876934,-17.99,,,0.0001,194233,0.012460211291909218
609,1961.34,3232,0.12966228999999996,1441,879129,-17.98,,,0.0001,194782,0.008464904502034187
609,1974.24,3236,0.12748726,1445,881326,-17.93,,,0.0001,195331,0.010997487232089043
609,1980.34,3240,0.12541122999999998,1449,883423,-17.85,,,0.0001,195855,0.011498755775392056
609,1976.69,3244,0.12351835,1452,885335,-17.91,,,0.0001,196333,0.016428211703896523
609,1987.56,3248,0.12135124000000008,1456,887524,-17.85,,,0.0001,196880,0.019915543496608734
609,1991.65,3252,0.11932867000000003,1460,889567,-17.73,,,0.0001,197391,0.003986535593867302
609,2005.38,3256,0.11744173000000002,1463,891473,-17.67,,,0.0001,197868,0.011241840198636055
609,2018.46,3260,0.1153864899999999,1467,893549,-17.69,,,0.0001,198387,0.0054918513633310795
608,2031.4,3264,0.11333817999999996,1470,895618,-17.65,,,0.0001,198904,0.03622571751475334
608,2045.34,3268,0.11101663000000017,1474,897963,-17.6,,,0.0001,199490,0.022300658747553825
,,,0.10900098999999996,,900000,,-17.4,2383.95,0.0001,199999,0.007712125312536955
602,2056.66,3272,0.10898812000000002,1493,900012,-17.55,,,0.0001,200002,0.00908699817955494
602,2065.0,3276,0.10684377999999983,1497,902178,-17.46,,,0.0001,200544,0.013661851175129414
602,2061.1,3280,0.10500732999999995,1500,904033,-17.57,,,0.0001,201008,0.0080029321834445
602,2069.46,3284,0.10280754999999997,1504,906255,-17.56,,,0.0001,201563,0.018940739333629608
602,2078.15,3288,0.10083348999999997,1507,908249,-17.49,,,0.0001,202062,0.021609939634799957
602,2079.18,3292,0.09877429000000004,1511,910329,-17.43,,,0.0001,202582,0.009085197001695633
602,2093.55,3296,0.09654778000000008,1515,912578,-17.35,,,0.0001,203144,0.006669867318123579
602,2106.83,3300,0.09417079000000006,1519,914979,-17.27,,,0.0001,203744,0.007734309881925583
602,2114.97,3304,0.09208980999999994,1523,917081,-17.24,,,0.0001,204270,0.011303925886750221
601,2121.28,3308,0.08989003000000007,1527,919303,-17.14,,,0.0001,204825,0.008199874311685562
601,2116.13,3312,0.0878931999999999,1530,921320,-17.08,,,0.0001,205329,0.013995874673128128
601,2119.58,3316,0.08568252999999992,1534,923553,-17.01,,,0.0001,205888,0.00708020431920886
601,2117.24,3320,0.08367480999999999,1538,925581,-17.05,,,0.0001,206395,0.008396721445024014
601,2143.45,3324,0.08132949999999994,1542,927950,-17.02,,,0.0001,206987,0.007812465075403452
601,2157.69,3328,0.07896538000000008,1546,930338,-16.94,,,0.0001,207584,0.01226748712360859
601,2156.19,3332,0.07682499999999992,1550,932500,-16.94,,,0.0001,208124,0.010424328036606312
601,2161.99,3336,0.07451334999999992,1554,934835,-16.97,,,0.0001,208708,0.008263478055596352
601,2166.29,3340,0.07232842000000006,1558,937042,-16.94,,,0.0001,209260,0.008233515545725822
601,2178.72,3344,0.07012369000000007,1562,939269,-16.92,,,0.0001,209817,0.013254252262413502
601,2187.64,3348,0.06773977000000009,1566,941677,-16.9,,,0.0001,210419,0.005988588090986013
601,2200.82,3352,0.06539644000000011,1570,944044,-16.82,,,0.0001,211010,0.011700812727212906
601,2206.95,3356,0.06336297999999996,1574,946098,-16.8,,,0.0001,211524,0.008136123418807983
600,2216.21,3360,0.061078060000000156,1578,948406,-16.75,,,0.0001,212101,0.00810634158551693
600,2233.3,3364,0.05860207000000006,1582,950907,-16.69,,,0.0001,212726,0.011740369722247124
600,2238.14,3368,0.056165679999999996,1587,953368,-16.64,,,0.0001,213341,0.010872161947190762
600,2244.07,3372,0.05398965999999983,1590,955566,-16.68,,,0.0001,213891,0.006326793227344751
600,2250.59,3376,0.05167206999999996,1595,957907,-16.72,,,0.0001,214476,0.01084083504974842
600,2270.45,3380,0.04934062000000006,1599,960262,-16.61,,,0.0001,215065,0.004892102442681789
600,2282.06,3384,0.04685473000000018,1603,962773,-16.45,,,0.0001,215693,0.010035226121544838
600,2300.51,3388,0.04443220000000003,1607,965220,-16.42,,,0.0001,216304,0.021943166851997375
600,2314.9,3392,0.04201462,1612,967662,-16.41,,,0.0001,216915,0.006923994980752468
600,2307.18,3396,0.03997225000000004,1615,969725,-16.42,,,0.0001,217431,0.007604404352605343
600,2328.09,3400,0.03707353000000002,1621,972653,-16.36,,,0.0001,218163,0.008857551962137222
599,2343.91,3404,0.03460248999999993,1625,975149,-16.29,,,0.0001,218787,0.013993440195918083
599,2349.62,3408,0.032266090000000025,1629,977509,-16.37,,,0.0001,219377,0.008118316531181335
599,2364.91,3412,0.029895040000000095,1633,979904,-16.37,,,0.0001,219975,0.01388549618422985
599,2373.32,3416,0.02748043,1638,982343,-16.42,,,0.0001,220585,0.007137950975447893
599,2393.08,3420,0.024984640000000002,1642,984864,-16.4,,,0.0001,221215,0.007438785396516323
599,2397.78,3424,0.022519540000000116,1647,987354,-16.24,,,0.0001,221838,0.009302106685936451
599,2399.28,3428,0.020116809999999985,1651,989781,-16.28,,,0.0001,222445,0.01711812987923622
599,2420.7,3432,0.017453709999999956,1656,992471,-16.18,,,0.0001,223117,0.005110781639814377
599,2415.95,3436,0.015256900000000129,1660,994690,-16.21,,,0.0001,223672,0.018923141062259674
599,2427.93,3440,0.012778929999999966,1664,997193,-16.17,,,0.0001,224298,0.006044917739927769
,,,0.010000990000000098,,1000000,,-15.7,2537.85,0.0001,224999,0.0103181516751647
593,2453.58,3444,0.01,1685,1000053,-15.99,,,0.0001,225013,0.013006831519305706
593,2463.04,3448,0.01,1690,1002693,-16.01,,,0.0001,225673,0.01961294561624527
593,2470.68,3452,0.01,1695,1005243,-16.07,,,0.0001,226310,0.018097927793860435
592,2481.13,3456,0.01,1699,1007563,-16.04,,,0.0001,226890,0.007060065865516663
592,2504.3,3460,0.01,1704,1010449,-15.89,,,0.0001,227612,0.006763492710888386
592,2504.97,3464,0.01,1708,1012955,-15.88,,,0.0001,228238,0.007665386889129877
592,2510.19,3468,0.01,1713,1015541,-15.89,,,0.0001,228885,0.012672891840338707
592,2534.01,3472,0.01,1718,1018335,-15.75,,,0.0001,229583,0.006655924022197723
592,2561.18,3476,0.01,1723,1021352,-15.56,,,0.0001,230337,0.010406026616692543
592,2575.87,3480,0.01,1728,1024067,-15.56,,,0.0001,231016,0.014873471111059189
592,2567.8,3484,0.01,1732,1026380,-15.74,,,0.0001,231594,0.01832052320241928
592,2581.84,3488,0.01,1737,1029182,-15.68,,,0.0001,232295,0.018142718821763992
592,2591.71,3492,0.01,1742,1031874,-15.65,,,0.0001,232968,0.02024887688457966
592,2605.06,3496,0.01,1746,1034271,-15.6,,,0.0001,233567,0.010045845061540604
592,2598.4,3500,0.01,1751,1037039,-15.59,,,0.0001,234259,0.010254910215735435
592,2606.63,3504,0.01,1756,1039738,-15.53,,,0.0001,234934,0.01622500829398632
591,2615.43,3508,0.01,1760,1042322,-15.55,,,0.0001,235580,0.020784635096788406
591,2633.26,3512,0.01,1765,1045161,-15.5,,,0.0001,236290,0.013784049078822136
591,2633.66,3516,0.01,1770,1047611,-15.45,,,0.0001,236902,0.004095357842743397
591,2640.64,3520,0.01,1775,1050313,-15.34,,,0.0001,237578,0.017040669918060303
591,2661.37,3524,0.01,1780,1053320,-15.33,,,0.0001,238329,0.007238731253892183
591,2672.31,3528,0.01,1785,1056024,-15.3,,,0.0001,239005,0.0031023037154227495
591,2679.22,3532,0.01,1790,1058884,-15.35,,,0.0001,239720,0.011595688760280609
591,2707.03,3536,0.01,1795,1061801,-15.19,,,0.0001,240450,0.018009139224886894
591,2711.61,3540,0.01,1800,1064426,-15.14,,,0.0001,241106,0.0105038583278656
591,2706.79,3544,0.01,1805,1067169,-15.18,,,0.0001,241792,0.00900872703641653
591,2710.24,3548,0.01,1809,1069897,-15.12,,,0.0001,242474,0.02123410999774933
591,2706.33,3552,0.01,1814,1072362,-15.19,,,0.0001,243090,0.014449960552155972
590,2720.32,3556,0.01,1819,1075038,-15.15,,,0.0001,243759,0.007429124787449837
590,2708.48,3560,0.01,1823,1077623,-15.24,,,0.0001,244405,0.016827819868922234
590,2710.2,3564,0.01,1828,1080181,-15.3,,,0.0001,245045,0.008093588054180145
590,2711.53,3568,0.01,1832,1082804,-15.24,,,0.0001,245700,0.019911371171474457
590,2715.02,3572,0.01,1837,1085682,-15.27,,,0.0001,246420,0.005914068315178156
590,2717.64,3576,0.01,1843,1088762,-15.27,,,0.0001,247190,0.004916774574667215
590,2712.7,3580,0.01,1847,1091361,-15.25,,,0.0001,247840,0.011521248146891594
590,2721.55,3584,0.01,1852,1093900,-15.21,,,0.0001,248474,0.018376562744379044
590,2720.3,3588,0.01,1857,1096669,-15.16,,,0.0001,249167,0.019467007368803024
590,2723.44,3592,0.01,1862,1099447,-15.13,,,0.0001,249861,0.011969420127570629
,,,0.01,,1100000,,-15.05,2563.1,0.0001,249999,0.004114863928407431
585,2743.32,3596,0.01,1883,1102342,-14.99,,,0.0001,250585,0.019331037998199463
585,2723.13,3600,0.01,1887,1104591,-15.09,,,0.0001,251147,0.015238196589052677
585,2726.2,3604,0.01,1892,1107363,-15.09,,,0.0001,251840,0.012256914749741554
585,2737.82,3608,0.01,1897,1110233,-14.97,,,0.0001,252558,0.013034780509769917
585,2737.36,3612,0.01,1902,1113054,-14.94,,,0.0001,253263,0.006744864396750927
584,2748.65,3616,0.01,1907,1115791,-14.88,,,0.0001,253947,0.0034959185868501663
584,2760.49,3620,0.01,1912,1118785,-14.74,,,0.0001,254696,0.015877731144428253
584,2744.88,3624,0.01,1917,1121404,-14.77,,,0.0001,255350,0.00804905965924263
584,2745.0,3628,0.01,1922,1124111,-14.72,,,0.0001,256027,0.018361538648605347
584,2736.81,3632,0.01,1927,1126771,-14.57,,,0.0001,256692,0.00936861615628004
584,2728.31,3636,0.01,1931,1129469,-14.66,,,0.0001,257367,0.006867323536425829
584,2740.62,3640,0.01,1936,1132406,-14.61,,,0.0001,258101,0.005231274291872978
584,2746.45,3644,0.01,1942,1135303,-14.64,,,0.0001,258825,0.012972291558980942
584,2750.46,3648,0.01,1947,1138129,-14.61,,,0.0001,259532,0.015954110771417618
584,2775.44,3652,0.01,1952,1141218,-14.27,,,0.0001,260304,0.0032764719799160957
584,2771.33,3656,0.01,1957,1143791,-14.25,,,0.0001,260947,0.004989226348698139
584,2777.0,3660,0.01,1961,1146517,-14.21,,,0.0001,261629,0.028037097305059433
584,2772.85,3664,0.01,1966,1148969,-14.15,,,0.0001,262242,0.006770857609808445
584,2782.84,3668,0.01,1971,1151850,-14.11,,,0.0001,262962,0.008542194962501526
584,2782.58,3672,0.01,1976,1154727,-14.06,,,0.0001,263681,0.018572254106402397
584,2768.61,3676,0.01,1981,1157464,-14.11,,,0.0001,264365,0.012324117124080658
584,2804.4,3680,0.01,1987,1160958,-13.95,,,0.0001,265239,0.026790278032422066
584,2814.3,3684,0.01,1992,1163740,-13.82,,,0.0001,265934,0.010305960662662983
583,2815.3,3688,0.01,1997,1166536,-13.89,,,0.0001,266633,0.01278647780418396
583,2817.37,3692,0.01,2002,1169348,-13.92,,,0.0001,267336,0.020741764456033707
583,2806.0,3696,0.01,2007,1171956,-14.01,,,0.0001,267988,0.006126763764768839
583,2829.92,3700,0.01,2012,1174801,-13.82,,,0.0001,268700,0.006046933121979237
583,2830.69,3704,0.01,2017,1177608,-13.8,,,0.0001,269401,0.010255200788378716
583,2842.37,3708,0.01,2022,1180777,-13.66,,,0.0001,270194,0.0036555638071149588
583,2836.74,3712,0.01,2027,1183467,-13.64,,,0.0001,270866,0.009716013446450233
583,2840.23,3716,0.01,2032,1186290,-13.7,,,0.0001,271572,0.011162323877215385
583,2848.1,3720,0.01,2038,1189471,-13.76,,,0.0001,272367,0.008440818637609482
583,2852.85,3724,0.01,2043,1192214,-13.72,,,0.0001,273053,0.013605245389044285
583,2844.91,3728,0.01,2047,1194720,-13.79,,,0.0001,273679,0.029554419219493866
583,2862.9,3732,0.01,2053,1197823,-13.82,,,0.0001,274455,0.01111548114567995
,,,0.01,,1200000,,-13.5,3100.5,0.0001,274999,0.016224052757024765
577,2868.23,3736,0.01,2077,1200659,-13.78,,,0.0001,275164,0.003766814013943076
577,2887.07,3740,0.01,2083,1204062,-13.69,,,0.0001,276015,0.006445915903896093
577,2884.84,3744,0.01,2088,1206893,-13.6,,,0.0001,276723,0.01484569814056158
577,2877.65,3748,0.01,2093,1209546,-13.58,,,0.0001,277386,0.006076280027627945
577,2879.47,3752,0.01,2099,1212679,-13.73,,,0.0001,278169,0.013898447155952454
577,2879.87,3756,0.01,2103,1215261,-13.71,,,0.0001,278815,0.030399903655052185
577,2910.24,3760,0.01,2109,1218747,-13.54,,,0.0001,279686,0.01328557264059782
577,2920.24,3764,0.01,2114,1221449,-13.41,,,0.0001,280362,0.006531296297907829
577,2932.73,3768,0.01,2120,1224640,-13.34,,,0.0001,281159,0.007264501880854368
577,2925.24,3772,0.01,2124,1227325,-13.25,,,0.0001,281831,0.013092005625367165
577,2920.21,3776,0.01,2129,1229928,-13.28,,,0.0001,282481,0.011599285528063774
577,2904.76,3780,0.01,2135,1233034,-13.26,,,0.0001,283258,0.005960758309811354
577,2912.2,3784,0.01,2140,1236003,-13.24,,,0.0001,284000,0.011868853121995926
577,2919.86,3788,0.01,2145,1238981,-13.11,,,0.0001,284745,0.006324609275907278
577,2938.39,3792,0.01,2151,1242264,-12.99,,,0.0001,285565,0.019205093383789062
577,2945.46,3796,0.01,2156,1245058,-12.97,,,0.0001,286264,0.009288536384701729
577,2953.91,3800,0.01,2161,1248115,-12.87,,,0.0001,287028,0.006550315767526627
577,2979.68,3804,0.01,2167,1251554,-12.76,,,0.0001,287888,0.008887775242328644
577,2979.15,3808,0.01,2173,1254706,-12.82,,,0.0001,288676,0.012746285647153854
577,2996.13,3812,0.01,2179,1257824,-12.67,,,0.0001,289455,0.010746712796390057
577,3009.89,3816,0.01,2184,1260994,-12.51,,,0.0001,290248,0.009524112567305565
577,3030.57,3820,0.01,2191,1264699,-12.38,,,0.0001,291174,0.00932527519762516
577,3050.97,3824,0.01,2197,1267944,-12.28,,,0.0001,291985,0.011714261025190353
577,3090.76,3828,0.01,2203,1271448,-12.0,,,0.0001,292861,0.006404513493180275
577,3097.3,3832,0.01,2209,1274716,-11.97,,,0.0001,293678,0.007577178999781609
577,3118.49,3836,0.01,2215,1278072,-11.77,,,0.0001,294517,0.007947728037834167
576,3104.97,3840,0.01,2220,1281136,-11.83,,,0.0001,295283,0.01350900437682867
576,3096.12,3844,0.01,2225,1283748,-11.93,,,0.0001,295936,0.005126506090164185
576,3125.4,3848,0.01,2231,1287120,-11.74,,,0.0001,296779,0.00886812899261713
576,3115.89,3852,0.01,2236,1290011,-11.77,,,0.0001,297502,0.027374563738703728
576,3125.42,3856,0.01,2241,1292835,-11.75,,,0.0001,298208,0.00790447648614645
576,3116.02,3860,0.01,2246,1296082,-11.85,,,0.0001,299020,0.0077810222283005714
576,3162.86,3864,0.01,2253,1299962,-11.73,,,0.0001,299990,0.012780196033418179
,,,0.01,,1300000,,-12.45,3118.7,0.0001,299999,0.006977359298616648
571,3158.59,3868,0.01,2278,1303047,-11.79,,,0.0001,300761,0.020973622798919678
571,3200.58,3872,0.01,2285,1306783,-11.65,,,0.0001,301695,0.008059659972786903
571,3232.18,3876,0.01,2291,1310182,-11.48,,,0.0001,302545,0.015093818306922913
571,3247.47,3880,0.01,2297,1313670,-11.43,,,0.0001,303417,0.025888457894325256
571,3265.4,3884,0.01,2303,1317081,-11.27,,,0.0001,304270,0.038485512137413025
571,3266.88,3888,0.01,2309,1320107,-11.28,,,0.0001,305026,0.005693733226507902
571,3282.07,3892,0.01,2315,1323770,-11.14,,,0.0001,305942,0.012732146307826042
571,3306.59,3896,0.01,2321,1327173,-10.9,,,0.0001,306793,0.0161213930696249
571,3310.95,3900,0.01,2327,1330348,-10.92,,,0.0001,307586,0.008223747834563255
571,3288.84,3904,0.01,2332,1333235,-11.02,,,0.0001,308308,0.003959811758249998
571,3287.4,3908,0.01,2337,1336349,-11.01,,,0.0001,309087,0.013022730126976967
571,3273.64,3912,0.01,2342,1339123,-11.12,,,0.0001,309780,0.009235765784978867
571,3258.9,3916,0.01,2347,1341923,-11.23,,,0.0001,310480,0.02725926600396633
571,3249.56,3920,0.01,2354,1345389,-11.23,,,0.0001,311347,0.010303212329745293
571,3251.77,3924,0.01,2359,1348694,-11.24,,,0.0001,312173,0.010664252564311028
571,3251.41,3928,0.01,2366,1352188,-11.22,,,0.0001,313046,0.006078739650547504
571,3263.46,3932,0.01,2372,1355759,-11.07,,,0.0001,313939,0.004473431967198849
571,3248.76,3936,0.01,2377,1358755,-11.03,,,0.0001,314688,0.011847840622067451
571,3249.61,3940,0.01,2383,1361839,-10.96,,,0.0001,315459,0.008029350079596043
571,3277.03,3944,0.01,2389,1365132,-10.66,,,0.0001,316282,0.009800308384001255
571,3285.37,3948,0.01,2395,1368721,-10.67,,,0.0001,317180,0.002943372819572687
571,3297.89,3952,0.01,2401,1371936,-10.56,,,0.0001,317983,0.00886207539588213
571,3310.63,3956,0.01,2406,1375061,-10.4,,,0.0001,318765,0.009176374413073063
571,3301.44,3960,0.01,2412,1378084,-10.34,,,0.0001,319520,0.006651393137872219
571,3295.3,3964,0.01,2418,1381805,-10.23,,,0.0001,320451,0.013153577223420143
571,3286.78,3968,0.01,2423,1384674,-10.26,,,0.0001,321168,0.009612096473574638
571,3264.8,3972,0.01,2429,1387861,-10.3,,,0.0001,321965,0.01180115994066
571,3264.43,3976,0.01,2435,1391241,-10.31,,,0.0001,322810,0.018068945035338402
571,3243.67,3980,0.01,2440,1394200,-10.41,,,0.0001,323549,0.0025648316368460655
571,3209.03,3984,0.01,2445,1396747,-10.64,,,0.0001,324186,0.003315908368676901
,,,0.01,,1400000,,-7.55,3571.4,0.0001,324999,0.006335863843560219
565,3219.12,3988,0.01,2473,1400023,-10.5,,,0.0001,325005,0.007173875346779823
565,3198.65,3992,0.01,2479,1403174,-10.62,,,0.0001,325793,0.005204359069466591
565,3177.27,3996,0.01,2484,1406029,-10.8,,,0.0001,326507,0.008710067719221115
565,3184.53,4000,0.01,2490,1409379,-10.77,,,0.0001,327344,0.009664664044976234
565,3211.86,4004,0.01,2496,1412947,-10.52,,,0.0001,328236,0.01282595656812191
565,3216.52,4008,0.01,2502,1416190,-10.42,,,0.0001,329047,0.015239786356687546
565,3223.01,4012,0.01,2507,1419124,-10.33,,,0.0001,329780,0.009960193186998367
565,3220.57,4016,0.01,2512,1421864,-10.28,,,0.0001,330465,0.01620565727353096
565,3215.33,4020,0.01,2518,1425198,-10.23,,,0.0001,331299,0.017288725823163986
565,3201.2,4024,0.01,2523,1428152,-10.25,,,0.0001,332037,0.04258233308792114
565,3186.12,4028,0.01,2529,1431267,-10.36,,,0.0001,332816,0.009126678109169006
565,3154.86,4032,0.01,2533,1434056,-10.6,,,0.0001,333513,0.022924130782485008
565,3166.26,4036,0.01,2539,1437336,-10.56,,,0.0001,334333,0.016594305634498596
565,3195.82,4040,0.01,2546,1441154,-10.33,,,0.0001,335288,0.014130284078419209
565,3197.08,4044,0.01,2552,1444480,-10.42,,,0.0001,336119,0.004140670411288738
565,3202.77,4048,0.01,2559,1448206,-10.29,,,0.0001,337051,0.01735808700323105
565,3215.81,4052,0.01,2565,1451741,-10.23,,,0.0001,337935,0.005922879558056593
565,3223.66,4056,0.01,2571,1455074,-10.18,,,0.0001,338768,0.0246028620749712
565,3249.93,4060,0.01,2577,1458754,-9.99,,,0.0001,339688,0.006250826641917229
565,3248.98,4064,0.01,2584,1462451,-10.18,,,0.0001,340612,0.007745184004306793
565,3285.88,4068,0.01,2590,1466235,-9.97,,,0.0001,341558,0.03931392729282379
565,3287.17,4072,0.01,2596,1469446,-9.97,,,0.0001,342361,0.018107909709215164
565,3268.5,4076,0.01,2601,1472369,-9.99,,,0.0001,343092,0.01037784293293953
565,3286.96,4080,0.01,2607,1475792,-9.83,,,0.0001,343947,0.005244916304945946
565,3297.89,4084,0.01,2613,1478618,-9.72,,,0.0001,344654,0.00838755164295435
565,3303.11,4088,0.01,2619,1482025,-9.73,,,0.0001,345506,0.012393971905112267
565,3301.62,4092,0.01,2624,1485134,-9.69,,,0.0001,346283,0.01683051697909832
565,3320.99,4096,0.01,2630,1488479,-9.56,,,0.0001,347119,0.023227740079164505
565,3340.38,4100,0.01,2637,1492313,-9.47,,,0.0001,348078,0.010144732892513275
565,3334.25,4104,0.01,2643,1495726,-9.53,,,0.0001,348931,0.008134841918945312
565,3369.43,4108,0.01,2650,1499851,-9.44,,,0.0001,349962,0.013274536468088627
,,,0.01,,1500000,,-8.15,3752.25,0.0001,349999,0.011862876825034618
560,3386.94,4112,0.01,2680,1503220,-9.46,,,0.0001,350804,0.01025845855474472
560,3406.38,4116,0.01,2686,1506441,-9.35,,,0.0001,351610,0.019360216334462166
560,3417.58,4120,0.01,2692,1510058,-9.35,,,0.0001,352514,0.00514292111620307
560,3419.99,4124,0.01,2697,1513068,-9.38,,,0.0001,353266,0.009590160101652145
560,3432.43,4128,0.01,2704,1516493,-9.28,,,0.0001,354123,0.009195955470204353
560,3463.96,4132,0.01,2710,1520073,-9.09,,,0.0001,355018,0.02382410690188408
560,3476.57,4136,0.01,2716,1523665,-9.18,,,0.0001,355916,0.010031642392277718
560,3468.18,4140,0.01,2723,1527277,-9.36,,,0.0001,356819,0.016042934730648994
560,3481.82,4144,0.01,2729,1530945,-9.31,,,0.0001,357736,0.012645154260098934
560,3454.93,4148,0.01,2735,1534011,-9.57,,,0.0001,358502,0.013969499617815018
560,3468.0,4152,0.01,2742,1537874,-9.58,,,0.0001,359468,0.008367044851183891
560,3465.57,4156,0.01,2748,1541147,-9.64,,,0.0001,360286,0.0087045356631279
560,3455.53,4160,0.01,2754,1544579,-9.8,,,0.0001,361144,0.00953572429716587
560,3454.08,4164,0.01,2760,1548246,-9.74,,,0.0001,362061,0.007939428091049194
560,3450.68,4168,0.01,2767,1551959,-9.72,,,0.0001,362989,0.018547890707850456
560,3489.82,4172,0.01,2774,1556152,-9.52,,,0.0001,364037,0.01169913075864315
560,3527.02,4176,0.01,2781,1560007,-9.34,,,0.0001,365001,0.009739836677908897
560,3549.62,4180,0.01,2788,1563998,-9.17,,,0.0001,365999,0.008181805722415447
560,3569.84,4184,0.01,2794,1567331,-9.16,,,0.0001,366832,0.007989047095179558
560,3591.93,4188,0.01,2801,1571285,-9.13,,,0.0001,367821,0.0150683568790555
560,3626.53,4192,0.01,2808,1575260,-9.0,,,0.0001,368814,0.009556039236485958
560,3636.24,4196,0.01,2814,1578856,-9.08,,,0.0001,369713,0.00853459257632494
560,3606.41,4200,0.01,2820,1581944,-9.2,,,0.0001,370485,0.014366161078214645
560,3618.25,4204,0.01,2827,1585659,-9.19,,,0.0001,371414,0.013817875646054745
560,3595.64,4208,0.01,2833,1589202,-9.15,,,0.0001,372300,0.009067682549357414
560,3626.75,4212,0.01,2840,1593355,-8.98,,,0.0001,373338,0.009738077409565449
560,3642.72,4216,0.01,2847,1596978,-8.91,,,0.0001,374244,0.016124041751027107
,,,0.01,,1600000,,-6.6,3577.7,0.0001,374999,0.027201054617762566
556,3639.41,4220,0.01,2876,1600515,-8.97,,,0.0001,375128,0.01005869172513485
556,3648.8,4224,0.01,2881,1603764,-8.9,,,0.0001,375940,0.009279747493565083
556,3651.31,4228,0.01,2888,1607252,-8.99,,,0.0001,376812,0.010357571765780449
556,3650.7,4232,0.01,2894,1610811,-8.97,,,0.0001,377702,0.010420486330986023
556,3640.14,4236,0.01,2900,1614141,-8.96,,,0.0001,378535,0.012953212484717369
556,3647.64,4240,0.01,2906,1617946,-8.77,,,0.0001,379486,0.009112218394875526
556,3643.88,4244,0.01,2913,1621511,-8.63,,,0.0001,380377,0.011448167264461517
556,3666.31,4248,0.01,2919,1625124,-8.49,,,0.0001,381280,0.010310315527021885
556,3650.85,4252,0.01,2925,1628608,-8.55,,,0.0001,382151,0.013026637956500053
556,3667.12,4256,0.01,2932,1632291,-8.36,,,0.0001,383072,0.03321540355682373
556,3657.19,4260,0.01,2937,1635469,-8.43,,,0.0001,383867,0.029088757932186127
556,3652.85,4264,0.01,2944,1639029,-8.48,,,0.0001,384757,0.01042459812015295
556,3652.8,4268,0.01,2950,1642732,-8.46,,,0.0001,385682,0.007462673354893923
556,3630.75,4272,0.01,2957,1646373,-8.63,,,0.0001,386593,0.015470322221517563
556,3638.38,4276,0.01,2964,1650412,-8.59,,,0.0001,387602,0.005877026356756687
556,3635.42,4280,0.01,2971,1654328,-8.8,,,0.0001,388581,0.009324420243501663
556,3643.77,4284,0.01,2977,1657865,-8.7,,,0.0001,389466,0.011553213000297546
556,3617.77,4288,0.01,2983,1661174,-8.54,,,0.0001,390293,0.010518570430576801
556,3616.03,4292,0.01,2990,1665105,-8.53,,,0.0001,391276,0.01103904191404581
556,3623.88,4296,0.01,2997,1668890,-8.38,,,0.0001,392222,0.005938718095421791
556,3652.86,4300,0.01,3004,1672702,-8.31,,,0.0001,393175,0.03187558799982071
556,3664.36,4304,0.01,3011,1676709,-8.13,,,0.0001,394177,0.011093676090240479
556,3657.06,4308,0.01,3017,1680072,-8.3,,,0.0001,395017,0.017016451805830002
556,3633.75,4312,0.01,3023,1683641,-8.38,,,0.0001,395910,0.005913481116294861
556,3635.47,4316,0.01,3030,1687301,-8.38,,,0.0001,396825,0.005926281213760376
556,3663.26,4320,0.01,3037,1691531,-8.29,,,0.0001,397882,0.01636406034231186
556,3683.69,4324,0.01,3044,1695295,-8.19,,,0.0001,398823,0.05666704848408699
556,3711.34,4328,0.01,3051,1699479,-7.89,,,0.0001,399869,0.01022009365260601
,,,0.01,,1700000,,-7.7,3554.6,0.0001,399999,0.02171606384217739
552,3713.98,4332,0.01,3080,1703104,-7.91,,,0.0001,400775,0.05251201614737511
552,3750.36,4336,0.01,3087,1707340,-7.72,,,0.0001,401834,0.015002159401774406
552,3729.81,4340,0.01,3093,1710628,-7.87,,,0.0001,402656,0.010899802669882774
552,3749.47,4344,0.01,3101,1714697,-7.84,,,0.0001,403674,0.009970689192414284
552,3756.31,4348,0.01,3107,1718489,-7.84,,,0.0001,404622,0.005245434120297432
552,3795.06,4352,0.01,3115,1722936,-7.45,,,0.0001,405733,0.005238131619989872
553,3791.61,4356,0.01,3122,1726523,-7.53,,,0.0001,406630,0.0343535877764225
553,3789.57,4360,0.01,3127,1729654,-7.45,,,0.0001,407413,0.008363988250494003
553,3795.19,4364,0.01,3134,1733352,-7.28,,,0.0001,408337,0.007814341224730015
553,3789.01,4368,0.01,3140,1736901,-7.31,,,0.0001,409225,0.03371041640639305
553,3793.01,4372,0.01,3147,1740649,-7.16,,,0.0001,410162,0.004220719449222088
553,3784.85,4376,0.01,3153,1744490,-7.21,,,0.0001,411122,0.018880436196923256
553,3807.57,4380,0.01,3161,1748979,-7.08,,,0.0001,412244,0.007909413427114487
553,3804.53,4384,0.01,3168,1752441,-6.98,,,0.0001,413110,0.009286352433264256
553,3797.1,4388,0.01,3173,1755563,-7.16,,,0.0001,413890,0.026852505281567574
553,3798.6,4392,0.01,3180,1759542,-7.12,,,0.0001,414885,0.00740609597414732
553,3799.24,4396,0.01,3187,1763345,-7.19,,,0.0001,415836,0.008511321619153023
553,3828.93,4400,0.01,3195,1767893,-7.02,,,0.0001,416973,0.02787330374121666
553,3831.39,4404,0.01,3202,1771951,-6.94,,,0.0001,417987,0.0054036895744502544
553,3844.53,4408,0.01,3209,1775647,-6.89,,,0.0001,418911,0.014383004978299141
553,3858.75,4412,0.01,3216,1779573,-6.83,,,0.0001,419893,0.01199471578001976
553,3845.82,4416,0.01,3222,1782915,-6.94,,,0.0001,420728,0.007046636659651995
553,3847.22,4420,0.01,3229,1787187,-6.64,,,0.0001,421796,0.016342006623744965
553,3869.73,4424,0.01,3237,1791507,-6.59,,,0.0001,422876,0.005489904433488846
553,3856.85,4428,0.01,3244,1795362,-6.59,,,0.0001,423840,0.007045649457722902
553,3874.28,4432,0.01,3251,1799428,-6.42,,,0.0001,424856,0.014897573739290237
,,,0.01,,1800000,,-4.0,4137.6,0.0001,424999,0.03495267778635025
549,3864.89,4436,0.01,3284,1803437,-6.52,,,0.0001,425859,0.017022058367729187
549,3906.12,4440,0.01,3292,1807757,-6.38,,,0.0001,426939,0.005231430754065514
549,3910.3,4444,0.01,3299,1811929,-6.47,,,0.0001,427982,0.0032167709432542324
549,3917.05,4448,0.01,3306,1815893,-6.3,,,0.0001,428973,0.007850917056202888
549,3884.04,4452,0.01,3313,1819520,-6.49,,,0.0001,429879,0.009907424449920654
549,3909.1,4456,0.01,3320,1823730,-6.2,,,0.0001,430932,0.01731584034860134
549,3955.09,4460,0.01,3328,1828018,-5.98,,,0.0001,432004,0.01900097355246544
549,3981.11,4464,0.01,3336,1832365,-5.91,,,0.0001,433091,0.004259441047906876
549,3989.65,4468,0.01,3342,1836133,-5.88,,,0.0001,434033,0.019678570330142975
549,4002.93,4472,0.01,3349,1840214,-5.97,,,0.0001,435053,0.006931368261575699
549,4029.93,4476,0.01,3357,1844726,-5.92,,,0.0001,436181,0.0054498277604579926
549,4024.27,4480,0.01,3365,1849077,-5.83,,,0.0001,437269,0.01546510774642229
549,4057.03,4484,0.01,3373,1853356,-5.66,,,0.0001,438338,0.01811154931783676
549,4096.16,4488,0.01,3380,1857456,-5.3,,,0.0001,439363,0.022767173126339912
549,4100.98,4492,0.01,3387,1861557,-5.33,,,0.0001,440389,0.0032412109430879354
549,4094.35,4496,0.01,3394,1865184,-4.99,,,0.0001,441295,0.0031108595430850983
549,4072.98,4500,0.01,3401,1869201,-5.05,,,0.0001,442300,0.005928653292357922
549,4085.83,4504,0.01,3409,1873593,-5.16,,,0.0001,443398,0.014899404719471931
549,4103.63,4508,0.01,3416,1877729,-4.97,,,0.0001,444432,0.009754767641425133
549,4089.2,4512,0.01,3423,1881282,-4.98,,,0.0001,445320,0.0156809464097023
549,4105.47,4516,0.01,3429,1885036,-4.93,,,0.0001,446258,0.036448411643505096
549,4092.01,4520,0.01,3436,1888964,-5.29,,,0.0001,447240,0.003328667487949133
549,4063.4,4524,0.01,3443,1892568,-5.34,,,0.0001,448141,0.007674643769860268
549,4068.47,4528,0.01,3450,1896552,-5.44,,,0.0001,449137,0.005704094655811787
,,,0.01,,1900000,,-5.0,3739.6,0.0001,449999,0.0031763131264597178
545,4056.09,4532,0.01,3480,1900299,-5.4,,,0.0001,450074,0.007871672511100769
546,4043.61,4536,0.01,3487,1903985,-5.39,,,0.0001,450996,0.04961051046848297
546,4035.1,4540,0.01,3494,1908094,-5.56,,,0.0001,452023,0.011961713433265686
546,4029.0,4544,0.01,3501,1912113,-5.4,,,0.0001,453028,0.01954849623143673
546,4047.33,4548,0.01,3509,1916531,-5.29,,,0.0001,454132,0.010326365008950233
546,4068.54,4552,0.01,3516,1920680,-5.16,,,0.0001,455169,0.010221322998404503
546,4050.5,4556,0.01,3523,1924451,-5.38,,,0.0001,456112,0.009891948662698269
546,4041.13,4560,0.01,3530,1928491,-5.4,,,0.0001,457122,0.04505573585629463
546,4025.87,4564,0.01,3537,1932450,-5.47,,,0.0001,458112,0.006784581579267979
546,4036.41,4568,0.01,3544,1936477,-5.19,,,0.0001,459119,0.04944930598139763
546,4018.01,4572,0.01,3551,1940097,-5.24,,,0.0001,460024,0.02680162712931633
546,3992.18,4576,0.01,3558,1943958,-5.21,,,0.0001,460989,0.03704245388507843
546,3978.31,4580,0.01,3565,1947959,-5.23,,,0.0001,461989,0.004172191023826599
546,3986.19,4584,0.01,3573,1952436,-5.26,,,0.0001,463108,0.006303220987319946
546,3985.42,4588,0.01,3580,1956510,-5.31,,,0.0001,464127,0.007545247208327055
546,3996.87,4592,0.01,3588,1960889,-5.17,,,0.0001,465222,0.014471573755145073
546,4012.44,4596,0.01,3595,1964912,-5.38,,,0.0001,466227,0.02394448034465313
546,3992.51,4600,0.01,3601,1968435,-5.29,,,0.0001,467108,0.02655922621488571
546,3973.42,4604,0.01,3608,1972343,-5.26,,,0.0001,468085,0.014187231659889221
546,3991.7,4608,0.01,3616,1976947,-5.32,,,0.0001,469236,0.012024776078760624
546,4002.51,4612,0.01,3623,1980777,-5.07,,,0.0001,470194,0.008058263920247555
546,4007.28,4616,0.01,3630,1984645,-4.89,,,0.0001,471161,0.009744304232299328
546,3999.97,4620,0.01,3636,1988392,-4.77,,,0.0001,472097,0.013885410502552986
546,4028.02,4624,0.01,3644,1992691,-4.56,,,0.0001,473172,0.013979999348521233
546,4038.31,4628,0.01,3651,1996935,-4.36,,,0.0001,474233,0.011420896276831627
,,,0.01,,2000000,,-4.3,4049.45,0.0001,474999,0.012666131369769573
