rollout/exploration_rate,rollout/ep_len_mean,time/total_timesteps,time/fps,rollout/ep_rew_mean,time/time_elapsed,time/episodes,eval/mean_reward,eval/mean_ep_length,train/n_updates,train/learning_rate,train/loss
0.9794327499999993,851.25,831,935,-20.75,0,4,,,,,
0.9585437499999977,856.0,1675,967,-20.875,1,8,,,,,
0.9373330000000005,864.4166666666666,2532,983,-20.666666666666668,2,12,,,,,
0.914736250000002,880.9375,3445,992,-20.5,3,16,,,,,
0.8933027500000011,882.35,4311,998,-20.6,4,20,,,,,
0.8692457500000018,901.0,5283,1001,-20.5,5,24,,,,,
0.8479360000000018,897.0357142857143,6144,1005,-20.5,6,28,,,,,
0.8271212499999996,892.875,6985,1006,-20.53125,6,32,,,,,
0.8062817499999992,889.5,7827,1007,-20.583333333333332,7,36,,,,,
0.7846750000000017,890.6,8700,1007,-20.575,8,40,,,,,
0.7634395000000012,889.7954545454545,9558,1008,-20.613636363636363,9,44,,,,,
0.7415604999999985,891.125,10442,1009,-20.583333333333332,10,48,,,,,
0.7218100000000021,885.7115384615385,11240,1009,-20.596153846153847,11,52,,,,,
0.6992627499999995,888.875,12151,1010,-20.553571428571427,12,56,,,,,
0.6778540000000021,889.3333333333334,13016,1010,-20.55,12,60,,,,,
0.6574352500000002,886.921875,13841,1010,-20.5625,13,64,,,,,
0.6379817500000013,882.6470588235294,14627,1010,-20.573529411764707,14,68,,,,,
0.6173154999999979,881.3472222222222,15462,1010,-20.59722222222222,15,72,,,,,
0.5967234999999993,879.9342105263158,16294,1011,-20.605263157894736,16,76,,,,,
0.5752899999999984,880.325,17160,1011,-20.6125,16,80,,,,,
0.5533614999999998,881.9047619047619,18046,1011,-20.63095238095238,17,84,,,,,
0.5317547500000023,882.1931818181819,18919,1011,-20.625,18,88,,,,,
0.5108657500000007,881.6086956521739,19763,1011,-20.619565217391305,19,92,,,,,
0.49029849999999997,880.28125,20594,1011,-20.625,20,96,,,,,
0.46980549999999877,879.42,21422,1011,-20.63,21,100,,,,,
0.44918875000000213,879.51,22255,1011,-20.63,21,104,,,,,
0.4260227500000009,882.96,23191,1012,-20.59,22,108,,,,,
0.4041932499999997,883.93,24073,1012,-20.61,23,112,,,,,
0.3837497499999999,880.57,24899,1013,-20.64,24,116,,,,,
0.36023724999999973,884.0,25849,1013,-20.61,25,120,,,,,
0.33999175000000015,878.11,26667,1012,-20.65,26,124,,,,,
0.3184839999999999,879.19,27536,1012,-20.65,27,128,,,,,
0.2977435000000025,879.25,28374,1012,-20.66,28,132,,,,,
0.27749799999999736,878.33,29192,1012,-20.65,28,136,,,,,
0.25715350000000037,876.05,30014,1012,-20.67,29,140,,,,,
0.2348290000000014,877.54,30916,1012,-20.67,30,144,,,,,
0.21240549999999958,878.59,31822,1013,-20.68,31,148,,,,,
0.1892642500000019,884.13,32757,1013,-20.66,32,152,,,,,
0.16832574999999883,882.11,33603,1013,-20.67,33,156,,,,,
0.148525750000001,879.26,34403,1012,-20.68,33,160,,,,,
0.12820600000000193,878.79,35224,1012,-20.68,34,164,,,,,
0.10637650000000076,882.22,36106,1012,-20.68,35,168,,,,,
0.08523999999999754,882.79,36960,1013,-20.68,36,172,,,,,
0.06417774999999903,883.81,37811,1012,-20.68,37,176,,,,,
0.0425215000000001,884.54,38686,1012,-20.67,38,180,,,,,
0.021236499999997993,883.19,39546,1012,-20.66,39,184,,,,,
0.01,885.23,40460,1012,-20.66,39,188,,,,,
0.01,883.16,41259,1012,-20.68,40,192,,,,,
0.01,882.84,42074,1012,-20.69,41,196,,,,,
0.01,884.91,42961,1012,-20.67,42,200,,,,,
0.01,885.64,43808,1012,-20.65,43,204,,,,,
0.01,880.78,44615,1012,-20.68,44,208,,,,,
0.01,877.08,45404,1012,-20.69,44,212,,,,,
0.01,880.91,46321,1012,-20.68,45,216,,,,,
0.01,877.23,47186,1012,-20.71,46,220,,,,,
0.01,876.64,47990,1012,-20.71,47,224,,,,,
0.01,875.2,48828,1012,-20.72,48,228,,,,,
0.01,874.22,49642,1012,-20.71,49,232,,,,,
0.01,874.74,50471,1012,-20.72,49,236,,,,,
0.01,876.87,51344,1012,-20.72,50,240,,,,,
0.01,874.75,52188,1012,-20.71,51,244,,,,,
0.01,871.38,53021,1012,-20.73,52,248,,,,,
0.01,871.42,53952,1012,-20.72,53,252,,,,,
0.01,874.61,54896,1012,-20.73,54,256,,,,,
0.01,876.29,55742,1012,-20.73,55,260,,,,,
0.01,876.46,56567,1012,-20.74,55,264,,,,,
0.01,877.32,57473,1013,-20.73,56,268,,,,,
0.01,876.88,58308,1013,-20.71,57,272,,,,,
0.01,877.42,59182,1013,-20.71,58,276,,,,,
0.01,880.02,60131,1013,-20.7,59,280,,,,,
0.01,880.39,60997,1013,-20.69,60,284,,,,,
0.01,878.57,61864,1012,-20.69,61,288,,,,,
0.01,882.3,62745,1012,-20.69,61,292,,,,,
0.01,881.44,63539,1012,-20.69,62,296,,,,,
0.01,880.07,64390,1012,-20.7,63,300,,,,,
0.01,879.54,65224,1012,-20.73,64,304,,,,,
0.01,883.37,66118,1012,-20.74,65,308,,,,,
0.01,886.89,67004,1012,-20.72,66,312,,,,,
0.01,888.43,67966,1012,-20.69,67,316,,,,,
0.01,886.59,68780,1012,-20.69,67,320,,,,,
0.01,890.78,69693,1012,-20.67,68,324,,,,,
0.01,889.47,70503,1012,-20.68,69,328,,,,,
0.01,894.36,71444,1012,-20.65,70,332,,,,,
0.01,895.12,72291,1012,-20.65,71,336,,,,,
0.01,891.7,73071,1012,-20.64,72,340,,,,,
0.01,891.9,73923,1012,-20.65,72,344,,,,,
0.01,893.45,74792,1012,-20.63,73,348,,,,,
0.01,889.38,75627,1012,-20.65,74,352,,,,,
0.01,887.38,76511,1012,-20.66,75,356,,,,,
0.01,889.55,77419,1013,-20.65,76,360,,,,,
0.01,893.28,78339,1013,-20.63,77,364,,,,,
0.01,890.71,79180,1013,-20.63,78,368,,,,,
0.01,893.95,80099,1013,-20.64,79,372,,,,,
0.01,892.63,80939,1013,-20.64,79,376,,,,,
0.01,888.46,81783,1013,-20.66,80,380,,,,,
0.01,889.47,82675,1013,-20.67,81,384,,,,,
0.01,885.51,83448,1013,-20.69,82,388,,,,,
0.01,886.97,84371,1013,-20.64,83,392,,,,,
0.01,890.05,85250,1013,-20.62,84,396,,,,,
0.01,890.25,86108,1013,-20.63,84,400,,,,,
0.01,892.69,87005,1013,-20.62,85,404,,,,,
0.01,889.68,87829,1013,-20.62,86,408,,,,,
0.01,888.62,88681,1013,-20.63,87,412,,,,,
0.01,884.95,89554,1013,-20.67,88,416,,,,,
0.01,885.34,90384,1013,-20.67,89,420,,,,,
0.01,882.35,91222,1013,-20.67,90,424,,,,,
0.01,882.2,92029,1013,-20.67,90,428,,,,,
0.01,879.6,92904,1013,-20.7,91,432,,,,,
0.01,881.0,93788,1013,-20.68,92,436,,,,,
0.01,883.32,94643,1013,-20.67,93,440,,,,,
0.01,885.26,95536,1013,-20.65,94,444,,,,,
0.01,883.4,96354,1013,-20.65,95,448,,,,,
0.01,886.05,97255,1013,-20.65,95,452,,,,,
0.01,884.22,98102,1013,-20.64,96,456,,,,,
0.01,884.99,99013,1013,-20.62,97,460,,,,,
0.01,881.07,99821,1012,-20.64,98,464,,,,,
0.01,,100000,,,,,-21.0,764.0,,,
0.01,878.14,100579,957,-20.66,104,468,,,144,0.0001,0.04369015619158745
0.01,870.96,101320,952,-20.67,106,472,,,329,0.0001,0.055115971714258194
0.01,867.89,102077,947,-20.67,107,476,,,519,0.0001,0.03164742887020111
0.01,863.78,102819,942,-20.68,109,480,,,704,0.0001,0.042808081954717636
0.01,857.77,103562,937,-20.69,110,484,,,890,0.0001,0.016621623188257217
0.01,856.54,104303,933,-20.69,111,488,,,1075,0.0001,0.01566389761865139
0.01,849.23,105041,928,-20.74,113,492,,,1260,0.0001,0.042384758591651917
0.01,843.9,105784,924,-20.76,114,496,,,1445,0.0001,0.018139924854040146
0.01,839.81,106541,919,-20.77,115,500,,,1635,0.0001,0.045783501118421555
0.01,833.87,107289,915,-20.78,117,504,,,1822,0.0001,0.03707259148359299
0.01,831.76,108065,911,-20.78,118,508,,,2016,0.0001,0.01112932525575161
0.01,827.94,108817,907,-20.79,119,512,,,2204,0.0001,0.013282153755426407
0.01,822.94,109560,903,-20.8,121,516,,,2389,0.0001,0.038814738392829895
0.01,820.57,110325,899,-20.8,122,520,,,2581,0.0001,0.023947546258568764
0.01,817.24,111083,896,-20.82,123,524,,,2770,0.0001,0.013306738808751106
0.01,815.29,111837,892,-20.82,125,528,,,2959,0.0001,0.010258563794195652
0.01,811.13,112598,888,-20.83,126,532,,,3149,0.0001,0.005580849014222622
0.01,806.05,113361,884,-20.85,128,536,,,3340,0.0001,0.006299164146184921
0.01,802.12,114116,881,-20.87,129,540,,,3528,0.0001,0.009597314521670341
0.01,795.9,114855,878,-20.89,130,544,,,3713,0.0001,0.009586615487933159
0.01,792.86,115586,874,-20.91,132,548,,,3896,0.0001,0.016365855932235718
0.01,786.61,116341,871,-20.93,133,552,,,4085,0.0001,0.031027156859636307
0.01,782.63,117081,868,-20.95,134,556,,,4270,0.0001,0.006650030612945557
0.01,775.59,117822,865,-20.99,136,560,,,4455,0.0001,0.010394598357379436
0.01,773.4,118585,862,-20.98,137,564,,,4646,0.0001,0.00811937265098095
0.01,773.2,119347,859,-20.98,138,568,,,4836,0.0001,0.026304392144083977
0.01,774.46,120118,856,-20.97,140,572,,,5029,0.0001,0.011852027848362923
0.01,775.17,120904,853,-20.98,141,576,,,5225,0.0001,0.004275799263268709
0.01,775.78,121661,850,-20.98,143,580,,,5415,0.0001,0.011912371031939983
0.01,777.3,122437,847,-20.97,144,584,,,5609,0.0001,0.020030727609992027
0.01,777.58,123179,844,-20.97,145,588,,,5794,0.0001,0.004995664581656456
0.01,778.47,123942,842,-20.97,147,592,,,5985,0.0001,0.011947499588131905
0.01,781.04,124747,839,-20.96,148,596,,,6186,0.0001,0.026976455003023148
0.01,781.32,125513,836,-20.96,149,600,,,6378,0.0001,0.009567193686962128
0.01,782.79,126290,834,-20.96,151,604,,,6572,0.0001,0.012459756806492805
0.01,782.83,127063,831,-20.96,152,608,,,6765,0.0001,0.025265447795391083
0.01,782.84,127815,829,-20.96,154,612,,,6953,0.0001,0.008394889533519745
0.01,783.02,128560,826,-20.96,155,616,,,7139,0.0001,0.023839429020881653
0.01,783.48,129332,824,-20.95,156,620,,,7332,0.0001,0.016558244824409485
0.01,783.94,130100,821,-20.94,158,624,,,7524,0.0001,0.006955462973564863
0.01,785.01,130880,819,-20.93,159,628,,,7719,0.0001,0.005212708376348019
0.01,784.41,131645,817,-20.93,161,632,,,7911,0.0001,0.0038675228133797646
0.01,784.4,132407,815,-20.93,162,636,,,8101,0.0001,0.021022027358412743
0.01,785.3,133173,812,-20.93,163,640,,,8293,0.0001,0.0029248003847897053
0.01,786.03,133923,810,-20.92,165,644,,,8480,0.0001,0.008517702110111713
0.01,786.31,134667,808,-20.92,166,648,,,8666,0.0001,0.002660562749952078
0.01,788.69,135481,806,-20.92,168,652,,,8870,0.0001,0.0066512953490018845
0.01,789.07,136238,804,-20.92,169,656,,,9059,0.0001,0.010678817518055439
0.01,789.86,136998,802,-20.91,170,660,,,9249,0.0001,0.003994244150817394
0.01,791.44,137797,800,-20.91,172,664,,,9449,0.0001,0.006405183579772711
0.01,791.03,138538,798,-20.91,173,668,,,9634,0.0001,0.010632934048771858
0.01,791.26,139312,796,-20.92,174,672,,,9827,0.0001,0.0034425295889377594
0.01,791.44,140096,794,-20.92,176,676,,,10023,0.0001,0.02121700905263424
0.01,791.98,140871,792,-20.91,177,680,,,10217,0.0001,0.012731368653476238
0.01,790.64,141618,790,-20.92,179,684,,,10404,0.0001,0.003769374918192625
0.01,790.36,142364,789,-20.92,180,688,,,10590,0.0001,0.00785362534224987
0.01,790.08,143118,787,-20.92,181,692,,,10779,0.0001,0.00959904957562685
0.01,789.94,143917,785,-20.93,183,696,,,10979,0.0001,0.022020021453499794
0.01,790.68,144701,783,-20.93,184,700,,,11175,0.0001,0.0047681317664682865
0.01,791.96,145523,781,-20.93,186,704,,,11380,0.0001,0.004470770247280598
0.01,795.61,146377,780,-20.93,187,708,,,11594,0.0001,0.014170337468385696
0.01,798.06,147189,778,-20.93,189,712,,,11797,0.0001,0.011117535643279552
0.01,802.31,148036,776,-20.91,190,716,,,12008,0.0001,0.0021564457565546036
0.01,805.33,148889,774,-20.9,192,720,,,12222,0.0001,0.014324763789772987
0.01,806.96,149698,773,-20.91,193,724,,,12424,0.0001,0.004196991678327322
0.01,807.64,150506,771,-20.92,195,728,,,12626,0.0001,0.008722350932657719
0.01,808.72,151293,770,-20.92,196,732,,,12823,0.0001,0.013721173629164696
0.01,808.39,152043,768,-20.92,197,736,,,13010,0.0001,0.016534334048628807
0.01,807.21,152776,767,-20.92,199,740,,,13193,0.0001,0.0035729266237467527
0.01,807.29,153536,765,-20.93,200,744,,,13383,0.0001,0.0060087465681135654
0.01,810.25,154361,764,-20.91,202,748,,,13590,0.0001,0.01639709062874317
0.01,808.48,155125,762,-20.9,203,752,,,13781,0.0001,0.005273559596389532
0.01,809.32,155894,761,-20.9,204,756,,,13973,0.0001,0.00788875576108694
0.01,811.62,156720,759,-20.91,206,760,,,14179,0.0001,0.008286930620670319
0.01,812.53,157543,758,-20.92,207,764,,,14385,0.0001,0.02825046516954899
0.01,815.48,158372,757,-20.92,209,768,,,14592,0.0001,0.003654926549643278
0.01,818.56,159233,755,-20.92,210,772,,,14808,0.0001,0.008151138201355934
0.01,819.35,160037,754,-20.91,212,776,,,15009,0.0001,0.006145445629954338
0.01,823.42,160902,752,-20.91,213,780,,,15225,0.0001,0.02225889265537262
0.01,829.33,161801,751,-20.89,215,784,,,15450,0.0001,0.00590722169727087
0.01,833.19,162634,749,-20.89,216,788,,,15658,0.0001,0.008672233670949936
0.01,840.85,163575,748,-20.87,218,792,,,15893,0.0001,0.0035280613228678703
0.01,842.08,164413,747,-20.87,220,796,,,16103,0.0001,0.004713922739028931
0.01,845.34,165275,745,-20.87,221,800,,,16318,0.0001,0.008203980512917042
0.01,849.06,166190,744,-20.86,223,804,,,16547,0.0001,0.006416813470423222
0.01,849.28,167057,742,-20.85,224,808,,,16764,0.0001,0.01790531538426876
0.01,853.74,167984,741,-20.84,226,812,,,16995,0.0001,0.016072984784841537
0.01,855.08,168871,739,-20.86,228,816,,,17217,0.0001,0.008947735652327538
0.01,854.69,169720,738,-20.87,229,820,,,17429,0.0001,0.004529522731900215
0.01,856.65,170576,737,-20.87,231,824,,,17643,0.0001,0.006445702165365219
0.01,860.93,171477,736,-20.87,232,828,,,17869,0.0001,0.004189298953860998
0.01,863.38,172324,735,-20.87,234,832,,,18080,0.0001,0.01486444566398859
0.01,869.19,173222,733,-20.86,236,836,,,18305,0.0001,0.01506001502275467
0.01,871.19,174014,732,-20.86,237,840,,,18503,0.0001,0.00401427922770381
0.01,876.54,174909,731,-20.85,239,844,,,18727,0.0001,0.005752169527113438
0.01,876.57,175736,730,-20.86,240,848,,,18933,0.0001,0.0028586939442902803
0.01,881.52,176620,729,-20.87,242,852,,,19154,0.0001,0.002765646204352379
0.01,883.21,177432,728,-20.86,243,856,,,19357,0.0001,0.003791961120441556
0.01,884.71,178290,727,-20.84,245,860,,,19572,0.0001,0.01819601282477379
0.01,888.22,179199,726,-20.81,246,864,,,19799,0.0001,0.004123298916965723
0.01,890.75,180088,724,-20.8,248,868,,,20021,0.0001,0.005543431267142296
0.01,892.59,180992,723,-20.8,250,872,,,20247,0.0001,0.02118261717259884
0.01,898.34,181939,722,-20.78,251,876,,,20484,0.0001,0.007954675704240799
0.01,897.63,182790,721,-20.79,253,880,,,20697,0.0001,0.007710807491093874
0.01,894.73,183614,720,-20.8,254,884,,,20903,0.0001,0.007456444203853607
0.01,895.98,184488,719,-20.8,256,888,,,21121,0.0001,0.010188788175582886
0.01,891.2,185317,718,-20.82,257,892,,,21329,0.0001,0.011043519712984562
0.01,892.02,186173,717,-20.82,259,896,,,21543,0.0001,0.004295974969863892
0.01,893.23,187070,716,-20.81,261,900,,,21767,0.0001,0.028057247400283813
0.01,891.83,187941,715,-20.82,262,904,,,21985,0.0001,0.014912208542227745
0.01,891.04,188793,714,-20.83,264,908,,,22198,0.0001,0.018445666879415512
0.01,894.69,189813,713,-20.82,265,912,,,22453,0.0001,0.007651948370039463
0.01,904.5,190947,712,-20.78,268,916,,,22736,0.0001,0.016721414402127266
0.01,905.71,191822,711,-20.77,269,920,,,22955,0.0001,0.0049683526158332825
0.01,906.92,192718,710,-20.76,271,924,,,23179,0.0001,0.007472142111510038
0.01,910.4,193710,709,-20.74,272,928,,,23427,0.0001,0.008974539116024971
0.01,910.08,194546,708,-20.74,274,932,,,23636,0.0001,0.010578246787190437
0.01,911.09,195462,707,-20.71,276,936,,,23865,0.0001,0.004158220253884792
0.01,915.97,196386,706,-20.69,277,940,,,24096,0.0001,0.012684155255556107
0.01,917.46,197320,705,-20.68,279,944,,,24329,0.0001,0.010595344007015228
0.01,917.42,198143,705,-20.69,281,948,,,24535,0.0001,0.01758904755115509
0.01,917.78,199035,704,-20.68,282,952,,,24758,0.0001,0.004498891532421112
0.01,922.17,199962,703,-20.68,284,956,,,24990,0.0001,0.003561107674613595
0.01,,200000,,,,,-20.4,1012.8,24999,0.0001,0.007587135769426823
0.01,931.53,201047,686,-20.64,292,960,,,25261,0.0001,0.012337606400251389
0.01,934.87,202044,685,-20.66,294,964,,,25510,0.0001,0.01010291650891304
0.01,938.27,203016,685,-20.66,296,968,,,25753,0.0001,0.031080488115549088
0.01,941.6,203999,684,-20.66,298,972,,,25999,0.0001,0.004941465798765421
0.01,941.42,204942,683,-20.67,299,976,,,26235,0.0001,0.004550495184957981
0.01,942.13,205809,682,-20.67,301,980,,,26452,0.0001,0.023781705647706985
0.01,947.1,206754,682,-20.65,303,984,,,26688,0.0001,0.007345134858042002
0.01,950.66,207712,681,-20.62,304,988,,,26927,0.0001,0.004525032360106707
0.01,958.48,208736,680,-20.59,306,992,,,27183,0.0001,0.004554434679448605
0.01,964.82,209756,679,-20.56,308,996,,,27438,0.0001,0.008198615163564682
0.01,969.55,210767,679,-20.57,310,1000,,,27691,0.0001,0.009634806774556637
0.01,973.74,211749,678,-20.56,312,1004,,,27937,0.0001,0.004338078200817108
0.01,979.49,212739,677,-20.55,313,1008,,,28184,0.0001,0.007271815091371536
0.01,980.76,213794,676,-20.54,315,1012,,,28448,0.0001,0.0033646235242486
0.01,976.27,214826,676,-20.57,317,1016,,,28706,0.0001,0.005609543528407812
0.01,978.72,215753,675,-20.57,319,1020,,,28938,0.0001,0.004922919441014528
0.01,978.93,216647,675,-20.58,320,1024,,,29161,0.0001,0.010499991476535797
0.01,979.55,217656,674,-20.56,322,1028,,,29413,0.0001,0.00868004746735096
0.01,981.92,218550,673,-20.55,324,1032,,,29637,0.0001,0.006844282150268555
0.01,982.9,219492,673,-20.57,326,1036,,,29872,0.0001,0.005845922976732254
0.01,992.02,220635,672,-20.56,328,1040,,,30158,0.0001,0.013721248134970665
0.01,1002.06,221815,671,-20.58,330,1044,,,30453,0.0001,0.0074682692065835
0.01,1010.88,222862,670,-20.55,332,1048,,,30715,0.0001,0.003606101730838418
0.01,1014.52,223850,670,-20.55,333,1052,,,30962,0.0001,0.008268489502370358
0.01,1018.32,224874,669,-20.56,335,1056,,,31218,0.0001,0.012553892098367214
0.01,1012.06,225805,669,-20.61,337,1060,,,31451,0.0001,0.0066419318318367004
0.01,1007.62,226689,668,-20.62,339,1064,,,31672,0.0001,0.010424390435218811
0.01,1007.39,227649,667,-20.61,340,1068,,,31912,0.0001,0.00490139564499259
0.01,1005.43,228588,667,-20.61,342,1072,,,32146,0.0001,0.01188801508396864
0.01,1007.83,229599,666,-20.62,344,1076,,,32399,0.0001,0.012801802717149258
0.01,1012.25,230576,666,-20.62,346,1080,,,32643,0.0001,0.01711372286081314
0.01,1015.22,231596,665,-20.63,347,1084,,,32898,0.0001,0.003954053856432438
0.01,1020.12,232681,665,-20.64,349,1088,,,33170,0.0001,0.019313441589474678
0.01,1016.66,233625,664,-20.66,351,1092,,,33406,0.0001,0.0369579903781414
0.01,1013.47,234563,664,-20.68,353,1096,,,33640,0.0001,0.0055573307909071445
0.01,1018.03,235686,663,-20.65,355,1100,,,33921,0.0001,0.048566803336143494
0.01,1018.21,236669,662,-20.65,357,1104,,,34167,0.0001,0.005700468085706234
0.01,1019.88,237703,662,-20.63,358,1108,,,34425,0.0001,0.024389978498220444
0.01,1021.01,238775,661,-20.61,360,1112,,,34693,0.0001,0.009957041591405869
0.01,1021.69,239811,661,-20.6,362,1116,,,34952,0.0001,0.0091408621519804
0.01,1026.64,240866,660,-20.58,364,1120,,,35216,0.0001,0.005988991819322109
0.01,1030.8,241856,660,-20.56,366,1124,,,35463,0.0001,0.018069904297590256
0.01,1035.3,242981,659,-20.58,368,1128,,,35745,0.0001,0.003895461093634367
0.01,1038.82,243965,659,-20.56,370,1132,,,35991,0.0001,0.007828540168702602
0.01,1041.56,244978,658,-20.57,371,1136,,,36244,0.0001,0.007221051026135683
0.01,1030.31,245832,658,-20.59,373,1140,,,36457,0.0001,0.0058556594885885715
0.01,1021.42,246796,657,-20.59,375,1144,,,36698,0.0001,0.006928971037268639
0.01,1016.76,247730,657,-20.6,376,1148,,,36932,0.0001,0.011997999623417854
0.01,1013.78,248639,656,-20.6,378,1152,,,37159,0.0001,0.007021249271929264
0.01,1016.09,249715,656,-20.57,380,1156,,,37428,0.0001,0.017419204115867615
0.01,1020.33,250759,655,-20.56,382,1160,,,37689,0.0001,0.004572540521621704
0.01,1023.27,251714,655,-20.55,384,1164,,,37928,0.0001,0.010454880073666573
0.01,1023.46,252677,654,-20.55,385,1168,,,38169,0.0001,0.01386970840394497
0.01,1023.04,253601,654,-20.53,387,1172,,,38400,0.0001,0.00943299476057291
0.01,1020.78,254545,653,-20.52,389,1176,,,38636,0.0001,0.004473084583878517
0.01,1022.9,255580,653,-20.5,391,1180,,,38894,0.0001,0.007101999130100012
0.01,1021.18,256553,652,-20.51,392,1184,,,39138,0.0001,0.021840283647179604
0.01,1017.48,257535,652,-20.51,394,1188,,,39383,0.0001,0.006486839614808559
0.01,1028.15,258741,651,-20.5,396,1192,,,39685,0.0001,0.0027261036448180676
0.01,1027.17,259653,651,-20.5,398,1196,,,39913,0.0001,0.008297216147184372
0.01,1021.22,260637,651,-20.52,400,1200,,,40159,0.0001,0.008640481159090996
0.01,1019.97,261594,650,-20.53,402,1204,,,40398,0.0001,0.011483957059681416
0.01,1021.07,262658,650,-20.53,403,1208,,,40664,0.0001,0.014860628172755241
0.01,1020.87,263733,649,-20.55,405,1212,,,40933,0.0001,0.01470678299665451
0.01,1018.53,264708,649,-20.57,407,1216,,,41176,0.0001,0.0067131612449884415
0.01,1012.83,265620,649,-20.6,409,1220,,,41404,0.0001,0.005914806388318539
0.01,1010.26,266553,648,-20.6,410,1224,,,41638,0.0001,0.004043072462081909
0.01,1007.53,267606,648,-20.62,412,1228,,,41901,0.0001,0.005167964845895767
0.01,1007.34,268586,647,-20.63,414,1232,,,42146,0.0001,0.025100383907556534
0.01,1004.21,269521,647,-20.64,416,1236,,,42380,0.0001,0.006166838109493256
0.01,1009.73,270519,647,-20.62,418,1240,,,42629,0.0001,0.004877787549048662
0.01,1008.9,271457,646,-20.61,419,1244,,,42864,0.0001,0.009295150637626648
0.01,1013.12,272484,646,-20.6,421,1248,,,43120,0.0001,0.006276366300880909
0.01,1019.22,273551,645,-20.6,423,1252,,,43387,0.0001,0.005682929418981075
0.01,1017.06,274578,645,-20.63,425,1256,,,43644,0.0001,0.008083779364824295
0.01,1021.63,275736,645,-20.6,427,1260,,,43933,0.0001,0.027773212641477585
0.01,1020.05,276654,644,-20.6,429,1264,,,44163,0.0001,0.009024135768413544
0.01,1023.42,277711,644,-20.6,431,1268,,,44427,0.0001,0.007548520341515541
0.01,1024.68,278679,643,-20.61,432,1272,,,44669,0.0001,0.004311876837164164
0.01,1029.62,279753,643,-20.62,434,1276,,,44938,0.0001,0.007274683099240065
0.01,1035.38,280933,643,-20.6,436,1280,,,45233,0.0001,0.003460654290392995
0.01,1041.99,282076,642,-20.58,438,1284,,,45518,0.0001,0.008033345453441143
0.01,1043.91,283118,642,-20.57,440,1288,,,45779,0.0001,0.007902187295258045
0.01,1037.63,284168,642,-20.55,442,1292,,,46041,0.0001,0.009152702055871487
0.01,1042.63,285199,641,-20.56,444,1296,,,46299,0.0001,0.00740696070715785
0.01,1047.4,286293,641,-20.54,446,1300,,,46573,0.0001,0.006407414563000202
0.01,1060.29,287573,640,-20.51,448,1304,,,46893,0.0001,0.0053116269409656525
0.01,1064.72,288744,640,-20.53,450,1308,,,47185,0.0001,0.00919083971530199
0.01,1069.14,289936,640,-20.54,452,1312,,,47483,0.0001,0.004469568375498056
0.01,1077.29,291113,639,-20.52,455,1316,,,47778,0.0001,0.01191543135792017
0.01,1090.14,292348,639,-20.47,457,1320,,,48086,0.0001,0.0044089737348258495
0.01,1099.32,293507,638,-20.49,459,1324,,,48376,0.0001,0.004105416126549244
0.01,1097.96,294530,638,-20.48,461,1328,,,48632,0.0001,0.013319067656993866
0.01,1104.19,295670,638,-20.47,463,1332,,,48917,0.0001,0.00962003506720066
0.01,1118.37,296958,637,-20.45,465,1336,,,49239,0.0001,0.010322730988264084
0.01,1126.86,298160,637,-20.45,467,1340,,,49539,0.0001,0.011093604378402233
0.01,1128.99,299155,637,-20.44,469,1344,,,49788,0.0001,0.012235674075782299
0.01,,300000,,,,,-19.5,1376.2,49999,0.0001,0.009390265680849552
0.01,1138.05,300420,625,-20.42,480,1348,,,50104,0.0001,0.005779363214969635
0.01,1141.3,301566,624,-20.41,482,1352,,,50391,0.0001,0.008385198190808296
0.01,1147.38,302750,624,-20.35,484,1356,,,50687,0.0001,0.010165983811020851
0.01,1147.99,303920,624,-20.35,486,1360,,,50979,0.0001,0.0066294255666434765
0.01,1164.65,305253,624,-20.32,489,1364,,,51313,0.0001,0.02393805980682373
0.01,1171.11,306475,623,-20.3,491,1368,,,51618,0.0001,0.02305077761411667
0.01,1184.81,307777,623,-20.25,493,1372,,,51944,0.0001,0.0031463168561458588
0.01,1186.38,308888,623,-20.23,495,1376,,,52221,0.0001,0.019771555438637733
0.01,1190.83,310184,622,-20.21,497,1380,,,52545,0.0001,0.006150524597615004
0.01,1186.36,311220,622,-20.22,499,1384,,,52804,0.0001,0.006704410072416067
0.01,1190.35,312352,622,-20.23,501,1388,,,53087,0.0001,0.009721647948026657
0.01,1196.3,313554,622,-20.23,504,1392,,,53388,0.0001,0.03167872875928879
0.01,1201.76,314729,621,-20.23,506,1396,,,53682,0.0001,0.007525624707341194
0.01,1210.13,316038,621,-20.22,508,1400,,,54009,0.0001,0.01121750008314848
0.01,1199.88,317055,621,-20.25,510,1404,,,54263,0.0001,0.011101428419351578
0.01,1203.57,318323,621,-20.22,512,1408,,,54580,0.0001,0.030014369636774063
0.01,1206.69,319585,620,-20.23,514,1412,,,54896,0.0001,0.015725979581475258
0.01,1209.26,320832,620,-20.19,517,1416,,,55207,0.0001,0.005511150229722261
0.01,1217.74,322285,620,-20.17,519,1420,,,55571,0.0001,0.006059679202735424
0.01,1228.53,323718,619,-20.15,522,1424,,,55929,0.0001,0.012122313492000103
0.01,1238.19,324984,619,-20.13,524,1428,,,56245,0.0001,0.019308889284729958
0.01,1241.3,326192,619,-20.13,526,1432,,,56547,0.0001,0.007984204217791557
0.01,1235.36,327332,618,-20.14,528,1436,,,56832,0.0001,0.0055368682369589806
0.01,1235.95,328555,618,-20.16,531,1440,,,57138,0.0001,0.0043481942266225815
0.01,1242.77,329720,618,-20.17,533,1444,,,57429,0.0001,0.023762185126543045
0.01,1242.29,330967,618,-20.18,535,1448,,,57741,0.0001,0.00807075947523117
0.01,1247.24,332236,617,-20.19,537,1452,,,58058,0.0001,0.008511466905474663
0.01,1247.97,333426,617,-20.21,539,1456,,,58356,0.0001,0.010464785620570183
0.01,1249.39,334630,617,-20.26,541,1460,,,58657,0.0001,0.005976779852062464
0.01,1256.17,336137,617,-20.26,544,1464,,,59034,0.0001,0.00894482247531414
0.01,1262.31,337507,616,-20.27,547,1468,,,59376,0.0001,0.017689229920506477
0.01,1264.44,338856,616,-20.31,549,1472,,,59713,0.0001,0.0120411217212677
0.01,1277.03,340282,616,-20.31,552,1476,,,60070,0.0001,0.003688280703499913
0.01,1281.39,341673,616,-20.31,554,1480,,,60418,0.0001,0.006610587704926729
0.01,1291.16,342948,615,-20.32,556,1484,,,60736,0.0001,0.014907299540936947
0.01,1306.3,344462,615,-20.31,559,1488,,,61115,0.0001,0.018109409138560295
0.01,1308.61,345721,615,-20.32,561,1492,,,61430,0.0001,0.004995665978640318
0.01,1320.53,347185,614,-20.3,564,1496,,,61796,0.0001,0.009867314249277115
0.01,1325.02,348605,614,-20.29,567,1500,,,62151,0.0001,0.022689035162329674
0.01,1342.4,350051,614,-20.24,569,1504,,,62512,0.0001,0.005633732303977013
0.01,1345.02,351378,614,-20.23,572,1508,,,62844,0.0001,0.006182086654007435
0.01,1355.82,352906,613,-20.16,574,1512,,,63226,0.0001,0.015704160556197166
0.01,1366.92,354434,613,-20.2,577,1516,,,63608,0.0001,0.005492560565471649
0.01,1361.73,355756,613,-20.25,580,1520,,,63938,0.0001,0.01400507241487503
0.01,1364.66,357262,613,-20.17,582,1524,,,64315,0.0001,0.009590589441359043
0.01,1377.15,358832,612,-20.19,585,1528,,,64707,0.0001,0.006142929196357727
0.01,1382.4,360182,612,-20.17,587,1532,,,65045,0.0001,0.009204404428601265
0.01,1403.27,361850,612,-20.13,590,1536,,,65462,0.0001,0.007111642509698868
0.01,1424.0,363585,612,-20.12,594,1540,,,65896,0.0001,0.007862171158194542
0.01,1430.66,364916,611,-20.13,596,1544,,,66228,0.0001,0.0077797966077923775
0.01,1436.9,366318,611,-20.15,598,1548,,,66579,0.0001,0.009373768232762814
0.01,1449.06,367883,611,-20.06,601,1552,,,66970,0.0001,0.0109642893075943
0.01,1461.57,369394,611,-20.06,604,1556,,,67348,0.0001,0.007866592146456242
0.01,1475.26,370939,610,-19.99,607,1560,,,67734,0.0001,0.014141522347927094
0.01,1475.93,372460,610,-19.98,609,1564,,,68114,0.0001,0.006073669530451298
0.01,1473.23,373754,610,-19.99,612,1568,,,68438,0.0001,0.007030609995126724
0.01,1480.3,375287,610,-19.94,615,1572,,,68821,0.0001,0.00892680510878563
0.01,1483.92,376802,609,-19.95,617,1576,,,69200,0.0001,0.011281611397862434
0.01,1484.78,378221,609,-19.97,620,1580,,,69555,0.0001,0.010408219881355762
0.01,1490.64,379640,609,-19.95,623,1584,,,69909,0.0001,0.013936126604676247
0.01,1497.67,381334,609,-19.94,626,1588,,,70333,0.0001,0.011035939678549767
0.01,1512.71,382959,608,-19.92,629,1592,,,70739,0.0001,0.004003988578915596
0.01,1522.24,384662,608,-19.85,632,1596,,,71165,0.0001,0.024098029360175133
0.01,1521.33,386055,608,-19.86,634,1600,,,71513,0.0001,0.006420381832867861
0.01,1527.14,387654,608,-19.86,637,1604,,,71913,0.0001,0.006915611680597067
0.01,1541.92,389349,607,-19.86,640,1608,,,72337,0.0001,0.010795852169394493
0.01,1540.35,390855,607,-19.92,643,1612,,,72713,0.0001,0.010831551626324654
0.01,1538.91,392349,607,-19.92,645,1616,,,73087,0.0001,0.01376759447157383
0.01,1551.41,393974,607,-19.89,648,1620,,,73493,0.0001,0.012613165192306042
0.01,1554.1,395539,606,-19.94,651,1624,,,73884,0.0001,0.007924995385110378
0.01,1559.48,397246,606,-19.88,654,1628,,,74311,0.0001,0.017149213701486588
0.01,1573.53,398941,606,-19.87,657,1632,,,74735,0.0001,0.006475181318819523
0.01,,400000,,,,,-19.6,1671.5,74999,0.0001,0.004529321566224098
0.01,1568.37,400477,596,-19.9,671,1636,,,75119,0.0001,0.017657442018389702
0.01,1564.14,402119,596,-19.86,674,1640,,,75529,0.0001,0.0033104124013334513
0.01,1574.66,403709,596,-19.78,676,1644,,,75927,0.0001,0.015860721468925476
0.01,1577.54,405178,596,-19.77,679,1648,,,76294,0.0001,0.005787975154817104
0.01,1577.67,406753,596,-19.83,682,1652,,,76688,0.0001,0.003773192409425974
0.01,1578.85,408281,595,-19.84,685,1656,,,77070,0.0001,0.00896940752863884
0.01,1581.98,409904,595,-19.86,688,1660,,,77475,0.0001,0.004518641158938408
0.01,1586.11,411524,595,-19.85,690,1664,,,77880,0.0001,0.00940018706023693
0.01,1602.51,413229,595,-19.82,693,1668,,,78307,0.0001,0.006360592320561409
0.01,1608.37,414905,595,-19.87,696,1672,,,78726,0.0001,0.011287146247923374
0.01,1616.03,416617,595,-19.83,699,1676,,,79154,0.0001,0.005907861515879631
0.01,1622.13,418193,595,-19.81,702,1680,,,79548,0.0001,0.005712158977985382
0.01,1634.44,419929,594,-19.8,705,1684,,,79982,0.0001,0.005429283250123262
0.01,1639.07,421731,594,-19.78,709,1688,,,80432,0.0001,0.00466320663690567
0.01,1643.45,423470,594,-19.77,712,1692,,,80867,0.0001,0.012959260493516922
0.01,1643.96,425182,594,-19.8,715,1696,,,81295,0.0001,0.0073552485555410385
0.01,1661.76,427023,594,-19.74,718,1700,,,81755,0.0001,0.006663847714662552
0.01,1664.05,428678,594,-19.74,721,1704,,,82169,0.0001,0.008117260411381721
0.01,1662.06,430332,593,-19.76,724,1708,,,82582,0.0001,0.00788556132465601
0.01,1672.89,432108,593,-19.73,727,1712,,,83026,0.0001,0.005001997109502554
0.01,1684.12,433873,593,-19.73,730,1716,,,83468,0.0001,0.008762088604271412
0.01,1682.44,435464,593,-19.74,733,1720,,,83865,0.0001,0.017579378560185432
0.01,1682.44,437034,593,-19.75,736,1724,,,84258,0.0001,0.007206502370536327
0.01,1682.29,438740,593,-19.8,739,1728,,,84684,0.0001,0.005543298088014126
0.01,1686.03,440528,592,-19.81,742,1732,,,85131,0.0001,0.007918423041701317
0.01,1693.15,442243,592,-19.73,746,1736,,,85560,0.0001,0.013868631795048714
0.01,1694.7,443913,592,-19.75,749,1740,,,85978,0.0001,0.007880309596657753
0.01,1699.83,445640,592,-19.76,752,1744,,,86409,0.0001,0.01076845359057188
0.01,1712.25,447419,592,-19.72,755,1748,,,86854,0.0001,0.006014582701027393
0.01,1725.25,449325,592,-19.68,758,1752,,,87331,0.0001,0.009761631488800049
0.01,1738.56,451188,592,-19.67,762,1756,,,87796,0.0001,0.007302887737751007
0.01,1745.7,452993,591,-19.65,765,1760,,,88248,0.0001,0.01175802480429411
0.01,1753.12,454801,591,-19.66,768,1764,,,88700,0.0001,0.008963439613580704
0.01,1753.19,456520,591,-19.68,771,1768,,,89129,0.0001,0.010008066892623901
0.01,1770.55,458630,591,-19.6,775,1772,,,89657,0.0001,0.004712848458439112
0.01,1781.71,460612,591,-19.56,778,1776,,,90152,0.0001,0.006954865530133247
0.01,1789.6,462387,591,-19.57,782,1780,,,90596,0.0001,0.007940495386719704
0.01,1789.14,464107,591,-19.55,785,1784,,,91026,0.0001,0.015781257301568985
0.01,1798.9,466150,590,-19.54,788,1788,,,91537,0.0001,0.00515349255874753
0.01,1807.42,468104,590,-19.55,792,1792,,,92025,0.0001,0.015035320073366165
0.01,1818.84,470114,590,-19.54,796,1796,,,92528,0.0001,0.009552028961479664
0.01,1832.79,472301,590,-19.52,799,1800,,,93075,0.0001,0.019188683480024338
0.01,1840.97,474171,590,-19.52,803,1804,,,93542,0.0001,0.008978917263448238
0.01,1847.62,475995,590,-19.53,806,1808,,,93998,0.0001,0.006906145252287388
0.01,1853.48,477910,589,-19.5,810,1812,,,94477,0.0001,0.013860762119293213
0.01,1859.3,479816,589,-19.49,813,1816,,,94953,0.0001,0.01694915071129799
0.01,1877.85,481871,589,-19.44,817,1820,,,95467,0.0001,0.018411213532090187
0.01,1910.02,484257,589,-19.42,821,1824,,,96064,0.0001,0.008773423731327057
0.01,1923.61,486312,589,-19.39,825,1828,,,96577,0.0001,0.01309249922633171
0.01,1942.91,488581,589,-19.34,829,1832,,,97145,0.0001,0.011028077453374863
0.01,1959.52,490713,589,-19.33,833,1836,,,97678,0.0001,0.005797554738819599
0.01,1968.91,492618,588,-19.32,836,1840,,,98154,0.0001,0.011986393481492996
0.01,1980.6,494632,588,-19.35,840,1844,,,98657,0.0001,0.025186602026224136
0.01,1987.87,496604,588,-19.37,843,1848,,,99150,0.0001,0.0034966510720551014
0.01,1997.72,498752,588,-19.36,847,1852,,,99687,0.0001,0.012296034954488277
0.01,,500000,,,,,-19.8,2023.4,99999,0.0001,0.004044738598167896
0.01,2013.04,501001,579,-19.33,864,1856,,,100250,0.0001,0.008887424133718014
0.01,2021.21,503010,579,-19.3,867,1860,,,100752,0.0001,0.013851696625351906
0.01,2043.7,505388,579,-19.19,872,1864,,,101346,0.0001,0.004701209720224142
0.01,2059.79,507506,579,-19.15,875,1868,,,101876,0.0001,0.007776991464197636
0.01,2058.2,509570,579,-19.17,879,1872,,,102392,0.0001,0.011027938686311245
0.01,2083.47,512185,579,-19.06,884,1876,,,103046,0.0001,0.0077233752235770226
0.01,2096.18,514272,579,-19.09,888,1880,,,103567,0.0001,0.004073077812790871
0.01,2118.81,516552,578,-19.04,892,1884,,,104137,0.0001,0.0075889453291893005
0.01,2124.89,518758,578,-19.04,896,1888,,,104689,0.0001,0.004879899322986603
0.01,2135.83,520983,578,-18.97,900,1892,,,105245,0.0001,0.005496078170835972
0.01,2144.36,523196,578,-18.95,903,1896,,,105798,0.0001,0.005947405006736517
0.01,2156.41,525688,578,-18.95,908,1900,,,106421,0.0001,0.008552569895982742
0.01,2175.07,528016,578,-18.9,912,1904,,,107003,0.0001,0.005700604058802128
0.01,2192.15,530254,578,-18.82,916,1908,,,107563,0.0001,0.014528553001582623
0.01,2210.88,532624,578,-18.85,920,1912,,,108155,0.0001,0.010447291657328606
0.01,2220.7,534779,578,-18.84,924,1916,,,108694,0.0001,0.008423536084592342
0.01,2225.46,536947,578,-18.8,928,1920,,,109236,0.0001,0.0070863645523786545
0.01,2233.34,539518,578,-18.75,933,1924,,,109879,0.0001,0.005680710077285767
0.01,2240.11,541727,577,-18.74,937,1928,,,110431,0.0001,0.0062971035949885845
0.01,2241.02,544026,577,-18.74,941,1932,,,111006,0.0001,0.015887994319200516
0.01,2248.26,546336,577,-18.76,945,1936,,,111583,0.0001,0.011087208054959774
0.01,2271.89,548835,577,-18.7,949,1940,,,112208,0.0001,0.017477011308073997
0.01,2299.84,551545,577,-18.6,954,1944,,,112886,0.0001,0.0054288581013679504
0.01,2310.52,553774,577,-18.53,958,1948,,,113443,0.0001,0.01551875751465559
0.01,2327.41,556346,577,-18.47,963,1952,,,114086,0.0001,0.008486993610858917
0.01,2355.51,559299,577,-18.41,968,1956,,,114824,0.0001,0.016703035682439804
0.01,2364.96,561539,577,-18.46,972,1960,,,115384,0.0001,0.005114120431244373
0.01,2351.28,563574,577,-18.58,976,1964,,,115893,0.0001,0.0045150467194616795
0.01,2343.93,565504,577,-18.6,979,1968,,,116375,0.0001,0.0047667063772678375
0.01,2352.88,567796,577,-18.58,983,1972,,,116948,0.0001,0.007258731871843338
0.01,2339.73,570079,577,-18.64,987,1976,,,117519,0.0001,0.020159445703029633
0.01,2361.37,572707,577,-18.54,992,1980,,,118176,0.0001,0.010321402922272682
0.01,2374.7,575317,577,-18.55,997,1984,,,118829,0.0001,0.01187742967158556
0.01,2376.76,577568,576,-18.58,1001,1988,,,119391,0.0001,0.010666542686522007
0.01,2391.17,580147,576,-18.54,1005,1992,,,120036,0.0001,0.010365109890699387
0.01,2416.03,582993,576,-18.47,1010,1996,,,120748,0.0001,0.015728659927845
0.01,2409.58,585326,576,-18.49,1014,2000,,,121331,0.0001,0.013140236958861351
0.01,2412.93,587742,576,-18.51,1019,2004,,,121935,0.0001,0.015561425127089024
0.01,2415.6,590052,576,-18.55,1023,2008,,,122512,0.0001,0.0049144793301820755
0.01,2419.85,592540,576,-18.45,1027,2012,,,123134,0.0001,0.008884629234671593
0.01,2425.34,594833,576,-18.41,1031,2016,,,123708,0.0001,0.0038218004629015923
0.01,2443.44,597454,576,-18.46,1036,2020,,,124363,0.0001,0.004701314494013786
0.01,,600000,,,,,-17.45,2508.1,124999,0.0001,0.010486260056495667
0.01,2442.56,600004,567,-18.47,1057,2024,,,125000,0.0001,0.01596192643046379
0.01,2450.0,602400,567,-18.45,1061,2028,,,125599,0.0001,0.01346664596349001
0.01,2452.05,604744,567,-18.44,1065,2032,,,126185,0.0001,0.012589520774781704
0.01,2469.3,607476,567,-18.36,1070,2036,,,126868,0.0001,0.008270022459328175
0.01,2472.53,610059,567,-18.37,1075,2040,,,127514,0.0001,0.013124300166964531
0.01,2462.81,612528,567,-18.44,1079,2044,,,128131,0.0001,0.007673046551644802
0.01,2467.99,614886,567,-18.45,1083,2048,,,128721,0.0001,0.007136253640055656
0.01,2467.32,617436,567,-18.48,1088,2052,,,129358,0.0001,0.006304856389760971
0.01,2447.37,619898,567,-18.46,1092,2056,,,129974,0.0001,0.005152976140379906
0.01,2461.6,622499,567,-18.46,1097,2060,,,130624,0.0001,0.00883531104773283
0.01,2497.15,625417,567,-18.37,1102,2064,,,131354,0.0001,0.005548771470785141
0.01,2524.14,628021,567,-18.29,1107,2068,,,132005,0.0001,0.004272516816854477
0.01,2533.24,630545,567,-18.25,1111,2072,,,132636,0.0001,0.013122938573360443
0.01,2544.73,633125,567,-18.26,1116,2076,,,133281,0.0001,0.0068178847432136536
0.01,2558.31,636097,566,-18.24,1121,2080,,,134024,0.0001,0.010731994174420834
0.01,2546.11,638403,566,-18.23,1125,2084,,,134600,0.0001,0.007712174206972122
0.01,2564.14,641107,566,-18.17,1130,2088,,,135276,0.0001,0.014700133353471756
0.01,2557.02,643507,566,-18.25,1135,2092,,,135876,0.0001,0.017506930977106094
0.01,2550.24,646175,566,-18.31,1139,2096,,,136543,0.0001,0.009696676395833492
0.01,2577.84,649188,566,-18.3,1145,2100,,,137296,0.0001,0.003527754684910178
0.01,2588.41,651864,566,-18.21,1150,2104,,,137965,0.0001,0.013647051528096199
0.01,2612.79,654787,566,-18.19,1155,2108,,,138696,0.0001,0.018165912479162216
0.01,2623.8,657546,566,-18.15,1160,2112,,,139386,0.0001,0.029856311157345772
0.01,2630.79,660020,566,-18.14,1164,2116,,,140004,0.0001,0.014547444880008698
0.01,2629.82,662618,566,-18.11,1169,2120,,,140654,0.0001,0.003456489183008671
0.01,2632.89,665251,566,-18.14,1173,2124,,,141312,0.0001,0.00596730737015605
0.01,2643.79,667934,566,-18.17,1178,2128,,,141983,0.0001,0.010417512618005276
0.01,2654.53,670541,566,-18.16,1183,2132,,,142635,0.0001,0.004069909453392029
0.01,2646.27,673070,566,-18.2,1187,2136,,,143267,0.0001,0.00800187885761261
0.01,2633.85,675344,566,-18.2,1192,2140,,,143835,0.0001,0.012377964332699776
0.01,2644.92,678093,566,-18.17,1197,2144,,,144523,0.0001,0.009326733648777008
0.01,2661.52,680879,566,-18.14,1201,2148,,,145219,0.0001,0.0070712994784116745
0.01,2667.41,683575,566,-18.16,1206,2152,,,145893,0.0001,0.006998279131948948
0.01,2684.04,686448,566,-18.15,1211,2156,,,146611,0.0001,0.012084960006177425
0.01,2702.44,689516,566,-18.06,1217,2160,,,147378,0.0001,0.00889544002711773
0.01,2703.14,692447,566,-18.03,1222,2164,,,148111,0.0001,0.008663291111588478
0.01,2706.49,695142,566,-18.02,1227,2168,,,148785,0.0001,0.009864162653684616
0.01,2714.78,697875,566,-17.99,1232,2172,,,149468,0.0001,0.018941368907690048
0.01,,700000,,,,,-14.95,2896.3,149999,0.0001,0.02916201390326023
0.01,2738.95,701058,557,-17.93,1256,2176,,,150264,0.0001,0.018189717084169388
0.01,2749.02,704283,557,-17.85,1262,2180,,,151070,0.0001,0.010446438565850258
0.01,2771.14,707151,557,-17.83,1267,2184,,,151787,0.0001,0.011486953124403954
0.01,2779.08,710048,557,-17.76,1272,2188,,,152511,0.0001,0.017540331929922104
0.01,2796.69,712896,558,-17.74,1277,2192,,,153223,0.0001,0.008908671326935291
0.01,2818.55,716115,558,-17.67,1283,2196,,,154028,0.0001,0.02949492819607258
0.01,2835.77,719566,557,-17.68,1289,2200,,,154891,0.0001,0.01553674228489399
0.01,2860.64,722864,558,-17.58,1295,2204,,,155715,0.0001,0.008568378165364265
0.01,2864.76,725895,558,-17.54,1300,2208,,,156473,0.0001,0.006931714713573456
0.01,2882.27,729103,557,-17.57,1306,2212,,,157275,0.0001,0.009341182187199593
0.01,2893.2,731845,557,-17.56,1311,2216,,,157961,0.0001,0.012008201330900192
0.01,2906.65,734777,558,-17.49,1316,2220,,,158694,0.0001,0.008652200922369957
0.01,2926.41,737901,558,-17.38,1322,2224,,,159475,0.0001,0.006609004456549883
0.01,2944.05,741019,558,-17.25,1327,2228,,,160254,0.0001,0.010666328482329845
0.01,2968.29,744245,558,-17.22,1333,2232,,,161061,0.0001,0.008224600926041603
0.01,2981.91,747124,558,-17.23,1338,2236,,,161780,0.0001,0.007259206846356392
0.01,3014.54,750205,558,-17.18,1344,2240,,,162551,0.0001,0.006988884881138802
0.01,3024.87,753223,558,-17.1,1349,2244,,,163305,0.0001,0.006473488640040159
0.01,3049.37,756617,558,-16.95,1355,2248,,,164154,0.0001,0.008324507623910904
0.01,3038.67,759050,558,-17.0,1360,2252,,,164762,0.0001,0.028204703703522682
0.01,3039.14,761936,558,-17.04,1365,2256,,,165483,0.0001,0.010902476496994495
0.01,3045.42,765151,558,-17.02,1371,2260,,,166287,0.0001,0.011010362766683102
0.01,3067.52,768640,558,-16.96,1377,2264,,,167159,0.0001,0.005866010673344135
0.01,3091.49,771929,558,-16.86,1383,2268,,,167982,0.0001,0.005867865867912769
0.01,3104.49,774981,558,-16.91,1388,2272,,,168745,0.0001,0.014266117475926876
0.01,3105.23,778181,558,-16.91,1394,2276,,,169545,0.0001,0.00833872240036726
0.01,3110.69,781548,558,-16.86,1400,2280,,,170386,0.0001,0.013399839401245117
0.01,3137.21,785070,558,-16.82,1406,2284,,,171267,0.0001,0.028237074613571167
0.01,3146.64,788204,558,-16.81,1412,2288,,,172050,0.0001,0.01147734746336937
0.01,3161.49,791428,558,-16.65,1417,2292,,,172856,0.0001,0.011215858161449432
0.01,3159.52,794598,558,-16.68,1423,2296,,,173649,0.0001,0.012617879547178745
0.01,3145.15,797688,558,-16.64,1429,2300,,,174421,0.0001,0.01837107539176941
0.01,,800000,,,,,-17.95,2907.6,174999,0.0001,0.00617977324873209
0.01,3137.11,800784,551,-16.78,1453,2304,,,175195,0.0001,0.010834159329533577
0.01,3157.78,804326,551,-16.73,1459,2308,,,176081,0.0001,0.019757837057113647
0.01,3172.72,807899,551,-16.73,1465,2312,,,176974,0.0001,0.011851035058498383
0.01,3210.16,811586,551,-16.61,1472,2316,,,177896,0.0001,0.0074434299021959305
0.01,3212.72,814584,551,-16.58,1477,2320,,,178645,0.0001,0.010922180488705635
0.01,3223.25,817966,551,-16.58,1483,2324,,,179491,0.0001,0.0025029906537383795
0.01,3199.97,820500,551,-16.7,1488,2328,,,180124,0.0001,0.003629089565947652
0.01,3202.25,823777,551,-16.7,1494,2332,,,180944,0.0001,0.011459346860647202
0.01,3211.47,826877,551,-16.64,1499,2336,,,181719,0.0001,0.0069305007345974445
0.01,3221.47,830209,551,-16.6,1505,2340,,,182552,0.0001,0.008145703002810478
0.01,3238.06,833632,551,-16.61,1511,2344,,,183407,0.0001,0.016869930550456047
0.01,3237.78,837023,551,-16.67,1517,2348,,,184255,0.0001,0.004967073444277048
0.01,3284.19,840609,551,-16.46,1524,2352,,,185152,0.0001,0.0038216873072087765
0.01,3301.33,843920,551,-16.37,1530,2356,,,185979,0.0001,0.01163921132683754
0.01,3313.33,847438,551,-16.34,1536,2360,,,186859,0.0001,0.012744106352329254
0.01,3293.4,850432,551,-16.4,1541,2364,,,187607,0.0001,0.010404570028185844
0.01,3263.81,852985,551,-16.53,1546,2368,,,188246,0.0001,0.005886079743504524
0.01,3264.08,856047,551,-16.51,1551,2372,,,189011,0.0001,0.00742267444729805
0.01,3259.99,859139,551,-16.51,1557,2376,,,189784,0.0001,0.01131533645093441
0.01,3246.52,862162,551,-16.68,1562,2380,,,190540,0.0001,0.007994424551725388
0.01,3247.93,865724,551,-16.63,1568,2384,,,191430,0.0001,0.005550084635615349
0.01,3277.63,869604,551,-16.61,1575,2388,,,192400,0.0001,0.004685271065682173
0.01,3296.15,873282,551,-16.66,1582,2392,,,193320,0.0001,0.0068322597071528435
0.01,3312.28,876851,551,-16.58,1588,2396,,,194212,0.0001,0.0030858025420457125
0.01,3324.39,880240,551,-16.55,1594,2400,,,195059,0.0001,0.008723575621843338
0.01,3340.05,883730,551,-16.42,1601,2404,,,195932,0.0001,0.004580171778798103
0.01,3333.95,887116,551,-16.39,1607,2408,,,196778,0.0001,0.008179919794201851
0.01,3324.5,890458,551,-16.37,1613,2412,,,197614,0.0001,0.008800732903182507
0.01,3312.22,893835,551,-16.47,1619,2416,,,198458,0.0001,0.009864311665296555
0.01,3343.88,897626,551,-16.46,1626,2420,,,199406,0.0001,0.013677731156349182
0.01,,900000,,,,,-16.2,3579.65,199999,0.0001,0.011222255416214466
0.01,3335.13,900797,544,-16.48,1654,2424,,,200199,0.0001,0.025620806962251663
0.01,3383.27,904529,544,-16.3,1661,2428,,,201132,0.0001,0.011392798274755478
0.01,3369.68,907470,544,-16.29,1666,2432,,,201867,0.0001,0.009063130244612694
0.01,3384.87,910953,544,-16.35,1672,2436,,,202738,0.0001,0.02786879800260067
0.01,3403.64,914760,544,-16.27,1679,2440,,,203689,0.0001,0.004314797930419445
0.01,3430.85,918864,544,-16.17,1687,2444,,,204715,0.0001,0.013964940793812275
0.01,3432.69,922300,544,-16.25,1693,2448,,,205574,0.0001,0.005973367020487785
0.01,3422.12,925621,544,-16.3,1699,2452,,,206405,0.0001,0.02307206764817238
0.01,3433.59,929222,544,-16.33,1705,2456,,,207305,0.0001,0.00949393305927515
0.01,3452.43,933211,544,-16.2,1712,2460,,,208302,0.0001,0.013130891136825085
0.01,3460.08,936388,544,-16.19,1718,2464,,,209096,0.0001,0.013982905074954033
0.01,3489.13,939653,544,-16.13,1724,2468,,,209913,0.0001,0.004020145628601313
0.01,3515.12,943359,545,-15.99,1730,2472,,,210839,0.0001,0.005323481746017933
0.01,3517.93,946525,545,-16.05,1736,2476,,,211631,0.0001,0.004828413017094135
0.01,3545.88,950254,545,-15.86,1743,2480,,,212563,0.0001,0.00898455735296011
0.01,3523.97,953269,545,-15.92,1748,2484,,,213317,0.0001,0.01770111732184887
0.01,3478.46,956016,545,-15.99,1753,2488,,,214003,0.0001,0.010302753187716007
0.01,3450.13,958992,545,-16.02,1758,2492,,,214747,0.0001,0.01598462462425232
0.01,3423.72,961904,545,-16.09,1764,2496,,,215475,0.0001,0.0042026774026453495
0.01,3443.73,965803,545,-16.03,1770,2500,,,216450,0.0001,0.006962732411921024
0.01,3434.23,969057,545,-16.19,1776,2504,,,217264,0.0001,0.02224377542734146
0.01,3445.45,972723,545,-16.12,1783,2508,,,218180,0.0001,0.0129659753292799
0.01,3435.93,975827,545,-16.12,1788,2512,,,218956,0.0001,0.00746117765083909
0.01,3447.22,979479,545,-16.03,1795,2516,,,219869,0.0001,0.0055412291549146175
0.01,3441.18,983125,545,-16.04,1801,2520,,,220781,0.0001,0.02704366110265255
0.01,3448.18,986468,545,-16.01,1807,2524,,,221616,0.0001,0.0049230800941586494
0.01,3418.52,989461,545,-16.13,1813,2528,,,222365,0.0001,0.034844785928726196
0.01,3426.45,992605,545,-16.15,1818,2532,,,223151,0.0001,0.010792763903737068
0.01,3403.02,995502,545,-16.16,1823,2536,,,223875,0.0001,0.018104825168848038
0.01,3390.75,999013,545,-16.25,1830,2540,,,224753,0.0001,0.01421620137989521
0.01,,1000000,,,,,-15.35,3857.6,224999,0.0001,0.008737468160688877
0.01,3359.29,1002327,538,-16.3,1860,2544,,,225581,0.0001,0.009930726140737534
0.01,3368.51,1005984,538,-16.25,1867,2548,,,226495,0.0001,0.008192161098122597
0.01,3349.43,1008836,538,-16.33,1872,2552,,,227208,0.0001,0.005493960343301296
0.01,3353.01,1012531,538,-16.4,1879,2556,,,228132,0.0001,0.015220338478684425
0.01,3326.7,1015854,538,-16.52,1885,2560,,,228963,0.0001,0.014464838430285454
0.01,3350.54,1019641,539,-16.5,1891,2564,,,229910,0.0001,0.008697504177689552
0.01,3362.98,1023226,539,-16.48,1898,2568,,,230806,0.0001,0.001548269996419549
0.01,3357.71,1026807,539,-16.57,1904,2572,,,231701,0.0001,0.012493262067437172
0.01,3392.33,1030835,539,-16.53,1911,2576,,,232708,0.0001,0.011321907863020897
0.01,3387.82,1034445,539,-16.56,1918,2580,,,233611,0.0001,0.005140381865203381
0.01,3390.71,1037534,539,-16.6,1923,2584,,,234383,0.0001,0.005979289300739765
0.01,3436.06,1041411,539,-16.44,1930,2588,,,235352,0.0001,0.006351339165121317
0.01,3451.99,1044779,539,-16.34,1936,2592,,,236194,0.0001,0.01567402482032776
0.01,3490.04,1048647,539,-16.26,1943,2596,,,237161,0.0001,0.005235868040472269
0.01,3499.68,1052775,539,-16.14,1950,2600,,,238193,0.0001,0.025683030486106873
0.01,3509.89,1056283,539,-16.07,1956,2604,,,239070,0.0001,0.0035712465178221464
0.01,3500.34,1059710,539,-16.16,1963,2608,,,239927,0.0001,0.006568216718733311
0.01,3541.02,1063822,539,-16.03,1970,2612,,,240955,0.0001,0.0026766080409288406
0.01,3539.47,1067440,539,-15.99,1976,2616,,,241859,0.0001,0.005014240741729736
0.01,3547.3,1071269,540,-15.99,1983,2620,,,242817,0.0001,0.006256774067878723
0.01,3563.11,1075006,540,-15.94,1990,2624,,,243751,0.0001,0.016475951299071312
0.01,3593.87,1078773,540,-15.75,1996,2628,,,244693,0.0001,0.010588029399514198
0.01,3603.88,1082160,540,-15.77,2003,2632,,,245539,0.0001,0.005200353916734457
0.01,3625.12,1085597,540,-15.67,2009,2636,,,246399,0.0001,0.0028560864739120007
0.01,3630.24,1089225,540,-15.61,2015,2640,,,247306,0.0001,0.013259914703667164
0.01,3629.85,1092534,540,-15.72,2021,2644,,,248133,0.0001,0.013363148085772991
0.01,3617.98,1095903,540,-15.77,2027,2648,,,248975,0.0001,0.007154935039579868
0.01,3667.1,1099989,540,-15.62,2034,2652,,,249997,0.0001,0.008102072402834892
0.01,,1100000,,,,,-15.65,4156.85,249999,0.0001,0.01121609378606081
0.01,3667.98,1103701,533,-15.49,2067,2656,,,250925,0.0001,0.006715163588523865
0.01,3707.55,1108016,533,-15.28,2075,2660,,,252003,0.0001,0.0043336171656847
0.01,3730.78,1112372,533,-15.17,2083,2664,,,253092,0.0001,0.00508864363655448
0.01,3780.79,1117208,534,-15.0,2092,2668,,,254301,0.0001,0.009490618482232094
0.01,3792.95,1121092,534,-14.97,2098,2672,,,255272,0.0001,0.008472681045532227
0.01,3795.79,1125191,534,-14.84,2106,2676,,,256297,0.0001,0.012654454447329044
0.01,3815.54,1129291,534,-14.79,2113,2680,,,257322,0.0001,0.004537542350590229
0.01,3826.65,1132660,534,-14.71,2119,2684,,,258164,0.0001,0.012046180665493011
0.01,3846.47,1137032,534,-14.65,2127,2688,,,259257,0.0001,0.009697719477117062
0.01,3882.52,1141311,534,-14.61,2134,2692,,,260327,0.0001,0.008071359246969223
0.01,3876.16,1145010,534,-14.64,2141,2696,,,261252,0.0001,0.017951425164937973
0.01,3879.78,1149235,534,-14.7,2149,2700,,,262308,0.0001,0.007727493066340685
0.01,3886.98,1152922,534,-14.61,2155,2704,,,263230,0.0001,0.011369001120328903
0.01,3905.7,1156817,534,-14.55,2162,2708,,,264204,0.0001,0.006435750517994165
0.01,3915.51,1161186,534,-14.6,2170,2712,,,265296,0.0001,0.012901708483695984
0.01,3938.42,1165376,535,-14.57,2177,2716,,,266343,0.0001,0.018511686474084854
0.01,3964.28,1169855,535,-14.53,2185,2720,,,267463,0.0001,0.00885220430791378
0.01,4017.68,1174933,535,-14.35,2195,2724,,,268733,0.0001,0.010911267250776291
0.01,4020.7,1178775,535,-14.37,2201,2728,,,269693,0.0001,0.003127821022644639
0.01,4091.65,1183939,535,-14.0,2211,2732,,,270984,0.0001,0.017877772450447083
0.01,4116.13,1187981,535,-13.93,2218,2736,,,271995,0.0001,0.00989207811653614
0.01,4134.89,1192081,535,-13.85,2225,2740,,,273020,0.0001,0.011434955522418022
0.01,4145.8,1195665,535,-13.74,2232,2744,,,273916,0.0001,0.00618057232350111
0.01,4181.67,1199922,535,-13.55,2239,2748,,,274980,0.0001,0.00720707792788744
0.01,,1200000,,,,,-12.2,4712.85,274999,0.0001,0.005995894782245159
0.01,4197.74,1204404,528,-13.47,2277,2752,,,276100,0.0001,0.013601130805909634
0.01,4218.12,1208634,528,-13.46,2285,2756,,,277158,0.0001,0.027943942695856094
0.01,4224.68,1213122,528,-13.54,2293,2760,,,278280,0.0001,0.01575266756117344
0.01,4240.55,1217877,529,-13.56,2302,2764,,,279469,0.0001,0.0054689375683665276
0.01,4255.5,1223078,529,-13.48,2311,2768,,,280769,0.0001,0.005836235359311104
0.01,4280.58,1227587,529,-13.42,2319,2772,,,281896,0.0001,0.013781451620161533
0.01,4260.75,1231196,529,-13.51,2325,2776,,,282798,0.0001,0.011990614235401154
0.01,4258.35,1235239,529,-13.59,2333,2780,,,283809,0.0001,0.009839720092713833
0.01,4284.22,1239248,529,-13.47,2340,2784,,,284811,0.0001,0.019354719668626785
0.01,4281.84,1243563,529,-13.54,2347,2788,,,285890,0.0001,0.016784366220235825
0.01,4277.78,1247735,529,-13.52,2355,2792,,,286933,0.0001,0.021584920585155487
0.01,4312.5,1252314,529,-13.35,2363,2796,,,288078,0.0001,0.002243390306830406
0.01,4309.56,1256469,529,-13.32,2370,2800,,,289117,0.0001,0.0027086609043180943
0.01,4319.97,1260412,530,-13.21,2378,2804,,,290102,0.0001,0.007048138417303562
0.01,4355.35,1265193,530,-13.01,2386,2808,,,291298,0.0001,0.007882954552769661
0.01,4354.65,1269539,530,-12.95,2394,2812,,,292384,0.0001,0.004711365792900324
0.01,4390.36,1274626,530,-12.85,2403,2816,,,293656,0.0001,0.01260695606470108
0.01,4397.25,1279287,530,-12.56,2411,2820,,,294821,0.0001,0.02293679118156433
0.01,4354.88,1283303,530,-12.75,2418,2824,,,295825,0.0001,0.00654186587780714
0.01,4364.28,1287379,530,-12.74,2426,2828,,,296844,0.0001,0.009712858125567436
0.01,4351.4,1292216,530,-12.86,2434,2832,,,298053,0.0001,0.005047410260885954
0.01,4364.61,1296585,530,-12.72,2442,2836,,,299146,0.0001,0.002737729111686349
0.01,,1300000,,,,,-11.8,4489.65,299999,0.0001,0.003477406222373247
0.01,4385.94,1301210,524,-12.65,2479,2840,,,300302,0.0001,0.014127515256404877
0.01,4435.89,1306036,524,-12.47,2488,2844,,,301508,0.0001,0.0075096082873642445
0.01,4447.94,1310597,524,-12.52,2496,2848,,,302649,0.0001,0.006942921318113804
0.01,4449.96,1315128,525,-12.56,2504,2852,,,303781,0.0001,0.012058003805577755
0.01,4471.72,1319886,525,-12.39,2512,2856,,,304971,0.0001,0.008909064345061779
0.01,4452.86,1323897,525,-12.46,2520,2860,,,305974,0.0001,0.005767058581113815
0.01,4435.72,1328231,525,-12.45,2527,2864,,,307057,0.0001,0.019090112298727036
0.01,4402.29,1332607,525,-12.55,2535,2868,,,308151,0.0001,0.008206565864384174
0.01,4409.19,1337291,525,-12.36,2544,2872,,,309322,0.0001,0.010703539475798607
0.01,4464.32,1342279,525,-12.16,2553,2876,,,310569,0.0001,0.005070149898529053
0.01,4481.78,1346757,525,-12.03,2560,2880,,,311689,0.0001,0.008391255512833595
0.01,4503.29,1351305,525,-12.09,2569,2884,,,312826,0.0001,0.006992585025727749
0.01,4488.92,1355261,526,-12.16,2576,2888,,,313815,0.0001,0.0078107984736561775
0.01,4509.69,1359949,526,-12.14,2584,2892,,,314987,0.0001,0.008081820793449879
0.01,4504.37,1364385,526,-12.17,2592,2896,,,316096,0.0001,0.01171219814568758
0.01,4518.79,1368895,526,-12.08,2600,2900,,,317223,0.0001,0.009594672359526157
0.01,4516.8,1372794,526,-12.26,2607,2904,,,318198,0.0001,0.006109919864684343
0.01,4518.27,1377606,526,-12.34,2616,2908,,,319401,0.0001,0.008497655391693115
0.01,4549.87,1382737,526,-12.19,2625,2912,,,320684,0.0001,0.00823457632213831
0.01,4544.59,1387691,526,-12.19,2634,2916,,,321922,0.0001,0.004446498584002256
0.01,4559.98,1392732,526,-12.28,2643,2920,,,323182,0.0001,0.005367175675928593
0.01,4576.01,1397142,526,-12.14,2651,2924,,,324285,0.0001,0.008756661787629128
0.01,,1400000,,,,,-11.1,5118.4,324999,0.0001,0.00810091383755207
0.01,4628.76,1402534,520,-12.05,2693,2928,,,325633,0.0001,0.008297663182020187
0.01,4634.22,1407504,520,-12.01,2702,2932,,,326875,0.0001,0.016604367643594742
0.01,4644.77,1412141,520,-12.01,2710,2936,,,328035,0.0001,0.004408582113683224
0.01,4618.56,1416118,521,-12.1,2717,2940,,,329029,0.0001,0.007693676743656397
0.01,4656.47,1421901,521,-12.02,2728,2944,,,330475,0.0001,0.00456757890060544
0.01,4644.92,1426172,521,-12.0,2735,2948,,,331542,0.0001,0.00787300430238247
0.01,4665.69,1431225,521,-11.82,2744,2952,,,332806,0.0001,0.007354887202382088
0.01,4664.75,1435964,521,-11.87,2753,2956,,,333990,0.0001,0.005359082482755184
0.01,4673.79,1440199,521,-11.82,2760,2960,,,335049,0.0001,0.004604842513799667
0.01,4740.99,1446200,521,-11.49,2771,2964,,,336549,0.0001,0.011169115081429482
0.01,4752.69,1450872,521,-11.54,2779,2968,,,337717,0.0001,0.02022159844636917
0.01,4827.72,1457427,522,-11.34,2791,2972,,,339356,0.0001,0.015162220224738121
0.01,4836.77,1462631,522,-11.32,2800,2976,,,340657,0.0001,0.0047111790627241135
0.01,4817.58,1466629,522,-11.39,2808,2980,,,341657,0.0001,0.005218411795794964
0.01,4862.1,1472293,522,-11.22,2818,2984,,,343073,0.0001,0.006119406316429377
0.01,4903.65,1477287,522,-11.06,2827,2988,,,344321,0.0001,0.0022882032208144665
0.01,4917.42,1482320,522,-11.05,2836,2992,,,345579,0.0001,0.002514938125386834
0.01,4915.38,1486715,522,-11.02,2844,2996,,,346678,0.0001,0.018068013712763786
0.01,4923.11,1491422,522,-11.03,2852,3000,,,347855,0.0001,0.006790775805711746
0.01,4979.06,1496718,522,-10.73,2862,3004,,,349179,0.0001,0.0038574025966227055
0.01,,1500000,,,,,-9.9,4627.85,349999,0.0001,0.007387520745396614
0.01,4975.99,1501454,517,-10.68,2900,3008,,,350363,0.0001,0.004616913385689259
0.01,4966.83,1506363,517,-10.68,2909,3012,,,351590,0.0001,0.00489893788471818
0.01,4970.74,1511410,517,-10.59,2918,3016,,,352852,0.0001,0.008698597550392151
0.01,4960.44,1516194,518,-10.65,2926,3020,,,354048,0.0001,0.0023075274657458067
0.01,4957.62,1520533,518,-10.59,2934,3024,,,355133,0.0001,0.004070768132805824
0.01,4912.2,1524791,518,-10.62,2942,3028,,,356197,0.0001,0.004040824249386787
0.01,4908.3,1529663,518,-10.45,2950,3032,,,357415,0.0001,0.004624187480658293
0.01,4895.14,1533969,518,-10.45,2958,3036,,,358492,0.0001,0.006188978441059589
0.01,4925.0,1538690,518,-10.42,2966,3040,,,359672,0.0001,0.007315333932638168
0.01,4874.06,1543193,518,-10.52,2975,3044,,,360798,0.0001,0.017659638077020645
0.01,4875.5,1547503,518,-10.54,2982,3048,,,361875,0.0001,0.006101209670305252
0.01,4879.55,1552645,518,-10.63,2991,3052,,,363161,0.0001,0.002929363865405321
0.01,4857.79,1556847,519,-10.58,2999,3056,,,364211,0.0001,0.006690280977636576
0.01,4899.04,1562124,519,-10.45,3008,3060,,,365530,0.0001,0.0049409763887524605
0.01,4839.09,1566631,519,-10.71,3017,3064,,,366657,0.0001,0.003268228378146887
0.01,4853.59,1571659,519,-10.41,3025,3068,,,367914,0.0001,0.003979855217039585
0.01,4824.6,1577493,519,-10.61,3036,3072,,,369373,0.0001,0.014554210007190704
0.01,4791.83,1581884,519,-10.7,3044,3076,,,370470,0.0001,0.0020002610981464386
0.01,4822.44,1586652,519,-10.63,3052,3080,,,371662,0.0001,0.004098116420209408
0.01,4786.99,1591432,519,-10.65,3061,3084,,,372857,0.0001,0.005170577205717564
0.01,4733.82,1595092,519,-10.82,3067,3088,,,373772,0.0001,0.006338678300380707
0.01,4698.37,1599230,520,-10.81,3075,3092,,,374807,0.0001,0.007082013413310051
0.01,,1600000,,,,,-10.25,4610.9,374999,0.0001,0.007772332988679409
0.01,4691.85,1603451,515,-10.91,3112,3096,,,375862,0.0001,0.0049338024109601974
0.01,4687.74,1608048,515,-10.85,3120,3100,,,377011,0.0001,0.002048835391178727
0.01,4677.3,1613076,515,-10.92,3129,3104,,,378268,0.0001,0.005584395490586758
0.01,4658.96,1617362,515,-10.95,3137,3108,,,379340,0.0001,0.00415033008903265
0.01,4655.43,1622180,515,-10.81,3146,3112,,,380544,0.0001,0.009713515639305115
0.01,4642.56,1626911,515,-10.77,3154,3116,,,381727,0.0001,0.0023316971492022276
0.01,4622.61,1631195,515,-10.67,3162,3120,,,382798,0.0001,0.007812928408384323
0.01,4644.72,1636089,515,-10.49,3171,3124,,,384022,0.0001,0.013080626726150513
0.01,4680.62,1641241,516,-10.1,3180,3128,,,385310,0.0001,0.009951509535312653
0.01,4649.05,1645335,516,-10.29,3187,3132,,,386333,0.0001,0.004909452050924301
0.01,4696.25,1650821,516,-10.2,3197,3136,,,387705,0.0001,0.007346310652792454
0.01,4697.81,1655578,516,-10.03,3206,3140,,,388894,0.0001,0.00788160040974617
0.01,4702.01,1660185,516,-10.02,3214,3144,,,390046,0.0001,0.011093368753790855
0.01,4741.31,1665476,516,-9.78,3223,3148,,,391368,0.0001,0.005944224540144205
0.01,4731.96,1670402,516,-9.61,3232,3152,,,392600,0.0001,0.009758001193404198
0.01,4725.01,1674428,516,-9.7,3239,3156,,,393606,0.0001,0.004152113571763039
0.01,4724.76,1679695,517,-9.59,3248,3160,,,394923,0.0001,0.004874575417488813
0.01,4753.52,1684926,517,-9.36,3258,3164,,,396231,0.0001,0.002534877508878708
0.01,4714.96,1688993,517,-9.58,3265,3168,,,397248,0.0001,0.009365696460008621
0.01,4698.62,1694421,517,-9.49,3275,3172,,,398605,0.0001,0.009393813088536263
0.01,4705.62,1698990,517,-9.44,3283,3176,,,399747,0.0001,0.004584851674735546
0.01,,1700000,,,,,-6.8,5643.3,399999,0.0001,0.0030326417181640863
0.01,4756.01,1705010,511,-9.18,3330,3180,,,401252,0.0001,0.002692761365324259
0.01,4765.28,1710017,512,-9.11,3339,3184,,,402504,0.0001,0.005954407155513763
0.01,4802.97,1714621,512,-8.9,3347,3188,,,403655,0.0001,0.0026874267496168613
0.01,4789.82,1718450,512,-8.9,3354,3192,,,404612,0.0001,0.00945072341710329
0.01,4850.2,1724188,512,-8.57,3364,3196,,,406046,0.0001,0.004560751840472221
0.01,4849.92,1728779,512,-8.57,3373,3200,,,407194,0.0001,0.0034365286119282246
0.01,4826.57,1733228,512,-8.52,3380,3204,,,408306,0.0001,0.0029384077060967684
0.01,4844.03,1737946,512,-8.45,3389,3208,,,409486,0.0001,0.003070925362408161
0.01,4856.67,1743079,512,-8.44,3398,3212,,,410769,0.0001,0.008790407329797745
0.01,4895.16,1748768,513,-8.22,3408,3216,,,412191,0.0001,0.0052081868052482605
0.01,4941.45,1754213,513,-8.12,3418,3220,,,413553,0.0001,0.004161212593317032
0.01,4944.14,1759184,513,-8.17,3427,3224,,,414795,0.0001,0.00477398419752717
0.01,4939.8,1764234,513,-8.38,3436,3228,,,416058,0.0001,0.009117811918258667
0.01,4978.3,1769289,513,-8.23,3445,3232,,,417322,0.0001,0.010630046017467976
0.01,4982.04,1774873,513,-8.2,3455,3236,,,418718,0.0001,0.006832605227828026
0.01,4972.76,1779398,513,-8.26,3463,3240,,,419849,0.0001,0.025861607864499092
0.01,5012.83,1785007,513,-7.95,3473,3244,,,421251,0.0001,0.010917206294834614
0.01,5001.0,1790010,514,-7.9,3482,3248,,,422502,0.0001,0.0255952849984169
0.01,5020.86,1795426,514,-7.94,3491,3252,,,423856,0.0001,0.005910004023462534
0.01,,1800000,,,,,-6.95,5286.45,424999,0.0001,0.004329579416662455
0.01,5058.72,1800394,509,-7.64,3534,3256,,,425098,0.0001,0.005667844787240028
0.01,5047.21,1805374,509,-7.68,3543,3260,,,426343,0.0001,0.012263604439795017
0.01,5054.78,1810790,509,-7.58,3553,3264,,,427697,0.0001,0.019037345424294472
0.01,5102.83,1816059,509,-7.48,3562,3268,,,429014,0.0001,0.006623218767344952
0.01,5074.67,1820781,509,-7.56,3570,3272,,,430195,0.0001,0.006252772640436888
0.01,5139.54,1826961,510,-7.17,3581,3276,,,431740,0.0001,0.007074794266372919
0.01,5091.83,1831794,510,-7.32,3590,3280,,,432948,0.0001,0.010548330843448639
0.01,5090.19,1836758,510,-7.28,3599,3284,,,434189,0.0001,0.005844899453222752
0.01,5129.55,1842355,510,-7.07,3609,3288,,,435588,0.0001,0.0051823873072862625
0.01,5172.08,1847237,510,-6.88,3618,3292,,,436809,0.0001,0.016691554337739944
0.01,5137.21,1852090,510,-7.06,3627,3296,,,438022,0.0001,0.00841477420181036
0.01,5143.66,1856848,510,-7.03,3636,3300,,,439211,0.0001,0.003781253006309271
0.01,5167.14,1861888,510,-7.01,3644,3304,,,440471,0.0001,0.004782813601195812
0.01,5171.39,1866714,510,-7.07,3653,3308,,,441678,0.0001,0.030153654515743256
0.01,5163.76,1871659,511,-7.11,3662,3312,,,442914,0.0001,0.003276027739048004
0.01,5138.72,1876722,511,-7.32,3671,3316,,,444180,0.0001,0.003658669302240014
0.01,5161.82,1882740,511,-7.12,3682,3320,,,445684,0.0001,0.008571840822696686
0.01,5166.71,1887823,511,-7.09,3691,3324,,,446955,0.0001,0.016441181302070618
0.01,5191.26,1893480,511,-7.09,3701,3328,,,448369,0.0001,0.004614753648638725
0.01,5169.15,1897987,511,-7.25,3709,3332,,,449496,0.0001,0.004834244959056377
0.01,,1900000,,,,,-6.1,5791.1,449999,0.0001,0.016291160136461258
0.01,5169.57,1903576,506,-7.18,3756,3336,,,450893,0.0001,0.009704279713332653
0.01,5192.15,1908667,506,-7.1,3765,3340,,,452166,0.0001,0.0036417031660676003
0.01,5190.83,1914249,506,-7.03,3775,3344,,,453562,0.0001,0.0035692057572305202
0.01,5212.87,1919799,507,-6.95,3785,3348,,,454949,0.0001,0.004247230477631092
0.01,5196.59,1924803,507,-6.99,3794,3352,,,456200,0.0001,0.01202805619686842
0.01,5205.8,1929996,507,-7.08,3803,3356,,,457498,0.0001,0.01001800037920475
0.01,5217.87,1935278,507,-7.06,3813,3360,,,458819,0.0001,0.008561031892895699
0.01,5207.36,1940436,507,-7.23,3822,3364,,,460108,0.0001,0.003453571582213044
0.01,5225.2,1946146,507,-6.91,3832,3368,,,461536,0.0001,0.011097626760601997
0.01,5248.16,1951443,507,-6.77,3841,3372,,,462860,0.0001,0.008681433275341988
0.01,5205.0,1956556,508,-7.01,3851,3376,,,464138,0.0001,0.0063775028102099895
0.01,5235.7,1962158,508,-6.79,3861,3380,,,465539,0.0001,0.008071290329098701
0.01,5245.8,1967373,508,-6.78,3870,3384,,,466843,0.0001,0.005415978841483593
0.01,5235.43,1972703,508,-6.82,3880,3388,,,468175,0.0001,0.013072706758975983
0.01,5264.83,1978323,508,-6.72,3890,3392,,,469580,0.0001,0.003970567602664232
0.01,5303.64,1984155,508,-6.58,3900,3396,,,471038,0.0001,0.01022433303296566
0.01,5293.37,1988662,508,-6.62,3908,3400,,,472165,0.0001,0.006710359361022711
0.01,5329.84,1994612,508,-6.22,3919,3404,,,473652,0.0001,0.00995301827788353
0.01,5341.59,1999729,509,-6.08,3928,3408,,,474932,0.0001,0.01358010433614254
0.01,,2000000,,,,,-2.3,5922.15,474999,0.0001,0.004729651380330324
