rollout/ep_len_mean,time/total_timesteps,time/fps,time/episodes,rollout/ep_rew_mean,time/time_elapsed,rollout/exploration_rate,eval/mean_reward,eval/mean_ep_length,train/learning_rate,train/n_updates,train/loss
851.25,831,824,4,-20.75,1,0.9958865499999999,,,,,
856.0,1675,859,8,-20.875,1,0.9917087499999996,,,,,
864.4166666666666,2532,870,12,-20.666666666666668,2,0.9874666000000001,,,,,
880.9375,3445,878,16,-20.5,3,0.9829472500000004,,,,,
882.35,4311,882,20,-20.6,4,0.9786605500000002,,,,,
901.0,5283,885,24,-20.5,5,0.9738491500000004,,,,,
897.0357142857143,6144,888,28,-20.5,6,0.9695872000000003,,,,,
892.875,6985,889,32,-20.53125,7,0.9654242499999999,,,,,
889.5,7827,890,36,-20.583333333333332,8,0.9612563499999999,,,,,
890.6,8700,891,40,-20.575,9,0.9569350000000003,,,,,
889.7954545454545,9558,892,44,-20.613636363636363,10,0.9526879000000003,,,,,
891.125,10442,892,48,-20.583333333333332,11,0.9483120999999997,,,,,
885.7115384615385,11240,891,52,-20.596153846153847,12,0.9443620000000004,,,,,
888.875,12151,892,56,-20.553571428571427,13,0.9398525499999999,,,,,
889.3333333333334,13016,892,60,-20.55,14,0.9355708000000004,,,,,
886.921875,13841,892,64,-20.5625,15,0.9314870500000001,,,,,
882.6470588235294,14627,892,68,-20.573529411764707,16,0.9275963500000003,,,,,
881.3472222222222,15462,892,72,-20.59722222222222,17,0.9234630999999995,,,,,
879.9342105263158,16294,892,76,-20.605263157894736,18,0.9193446999999999,,,,,
880.325,17160,892,80,-20.6125,19,0.9150579999999997,,,,,
881.9047619047619,18046,892,84,-20.63095238095238,20,0.9106723,,,,,
882.1931818181819,18919,892,88,-20.625,21,0.9063509500000004,,,,,
881.6086956521739,19763,892,92,-20.619565217391305,22,0.9021731500000001,,,,,
880.28125,20594,893,96,-20.625,23,0.8980597,,,,,
879.42,21422,892,100,-20.63,23,0.8939610999999997,,,,,
879.51,22255,893,104,-20.63,24,0.8898377500000004,,,,,
882.96,23191,893,108,-20.59,25,0.8852045500000002,,,,,
883.93,24073,893,112,-20.61,26,0.88083865,,,,,
880.57,24899,893,116,-20.64,27,0.87674995,,,,,
884.0,25849,893,120,-20.61,28,0.87204745,,,,,
878.11,26667,893,124,-20.65,29,0.86799835,,,,,
879.19,27536,893,128,-20.65,30,0.8636968,,,,,
879.25,28374,892,132,-20.66,31,0.8595487000000005,,,,,
878.33,29192,892,136,-20.65,32,0.8554995999999995,,,,,
876.05,30014,893,140,-20.67,33,0.8514307000000001,,,,,
877.54,30916,892,144,-20.67,34,0.8469658000000003,,,,,
878.59,31822,893,148,-20.68,35,0.8424810999999999,,,,,
884.13,32757,893,152,-20.66,36,0.8378528500000004,,,,,
882.11,33603,893,156,-20.67,37,0.8336651499999997,,,,,
879.26,34403,893,160,-20.68,38,0.8297051500000002,,,,,
878.79,35224,893,164,-20.68,39,0.8256412000000004,,,,,
882.22,36106,893,168,-20.68,40,0.8212753000000002,,,,,
882.79,36960,893,172,-20.68,41,0.8170479999999996,,,,,
883.81,37811,892,176,-20.68,42,0.8128355499999999,,,,,
884.54,38686,892,180,-20.67,43,0.8085043000000001,,,,,
883.19,39546,893,184,-20.66,44,0.8042472999999997,,,,,
885.23,40460,893,188,-20.66,45,0.7997230000000003,,,,,
883.16,41259,893,192,-20.68,46,0.7957679500000003,,,,,
882.84,42074,893,196,-20.69,47,0.7917337000000003,,,,,
884.91,42961,893,200,-20.67,48,0.7873430499999999,,,,,
885.64,43808,893,204,-20.65,49,0.7831503999999997,,,,,
880.78,44615,894,208,-20.68,49,0.7791557499999997,,,,,
877.08,45404,893,212,-20.69,50,0.7752502,,,,,
880.91,46321,894,216,-20.68,51,0.7707110499999997,,,,,
877.23,47186,894,220,-20.71,52,0.7664293000000002,,,,,
876.64,47990,894,224,-20.71,53,0.7624495000000001,,,,,
875.2,48828,894,228,-20.72,54,0.7583013999999996,,,,,
874.22,49642,894,232,-20.71,55,0.7542721000000001,,,,,
874.74,50471,894,236,-20.72,56,0.7501685500000004,,,,,
876.87,51344,894,240,-20.72,57,0.7458471999999998,,,,,
874.75,52188,893,244,-20.71,58,0.7416694000000006,,,,,
871.38,53021,894,248,-20.73,59,0.7375460500000002,,,,,
871.42,53952,894,252,-20.72,60,0.7329376000000001,,,,,
874.61,54896,894,256,-20.73,61,0.7282647999999998,,,,,
876.29,55742,894,260,-20.73,62,0.7240771000000003,,,,,
876.46,56567,894,264,-20.74,63,0.7199933499999999,,,,,
877.32,57473,894,268,-20.73,64,0.7155086499999994,,,,,
876.88,58308,894,272,-20.71,65,0.7113753999999999,,,,,
877.42,59182,894,276,-20.71,66,0.7070490999999997,,,,,
880.02,60131,894,280,-20.7,67,0.7023515500000004,,,,,
880.39,60997,894,284,-20.69,68,0.6980648500000002,,,,,
878.57,61864,894,288,-20.69,69,0.6937732000000004,,,,,
882.3,62745,894,292,-20.69,70,0.6894122499999997,,,,,
881.44,63539,894,296,-20.69,71,0.68548195,,,,,
880.07,64390,894,300,-20.7,72,0.6812695000000003,,,,,
879.54,65224,894,304,-20.73,72,0.6771412000000003,,,,,
883.37,66118,894,308,-20.74,73,0.6727159000000005,,,,,
886.89,67004,894,312,-20.72,74,0.6683301999999998,,,,,
888.43,67966,894,316,-20.69,75,0.6635683000000001,,,,,
886.59,68780,894,320,-20.69,76,0.6595389999999997,,,,,
890.78,69693,894,324,-20.67,77,0.6550196500000001,,,,,
889.47,70503,894,328,-20.68,78,0.6510101500000001,,,,,
894.36,71444,894,332,-20.65,79,0.6463521999999997,,,,,
895.12,72291,894,336,-20.65,80,0.6421595500000006,,,,,
891.7,73071,894,340,-20.64,81,0.6382985499999995,,,,,
891.9,73923,894,344,-20.65,82,0.6340811500000002,,,,,
893.45,74792,894,348,-20.63,83,0.6297796000000002,,,,,
889.38,75627,894,352,-20.65,84,0.6256463500000006,,,,,
887.38,76511,894,356,-20.66,85,0.62127055,,,,,
889.55,77419,894,360,-20.65,86,0.6167759500000005,,,,,
893.28,78339,895,364,-20.63,87,0.6122219500000003,,,,,
890.71,79180,895,368,-20.63,88,0.6080589999999999,,,,,
893.95,80099,895,372,-20.64,89,0.6035099500000004,,,,,
892.63,80939,895,376,-20.64,90,0.5993519499999995,,,,,
888.46,81783,895,380,-20.66,91,0.5951741500000003,,,,,
889.47,82675,895,384,-20.67,92,0.5907587499999998,,,,,
885.51,83448,895,388,-20.69,93,0.5869324000000002,,,,,
886.97,84371,895,392,-20.64,94,0.5823635500000002,,,,,
890.05,85250,895,396,-20.62,95,0.5780124999999998,,,,,
890.25,86108,895,400,-20.63,96,0.5737653999999996,,,,,
892.69,87005,895,404,-20.62,97,0.56932525,,,,,
889.68,87829,895,408,-20.62,98,0.5652464500000003,,,,,
888.62,88681,895,412,-20.63,99,0.5610290499999999,,,,,
884.95,89554,895,416,-20.67,100,0.5567077000000005,,,,,
885.34,90384,895,420,-20.67,100,0.5525992,,,,,
882.35,91222,895,424,-20.67,101,0.5484511000000005,,,,,
882.2,92029,895,428,-20.67,102,0.5444564500000004,,,,,
879.6,92904,895,432,-20.7,103,0.5401251999999996,,,,,
881.0,93788,895,436,-20.68,104,0.5357494,,,,,
883.32,94643,895,440,-20.67,105,0.5315171499999998,,,,,
885.26,95536,895,444,-20.65,106,0.5270967999999997,,,,,
883.4,96354,895,448,-20.65,107,0.5230476999999998,,,,,
886.05,97255,895,452,-20.65,108,0.5185877499999996,,,,,
884.22,98102,895,456,-20.64,109,0.5143951000000004,,,,,
884.99,99013,895,460,-20.62,110,0.50988565,,,,,
881.07,99821,895,464,-20.64,111,0.5058860500000003,,,,,
,100000,,,,,0.5050049500000002,-21.0,764.0,,,
880.24,100631,853,468,-20.66,117,0.5018765500000004,,,0.0001,157,0.07058797031641006
876.5,101458,849,472,-20.65,119,0.4977828999999998,,,0.0001,364,0.05919164419174194
874.31,102237,846,476,-20.66,120,0.4939268500000005,,,0.0001,559,0.08031326532363892
874.87,103094,842,480,-20.66,122,0.4896847,,,0.0001,773,0.08505044877529144
872.81,103935,839,484,-20.67,123,0.48552175000000053,,,0.0001,983,0.016952622681856155
872.79,104706,836,488,-20.67,125,0.4817053000000002,,,0.0001,1176,0.030975675210356712
868.92,105530,833,492,-20.71,126,0.4776265000000005,,,0.0001,1382,0.008280666545033455
871.32,106468,829,496,-20.68,128,0.47298339999999994,,,0.0001,1616,0.04204772412776947
871.63,107334,826,500,-20.69,129,0.46869669999999986,,,0.0001,1833,0.04443447291851044
868.35,108149,823,504,-20.69,131,0.46466244999999984,,,0.0001,2037,0.0425887405872345
867.66,108960,820,508,-20.69,132,0.4606480000000003,,,0.0001,2239,0.04059566929936409
865.96,109764,817,512,-20.69,134,0.4566682000000002,,,0.0001,2440,0.029034040868282318
863.38,110567,815,516,-20.7,135,0.45269334999999966,,,0.0001,2641,0.0537346787750721
862.41,111367,812,520,-20.69,137,0.44873335000000003,,,0.0001,2841,0.044917479157447815
860.62,112164,809,524,-20.7,138,0.4447882000000004,,,0.0001,3040,0.09874206781387329
863.1,113029,806,528,-20.68,140,0.4405064499999999,,,0.0001,3257,0.043024785816669464
862.67,113884,804,532,-20.67,141,0.4362741999999996,,,0.0001,3470,0.015771402046084404
859.45,114693,801,536,-20.67,143,0.4322696500000004,,,0.0001,3673,0.0407814085483551
856.66,115476,799,540,-20.69,144,0.4283938000000005,,,0.0001,3868,0.005291162058711052
852.09,116256,796,544,-20.71,145,0.4245328000000005,,,0.0001,4063,0.03851880878210068
849.62,117002,794,548,-20.73,147,0.42084009999999983,,,0.0001,4250,0.05648908019065857
846.09,117825,791,552,-20.74,148,0.41676624999999967,,,0.0001,4456,0.06803252547979355
845.02,118637,789,556,-20.76,150,0.41274684999999955,,,0.0001,4659,0.07245894521474838
842.16,119481,787,560,-20.77,151,0.4085690500000003,,,0.0001,4870,0.04337073117494583
840.62,120260,785,564,-20.77,153,0.4047129999999999,,,0.0001,5064,0.03565649315714836
839.71,121056,782,568,-20.77,154,0.4007727999999998,,,0.0001,5263,0.0372847318649292
837.48,121827,780,572,-20.79,156,0.3969563500000005,,,0.0001,5456,0.028494583442807198
838.01,122631,778,576,-20.78,157,0.3929765500000003,,,0.0001,5657,0.02500251680612564
834.83,123410,776,580,-20.79,158,0.3891205,,,0.0001,5852,0.03498329967260361
834.93,124250,774,584,-20.78,160,0.3849625000000002,,,0.0001,6062,0.12776125967502594
835.68,125034,772,588,-20.77,161,0.38108169999999963,,,0.0001,6258,0.04919474199414253
835.4,125854,770,592,-20.75,163,0.3770227000000005,,,0.0001,6463,0.07628774642944336
831.07,126680,768,596,-20.79,164,0.37293400000000054,,,0.0001,6669,0.028391249477863312
830.5,127535,766,600,-20.78,166,0.3687017500000003,,,0.0001,6883,0.030304577201604843
829.33,128312,765,604,-20.79,167,0.36485560000000017,,,0.0001,7077,0.087699294090271
828.0,129087,763,608,-20.79,169,0.3610193500000003,,,0.0001,7271,0.014746492728590965
826.88,129864,761,612,-20.79,170,0.3571732000000001,,,0.0001,7465,0.015917744487524033
825.92,130642,759,616,-20.79,171,0.3533221000000004,,,0.0001,7660,0.06960193812847137
827.12,131467,757,620,-20.8,173,0.34923835000000003,,,0.0001,7866,0.05197086185216904
826.71,132252,756,624,-20.8,174,0.3453525999999998,,,0.0001,8062,0.029470151290297508
826.26,133105,754,628,-20.81,176,0.34113024999999986,,,0.0001,8276,0.0316590815782547
822.55,133886,752,632,-20.83,177,0.3372643000000003,,,0.0001,8471,0.015107272192835808
821.17,134660,751,636,-20.85,179,0.3334330000000001,,,0.0001,8664,0.01746946945786476
822.82,135474,749,640,-20.84,180,0.3294036999999995,,,0.0001,8868,0.01619541645050049
824.03,136278,747,644,-20.84,182,0.32542390000000054,,,0.0001,9069,0.04827020689845085
824.68,137046,746,648,-20.84,183,0.3216223,,,0.0001,9261,0.00567110488191247
823.13,137829,744,652,-20.85,185,0.3177464500000001,,,0.0001,9457,0.0521768294274807
822.62,138636,743,656,-20.85,186,0.31375180000000014,,,0.0001,9658,0.030736392363905907
819.94,139414,741,660,-20.88,187,0.30990070000000036,,,0.0001,9853,0.013641629368066788
820.9,140215,739,664,-20.88,189,0.30593575000000006,,,0.0001,10053,0.03043748065829277
822.16,141033,738,668,-20.87,190,0.30188665000000015,,,0.0001,10258,0.04881206899881363
822.3,141804,736,672,-20.87,192,0.29807019999999984,,,0.0001,10450,0.027711842209100723
822.52,142607,735,676,-20.88,193,0.2940953500000004,,,0.0001,10651,0.041991107165813446
822.23,143383,733,680,-20.88,195,0.2902541499999999,,,0.0001,10845,0.024733860045671463
819.72,144164,732,684,-20.88,196,0.2863882000000002,,,0.0001,11040,0.006233288906514645
818.96,144940,731,688,-20.89,198,0.28254699999999966,,,0.0001,11234,0.0176351647824049
816.61,145699,729,692,-20.92,199,0.27878994999999984,,,0.0001,11424,0.009929097257554531
815.07,146484,728,696,-20.93,201,0.2749041999999997,,,0.0001,11620,0.01845906488597393
812.67,147278,727,700,-20.93,202,0.2709739,,,0.0001,11819,0.10246343910694122
812.74,148070,725,704,-20.93,204,0.2670535000000004,,,0.0001,12017,0.043834056705236435
814.29,148872,724,708,-20.92,205,0.26308360000000053,,,0.0001,12217,0.01802576333284378
814.2,149645,722,712,-20.93,206,0.25925725,,,0.0001,12411,0.021130578592419624
814.68,150430,721,716,-20.92,208,0.25537149999999975,,,0.0001,12607,0.046130433678627014
811.38,151178,720,720,-20.92,209,0.25166889999999986,,,0.0001,12794,0.013570420444011688
810.46,151941,719,724,-20.93,211,0.24789205000000059,,,0.0001,12985,0.007912657223641872
808.17,152746,718,728,-20.93,212,0.24390729999999983,,,0.0001,13186,0.03351658582687378
808.76,153535,716,732,-20.93,214,0.24000175000000012,,,0.0001,13383,0.036222025752067566
809.93,154335,715,736,-20.92,215,0.2360417499999995,,,0.0001,13583,0.019323600456118584
809.33,155130,714,740,-20.92,217,0.2321065000000001,,,0.0001,13782,0.02356252446770668
809.53,155947,713,744,-20.92,218,0.22806234999999975,,,0.0001,13986,0.026210296899080276
811.11,156762,712,748,-20.91,220,0.22402809999999962,,,0.0001,14190,0.13466157019138336
811.37,157546,711,752,-20.9,221,0.22014730000000027,,,0.0001,14386,0.011962605640292168
811.24,158342,709,756,-20.89,223,0.2162071000000001,,,0.0001,14585,0.031854383647441864
812.29,159154,708,760,-20.87,224,0.21218769999999998,,,0.0001,14788,0.010658057406544685
810.49,159910,707,764,-20.87,225,0.20844550000000006,,,0.0001,14977,0.035438477993011475
807.84,160675,706,768,-20.88,227,0.20465875000000044,,,0.0001,15168,0.01552639715373516
808.29,161466,705,772,-20.88,228,0.2007433000000005,,,0.0001,15366,0.011321879923343658
806.67,162229,704,776,-20.88,230,0.19696645000000024,,,0.0001,15557,0.03589803725481033
808.67,163045,703,780,-20.88,231,0.19292725000000066,,,0.0001,15761,0.009617965668439865
808.52,163827,702,784,-20.89,233,0.18905635000000032,,,0.0001,15956,0.031080884858965874
808.54,164595,701,788,-20.89,234,0.1852547499999998,,,0.0001,16148,0.011048303917050362
808.94,165359,700,792,-20.89,236,0.18147294999999997,,,0.0001,16339,0.017540112137794495
807.27,166109,699,796,-20.89,237,0.17776044999999974,,,0.0001,16527,0.014041224494576454
805.24,166850,698,800,-20.9,239,0.17409250000000032,,,0.0001,16712,0.007841463200747967
804.81,167632,697,804,-20.89,240,0.17022160000000008,,,0.0001,16907,0.019024893641471863
804.41,168433,696,808,-20.89,241,0.16625664999999978,,,0.0001,17108,0.024955160915851593
802.9,169172,695,812,-20.89,243,0.1625985999999996,,,0.0001,17292,0.008189480751752853
803.34,169973,694,816,-20.88,244,0.1586336500000004,,,0.0001,17493,0.011476605199277401
805.55,170783,693,820,-20.87,246,0.15462415000000052,,,0.0001,17695,0.00500175217166543
805.3,171536,692,824,-20.87,247,0.1508968000000005,,,0.0001,17883,0.018185485154390335
805.18,172326,691,828,-20.86,249,0.14698630000000013,,,0.0001,18081,0.006197883747518063
804.96,173109,690,832,-20.86,250,0.14311045000000022,,,0.0001,18277,0.0051200538873672485
804.5,173900,689,836,-20.87,252,0.1391950000000003,,,0.0001,18474,0.004912220407277346
802.39,174651,688,840,-20.88,253,0.1354775500000006,,,0.0001,18662,0.02521984651684761
800.7,175426,687,844,-20.88,255,0.13164129999999963,,,0.0001,18856,0.048533208668231964
799.68,176215,686,848,-20.89,256,0.12773574999999993,,,0.0001,19053,0.005356569774448872
799.45,176990,685,852,-20.89,258,0.12389950000000005,,,0.0001,19247,0.009226922877132893
799.61,177790,684,856,-20.9,259,0.11993950000000053,,,0.0001,19447,0.13775090873241425
799.95,178606,683,860,-20.91,261,0.11590029999999985,,,0.0001,19651,0.03072039969265461
799.64,179352,682,864,-20.91,262,0.11220760000000018,,,0.0001,19837,0.02291669324040413
800.26,180129,682,868,-20.91,264,0.10836145000000019,,,0.0001,20032,0.007352436892688274
799.82,180907,681,872,-20.91,265,0.10451035000000042,,,0.0001,20226,0.006248855963349342
799.81,181669,680,876,-20.91,267,0.1007384499999997,,,0.0001,20417,0.0060781496576964855
796.61,182407,679,880,-20.91,268,0.09708535000000018,,,0.0001,20601,0.0056424736976623535
796.11,183174,678,884,-20.91,269,0.09328870000000034,,,0.0001,20793,0.008101757615804672
796.57,183963,677,888,-20.9,271,0.08938315000000074,,,0.0001,20990,0.004629604518413544
797.25,184751,677,892,-20.89,272,0.0854825500000006,,,0.0001,21187,0.1282290816307068
798.27,185525,676,896,-20.89,274,0.0816512500000004,,,0.0001,21381,0.15549644827842712
800.07,186315,675,900,-20.89,275,0.07774075000000003,,,0.0001,21578,0.00999751128256321
801.21,187116,674,904,-20.87,277,0.07377579999999984,,,0.0001,21778,0.005682812537997961
799.58,187879,673,908,-20.87,278,0.06999895000000045,,,0.0001,21969,0.14732705056667328
800.78,188650,672,912,-20.87,280,0.06618250000000014,,,0.0001,22162,0.042372286319732666
799.01,189411,672,916,-20.89,281,0.0624155500000001,,,0.0001,22352,0.13375884294509888
796.61,190156,671,920,-20.9,283,0.05872780000000011,,,0.0001,22538,0.015953518450260162
796.23,190909,670,924,-20.9,284,0.05500045000000009,,,0.0001,22727,0.14598768949508667
794.24,191654,669,928,-20.92,286,0.0513127000000001,,,0.0001,22913,0.016659274697303772
792.65,192395,669,932,-20.92,287,0.04764474999999957,,,0.0001,23098,0.025682777166366577
792.95,193187,668,936,-20.92,289,0.04372435000000008,,,0.0001,23296,0.12190376222133636
794.09,193977,667,940,-20.92,290,0.039813849999999706,,,0.0001,23494,0.012305954471230507
792.72,194719,666,944,-20.92,292,0.03614094999999973,,,0.0001,23679,0.004078013356775045
791.56,195475,666,948,-20.92,293,0.0323987499999997,,,0.0001,23868,0.0063884323462843895
791.4,196244,665,952,-20.93,294,0.028592199999999623,,,0.0001,24060,0.011888143606483936
788.97,196989,664,956,-20.93,296,0.024904449999999634,,,0.0001,24247,0.011215610429644585
787.9,197771,663,960,-20.94,297,0.0210335500000004,,,0.0001,24442,0.01591033674776554
789.01,198552,663,964,-20.93,299,0.017167599999999728,,,0.0001,24637,0.0037827666383236647
788.39,199312,662,968,-20.93,300,0.013405600000000462,,,0.0001,24827,0.002905727829784155
,200000,,,,,0.010004949999999901,-21.0,775.5,0.0001,24999,0.017491323873400688
787.03,200052,651,972,-20.93,307,0.01,,,0.0001,25012,0.011803925968706608
786.85,200809,650,976,-20.93,308,0.01,,,0.0001,25202,0.021980557590723038
786.85,201545,649,980,-20.93,310,0.01,,,0.0001,25386,0.006356343626976013
786.57,202301,649,984,-20.93,311,0.01,,,0.0001,25575,0.0351005420088768
786.83,203092,648,988,-20.93,313,0.01,,,0.0001,25772,0.01565810665488243
786.15,203863,648,992,-20.94,314,0.01,,,0.0001,25965,0.007849665358662605
786.74,204658,647,996,-20.94,316,0.01,,,0.0001,26164,0.01814354583621025
786.51,205438,646,1000,-20.93,317,0.01,,,0.0001,26359,0.005410056561231613
784.56,206198,646,1004,-20.96,319,0.01,,,0.0001,26549,0.008696607314050198
783.78,206935,645,1008,-20.97,320,0.01,,,0.0001,26733,0.022835280746221542
783.78,207709,645,1012,-20.97,322,0.01,,,0.0001,26927,0.01999223232269287
783.63,208475,644,1016,-20.97,323,0.01,,,0.0001,27118,0.0323963426053524
784.39,209231,643,1020,-20.97,324,0.01,,,0.0001,27307,0.007905062288045883
785.36,210003,643,1024,-20.97,326,0.01,,,0.0001,27500,0.011264991015195847
785.65,210756,642,1028,-20.97,327,0.01,,,0.0001,27688,0.03520878404378891
786.22,211509,642,1032,-20.97,329,0.01,,,0.0001,27877,0.008202608674764633
785.32,212279,641,1036,-20.97,330,0.01,,,0.0001,28069,0.02101876586675644
784.57,213040,641,1040,-20.97,332,0.01,,,0.0001,28259,0.01498250663280487
785.35,213796,640,1044,-20.97,333,0.01,,,0.0001,28448,0.01368563249707222
786.93,214597,640,1048,-20.97,335,0.01,,,0.0001,28649,0.007822791114449501
785.99,215349,639,1052,-20.97,336,0.01,,,0.0001,28837,0.020828446373343468
787.38,216130,639,1056,-20.96,338,0.01,,,0.0001,29032,0.07239421457052231
786.94,216904,638,1060,-20.95,339,0.01,,,0.0001,29225,0.029919525608420372
787.35,217691,638,1064,-20.96,341,0.01,,,0.0001,29422,0.006886080838739872
787.84,218457,637,1068,-20.96,342,0.01,,,0.0001,29614,0.007990963757038116
787.84,219201,637,1072,-20.96,344,0.01,,,0.0001,29800,0.011856968514621258
787.83,219966,636,1076,-20.96,345,0.01,,,0.0001,29991,0.008244318887591362
787.83,220702,636,1080,-20.96,346,0.01,,,0.0001,30175,0.013972998596727848
787.82,221457,635,1084,-20.96,348,0.01,,,0.0001,30364,0.014130059629678726
785.88,222202,635,1088,-20.97,349,0.01,,,0.0001,30550,0.005398412235081196
784.67,222950,634,1092,-20.97,351,0.01,,,0.0001,30737,0.026295268908143044
784.49,223738,634,1096,-20.96,352,0.01,,,0.0001,30934,0.04150345176458359
783.1,224482,633,1100,-20.97,354,0.01,,,0.0001,31120,0.021218115463852882
782.5,225222,633,1104,-20.97,355,0.01,,,0.0001,31305,0.014988401904702187
785.39,226036,632,1108,-20.95,357,0.01,,,0.0001,31508,0.009000139310956001
785.12,226792,632,1112,-20.95,358,0.01,,,0.0001,31697,0.07523520290851593
785.87,227564,631,1116,-20.95,360,0.01,,,0.0001,31890,0.029550081118941307
785.71,228319,631,1120,-20.95,361,0.01,,,0.0001,32079,0.07310190051794052
785.16,229068,630,1124,-20.95,363,0.01,,,0.0001,32266,0.08747468143701553
787.84,229892,630,1128,-20.94,364,0.01,,,0.0001,32472,0.011223524808883667
789.42,230687,630,1132,-20.93,366,0.01,,,0.0001,32671,0.0031813927926123142
789.09,231452,629,1136,-20.93,367,0.01,,,0.0001,32862,0.00743675883859396
789.84,232225,629,1140,-20.93,369,0.01,,,0.0001,33056,0.029100440442562103
789.06,232970,628,1144,-20.93,370,0.01,,,0.0001,33242,0.010239826515316963
787.46,233734,628,1148,-20.93,371,0.01,,,0.0001,33433,0.0058449567295610905
788.39,234504,627,1152,-20.93,373,0.01,,,0.0001,33625,0.025722818449139595
788.2,235276,627,1156,-20.94,374,0.01,,,0.0001,33818,0.01311272569000721
787.1,236028,627,1160,-20.95,376,0.01,,,0.0001,34006,0.016213443130254745
785.91,236783,626,1164,-20.95,377,0.01,,,0.0001,34195,0.08648116886615753
785.4,237535,626,1168,-20.95,379,0.01,,,0.0001,34383,0.008950624614953995
785.4,238274,625,1172,-20.95,380,0.01,,,0.0001,34568,0.005532313138246536
784.8,239013,625,1176,-20.95,382,0.01,,,0.0001,34753,0.010065814480185509
785.59,239774,624,1180,-20.94,383,0.01,,,0.0001,34943,0.011497033759951591
784.99,240511,624,1184,-20.94,385,0.01,,,0.0001,35127,0.014803254045546055
786.21,241277,624,1188,-20.94,386,0.01,,,0.0001,35319,0.007877083495259285
786.4,242025,623,1192,-20.94,388,0.01,,,0.0001,35506,0.026911593973636627
785.98,242801,623,1196,-20.95,389,0.01,,,0.0001,35700,0.025134185329079628
786.4,243564,622,1200,-20.95,391,0.01,,,0.0001,35890,0.009590398520231247
787.48,244337,622,1204,-20.95,392,0.01,,,0.0001,36084,0.010242145508527756
784.59,245080,622,1208,-20.97,393,0.01,,,0.0001,36269,0.014406388625502586
784.26,245836,621,1212,-20.97,395,0.01,,,0.0001,36458,0.014320284128189087
783.83,246595,621,1216,-20.96,396,0.01,,,0.0001,36648,0.008984506130218506
784.24,247360,621,1220,-20.95,398,0.01,,,0.0001,36839,0.011682458221912384
784.24,248117,620,1224,-20.95,399,0.01,,,0.0001,37029,0.010864080861210823
781.69,248873,620,1228,-20.96,401,0.01,,,0.0001,37218,0.005400554742664099
779.54,249616,619,1232,-20.97,402,0.01,,,0.0001,37403,0.020037293434143066
779.27,250373,619,1236,-20.97,404,0.01,,,0.0001,37593,0.019759200513362885
777.96,251119,619,1240,-20.97,405,0.01,,,0.0001,37779,0.021786898374557495
779.19,251889,618,1244,-20.97,407,0.01,,,0.0001,37972,0.005320850294083357
779.19,252641,618,1248,-20.97,408,0.01,,,0.0001,38160,0.0073667834512889385
778.26,253393,617,1252,-20.97,410,0.01,,,0.0001,38348,0.02160874381661415
777.34,254147,617,1256,-20.97,411,0.01,,,0.0001,38536,0.012178875505924225
777.94,254915,617,1260,-20.97,413,0.01,,,0.0001,38728,0.003847620217129588
778.35,255681,616,1264,-20.96,414,0.01,,,0.0001,38920,0.020318977534770966
778.05,256436,616,1268,-20.96,415,0.01,,,0.0001,39108,0.0039407433941960335
780.03,257238,616,1272,-20.95,417,0.01,,,0.0001,39309,0.00662962906062603
780.31,257991,615,1276,-20.95,418,0.01,,,0.0001,39497,0.013966167345643044
779.52,258732,615,1280,-20.96,420,0.01,,,0.0001,39682,0.0174555703997612
780.72,259505,615,1284,-20.96,421,0.01,,,0.0001,39876,0.01611015759408474
779.78,260259,614,1288,-20.96,423,0.01,,,0.0001,40064,0.02300855703651905
780.19,261018,614,1292,-20.96,424,0.01,,,0.0001,40254,0.01301833987236023
780.19,261788,614,1296,-20.96,426,0.01,,,0.0001,40446,0.007914518937468529
783.76,262630,613,1300,-20.96,427,0.01,,,0.0001,40657,0.012437453493475914
782.68,263377,613,1304,-20.96,429,0.01,,,0.0001,40844,0.012062069028615952
783.29,264132,613,1308,-20.96,430,0.01,,,0.0001,41032,0.013731276616454124
783.29,264895,612,1312,-20.96,432,0.01,,,0.0001,41223,0.006729606539011002
782.51,265634,612,1316,-20.97,433,0.01,,,0.0001,41408,0.00658728601410985
782.89,266411,612,1320,-20.98,435,0.01,,,0.0001,41602,0.007392078638076782
784.09,267193,611,1324,-20.98,436,0.01,,,0.0001,41798,0.0337415412068367
785.82,267994,611,1328,-20.98,438,0.01,,,0.0001,41998,0.007252552546560764
787.52,268783,611,1332,-20.96,439,0.01,,,0.0001,42195,0.005754420999437571
787.79,269546,610,1336,-20.96,441,0.01,,,0.0001,42386,0.039899423718452454
790.05,270342,610,1340,-20.95,442,0.01,,,0.0001,42585,0.01735345646739006
790.32,271122,610,1344,-20.95,444,0.01,,,0.0001,42780,0.005764489062130451
790.32,271885,610,1348,-20.95,445,0.01,,,0.0001,42971,0.015017950907349586
792.32,272686,609,1352,-20.95,447,0.01,,,0.0001,43171,0.006160783115774393
793.43,273472,609,1356,-20.94,448,0.01,,,0.0001,43367,0.005913356319069862
793.64,274242,609,1360,-20.94,450,0.01,,,0.0001,43560,0.011842597275972366
794.1,275018,608,1364,-20.95,451,0.01,,,0.0001,43754,0.013563024811446667
795.21,275804,608,1368,-20.95,453,0.01,,,0.0001,43950,0.013451616279780865
794.13,276571,608,1372,-20.96,454,0.01,,,0.0001,44142,0.009746940806508064
794.77,277338,607,1376,-20.96,456,0.01,,,0.0001,44334,0.016534149646759033
797.66,278157,607,1380,-20.96,457,0.01,,,0.0001,44539,0.012471519410610199
797.66,278934,607,1384,-20.96,459,0.01,,,0.0001,44733,0.010465524159371853
799.11,279715,607,1388,-20.95,460,0.01,,,0.0001,44928,0.00845283456146717
799.71,280492,606,1392,-20.95,462,0.01,,,0.0001,45122,0.01646900363266468
799.12,281255,606,1396,-20.95,463,0.01,,,0.0001,45313,0.003336804686114192
794.95,282000,606,1400,-20.95,465,0.01,,,0.0001,45499,0.008274261839687824
797.42,282800,605,1404,-20.93,466,0.01,,,0.0001,45699,0.0149955153465271
797.69,283566,605,1408,-20.93,468,0.01,,,0.0001,45891,0.005144755356013775
798.07,284330,605,1412,-20.93,469,0.01,,,0.0001,46082,0.012104874476790428
801.3,285154,605,1416,-20.93,471,0.01,,,0.0001,46288,0.006371520459651947
802.34,285962,604,1420,-20.93,472,0.01,,,0.0001,46490,0.003775879507884383
801.5,286729,604,1424,-20.92,474,0.01,,,0.0001,46682,0.008250112645328045
799.35,287479,604,1428,-20.92,475,0.01,,,0.0001,46869,0.00448515173047781
799.16,288253,603,1432,-20.94,477,0.01,,,0.0001,47063,0.004827504046261311
798.28,288996,603,1436,-20.94,478,0.01,,,0.0001,47248,0.028209872543811798
796.45,289752,603,1440,-20.95,480,0.01,,,0.0001,47437,0.017021385952830315
796.14,290524,603,1444,-20.95,481,0.01,,,0.0001,47630,0.0018080036388710141
796.61,291294,602,1448,-20.95,483,0.01,,,0.0001,47823,0.0021276893094182014
794.33,292037,602,1452,-20.95,484,0.01,,,0.0001,48009,0.003180276369675994
793.72,292795,602,1456,-20.96,486,0.01,,,0.0001,48198,0.020760897547006607
794.62,293585,602,1460,-20.96,487,0.01,,,0.0001,48396,0.00854567252099514
795.25,294382,601,1464,-20.96,489,0.01,,,0.0001,48595,0.0029033671598881483
795.44,295166,601,1468,-20.95,490,0.01,,,0.0001,48791,0.002860158681869507
796.34,295949,601,1472,-20.95,492,0.01,,,0.0001,48987,0.014998333528637886
797.84,296752,601,1476,-20.95,493,0.01,,,0.0001,49187,0.005006527528166771
796.75,297530,600,1480,-20.95,495,0.01,,,0.0001,49382,0.011872734874486923
796.15,298287,600,1484,-20.95,496,0.01,,,0.0001,49571,0.0029883626848459244
797.8,299113,600,1488,-20.94,498,0.01,,,0.0001,49778,0.009179557673633099
797.22,299873,600,1492,-20.94,499,0.01,,,0.0001,49968,0.011445512995123863
,300000,,,,,0.01,-20.95,772.15,0.0001,49999,0.011437254026532173
798.41,300655,593,1496,-20.94,506,0.01,,,0.0001,50163,0.010519769042730331
798.59,301404,593,1500,-20.94,507,0.01,,,0.0001,50350,0.014445551671087742
797.93,302184,593,1504,-20.96,509,0.01,,,0.0001,50545,0.008799063041806221
797.78,302940,593,1508,-20.95,510,0.01,,,0.0001,50734,0.007336859591305256
798.21,303710,593,1512,-20.95,512,0.01,,,0.0001,50927,0.004558876622468233
797.08,304509,592,1516,-20.94,513,0.01,,,0.0001,51127,0.0038988422602415085
796.52,305301,592,1520,-20.94,515,0.01,,,0.0001,51325,0.0032262445893138647
798.15,306108,592,1524,-20.95,516,0.01,,,0.0001,51526,0.00351924542337656
799.47,306882,592,1528,-20.95,518,0.01,,,0.0001,51720,0.003816828364506364
802.09,307733,591,1532,-20.95,519,0.01,,,0.0001,51933,0.004691338632255793
803.91,308526,591,1536,-20.95,521,0.01,,,0.0001,52131,0.0033670843113213778
805.6,309317,591,1540,-20.95,522,0.01,,,0.0001,52329,0.006235779263079166
807.31,310132,591,1544,-20.94,524,0.01,,,0.0001,52532,0.006524278782308102
808.05,310919,591,1548,-20.94,525,0.01,,,0.0001,52729,0.013147463090717793
810.74,311721,590,1552,-20.94,527,0.01,,,0.0001,52930,0.007809029892086983
813.76,312563,590,1556,-20.94,529,0.01,,,0.0001,53140,0.010417490266263485
813.58,313348,590,1560,-20.94,530,0.01,,,0.0001,53336,0.007224857807159424
814.65,314169,590,1564,-20.93,532,0.01,,,0.0001,53542,0.01706082373857498
816.01,314979,590,1568,-20.94,533,0.01,,,0.0001,53744,0.004803666844964027
816.03,315770,589,1572,-20.94,535,0.01,,,0.0001,53942,0.005679284688085318
817.41,316607,589,1576,-20.93,536,0.01,,,0.0001,54151,0.02594817988574505
817.92,317404,589,1580,-20.91,538,0.01,,,0.0001,54350,0.002454733243212104
818.71,318178,589,1584,-20.9,539,0.01,,,0.0001,54544,0.010505994781851768
818.52,319003,589,1588,-20.92,541,0.01,,,0.0001,54750,0.011985205113887787
820.86,319813,588,1592,-20.92,543,0.01,,,0.0001,54953,0.005651314742863178
824.52,320688,588,1596,-20.92,544,0.01,,,0.0001,55171,0.00893734022974968
828.29,321527,588,1600,-20.9,546,0.01,,,0.0001,55381,0.002840496599674225
828.47,322319,588,1604,-20.9,547,0.01,,,0.0001,55579,0.003002616111189127
831.68,323154,588,1608,-20.9,549,0.01,,,0.0001,55788,0.003199612256139517
835.06,324026,588,1612,-20.9,551,0.01,,,0.0001,56006,0.00820518471300602
836.12,324854,587,1616,-20.9,552,0.01,,,0.0001,56213,0.012163553386926651
837.34,325670,587,1620,-20.89,554,0.01,,,0.0001,56417,0.016619857400655746
839.1,326514,587,1624,-20.89,555,0.01,,,0.0001,56628,0.009978053160011768
841.44,327350,587,1628,-20.88,557,0.01,,,0.0001,56837,0.00288177328184247
841.23,328190,587,1632,-20.86,559,0.01,,,0.0001,57047,0.0029794289730489254
842.49,329011,586,1636,-20.86,560,0.01,,,0.0001,57252,0.0022075106389820576
845.99,329903,586,1640,-20.86,562,0.01,,,0.0001,57475,0.0032779350876808167
847.64,330755,586,1644,-20.87,564,0.01,,,0.0001,57688,0.006078503094613552
851.03,331621,586,1648,-20.86,565,0.01,,,0.0001,57905,0.004699142184108496
850.71,332422,586,1652,-20.84,567,0.01,,,0.0001,58105,0.007450011558830738
850.75,333253,585,1656,-20.83,568,0.01,,,0.0001,58313,0.00672188401222229
854.89,334141,585,1660,-20.81,570,0.01,,,0.0001,58535,0.008551185019314289
854.4,334946,585,1664,-20.82,572,0.01,,,0.0001,58736,0.006677967496216297
855.3,335779,585,1668,-20.8,573,0.01,,,0.0001,58944,0.011960218660533428
862.17,336739,584,1672,-20.79,575,0.01,,,0.0001,59184,0.006676429882645607
865.05,337654,584,1676,-20.79,577,0.01,,,0.0001,59413,0.006374466698616743
868.48,338541,584,1680,-20.8,579,0.01,,,0.0001,59635,0.0018968713702633977
872.2,339417,584,1684,-20.81,580,0.01,,,0.0001,59854,0.002912295050919056
872.01,340230,584,1688,-20.81,582,0.01,,,0.0001,60057,0.010999730788171291
872.45,341056,584,1692,-20.81,583,0.01,,,0.0001,60263,0.017107799649238586
872.74,341935,583,1696,-20.81,585,0.01,,,0.0001,60483,0.0036382004618644714
873.68,342799,583,1700,-20.83,587,0.01,,,0.0001,60699,0.0024280576035380363
876.38,343656,583,1704,-20.82,588,0.01,,,0.0001,60913,0.020042946562170982
878.91,344564,583,1708,-20.82,590,0.01,,,0.0001,61140,0.004837845452129841
878.07,345414,583,1712,-20.8,592,0.01,,,0.0001,61353,0.005114834289997816
883.0,346356,582,1716,-20.79,594,0.01,,,0.0001,61588,0.00527524296194315
885.35,347237,582,1720,-20.79,595,0.01,,,0.0001,61809,0.0022905124351382256
888.8,348172,582,1724,-20.78,597,0.01,,,0.0001,62042,0.0035897321067750454
887.82,348987,582,1728,-20.79,599,0.01,,,0.0001,62246,0.004880247637629509
889.71,349874,582,1732,-20.81,600,0.01,,,0.0001,62468,0.02617518976330757
894.07,350806,582,1736,-20.8,602,0.01,,,0.0001,62701,0.0021913237869739532
891.64,351626,581,1740,-20.79,604,0.01,,,0.0001,62906,0.021255355328321457
893.85,352542,581,1744,-20.76,605,0.01,,,0.0001,63135,0.00509643042460084
892.9,353384,581,1748,-20.76,607,0.01,,,0.0001,63345,0.005534471943974495
898.19,354323,581,1752,-20.77,609,0.01,,,0.0001,63580,0.006276543252170086
899.2,355180,581,1756,-20.77,611,0.01,,,0.0001,63794,0.016437530517578125
900.97,356115,581,1760,-20.79,612,0.01,,,0.0001,64028,0.001474912860430777
905.79,357042,580,1764,-20.77,614,0.01,,,0.0001,64260,0.0027764029800891876
904.55,357858,580,1768,-20.78,616,0.01,,,0.0001,64464,0.0013620113022625446
901.27,358735,580,1772,-20.79,618,0.01,,,0.0001,64683,0.008375541307032108
905.45,359744,580,1776,-20.79,619,0.01,,,0.0001,64935,0.0096749821677804
904.23,360602,580,1780,-20.78,621,0.01,,,0.0001,65150,0.00296232383698225
901.9,361415,579,1784,-20.77,623,0.01,,,0.0001,65353,0.00312849716283381
909.34,362410,579,1788,-20.76,625,0.01,,,0.0001,65602,0.0017772179562598467
914.12,363358,579,1792,-20.74,626,0.01,,,0.0001,65839,0.003247062675654888
916.18,364300,579,1796,-20.72,628,0.01,,,0.0001,66074,0.008773960173130035
919.92,365256,579,1800,-20.68,630,0.01,,,0.0001,66313,0.0028288618195801973
922.23,366182,579,1804,-20.68,632,0.01,,,0.0001,66545,0.0019241527188569307
924.49,367149,578,1808,-20.69,634,0.01,,,0.0001,66787,0.0024814847856760025
928.48,368093,578,1812,-20.68,636,0.01,,,0.0001,67023,0.006648982875049114
927.99,369017,578,1816,-20.7,637,0.01,,,0.0001,67254,0.005518717225641012
932.0,369999,578,1820,-20.68,639,0.01,,,0.0001,67499,0.016550812870264053
932.73,370963,578,1824,-20.67,641,0.01,,,0.0001,67740,0.021630646660923958
936.37,371879,578,1828,-20.67,643,0.01,,,0.0001,67969,0.005893129389733076
938.51,372817,577,1832,-20.64,645,0.01,,,0.0001,68204,0.019037745893001556
936.44,373699,577,1836,-20.63,646,0.01,,,0.0001,68424,0.020535193383693695
941.99,374659,577,1840,-20.63,648,0.01,,,0.0001,68664,0.008400783874094486
944.09,375621,577,1844,-20.64,650,0.01,,,0.0001,68905,0.002103403676301241
946.74,376540,577,1848,-20.62,652,0.01,,,0.0001,69134,0.005247931461781263
944.39,377416,577,1852,-20.62,653,0.01,,,0.0001,69353,0.0015631159767508507
947.0,378343,577,1856,-20.63,655,0.01,,,0.0001,69585,0.0028709282632917166
946.31,379262,576,1860,-20.62,657,0.01,,,0.0001,69815,0.003972361329942942
948.78,380260,576,1864,-20.64,659,0.01,,,0.0001,70064,0.002652833703905344
952.69,381170,576,1868,-20.63,661,0.01,,,0.0001,70292,0.004438454285264015
956.92,382146,576,1872,-20.6,662,0.01,,,0.0001,70536,0.004160135518759489
951.13,383013,576,1876,-20.6,664,0.01,,,0.0001,70753,0.002111949725076556
954.5,383950,576,1880,-20.61,666,0.01,,,0.0001,70987,0.005107592325657606
966.09,385049,575,1884,-20.56,668,0.01,,,0.0001,71262,0.005555570125579834
963.08,385981,575,1888,-20.56,670,0.01,,,0.0001,71495,0.0027571553364396095
965.45,386986,575,1892,-20.57,672,0.01,,,0.0001,71746,0.017618315294384956
961.72,387826,575,1896,-20.58,673,0.01,,,0.0001,71956,0.00343839218840003
962.26,388798,575,1900,-20.59,675,0.01,,,0.0001,72199,0.003376692533493042
961.62,389700,575,1904,-20.59,677,0.01,,,0.0001,72424,0.00769188953563571
957.49,390551,574,1908,-20.59,679,0.01,,,0.0001,72637,0.005898326635360718
960.26,391551,574,1912,-20.61,681,0.01,,,0.0001,72887,0.003449720796197653
961.53,392511,574,1916,-20.6,683,0.01,,,0.0001,73127,0.0026466301642358303
958.99,393423,574,1920,-20.61,684,0.01,,,0.0001,73355,0.0165643822401762
962.14,394453,574,1924,-20.61,686,0.01,,,0.0001,73613,0.010096555575728416
970.56,395562,574,1928,-20.58,688,0.01,,,0.0001,73890,0.004617979750037193
971.07,396521,574,1932,-20.6,690,0.01,,,0.0001,74130,0.006265481002628803
972.74,397442,573,1936,-20.6,692,0.01,,,0.0001,74360,0.004215144086629152
966.92,398258,573,1940,-20.59,694,0.01,,,0.0001,74564,0.009306974709033966
966.74,399212,573,1944,-20.59,695,0.01,,,0.0001,74802,0.0033207708038389683
,400000,,,,,0.01,-20.7,855.35,0.0001,74999,0.017553657293319702
968.86,400175,569,1948,-20.6,703,0.01,,,0.0001,75043,0.009773454628884792
972.23,401137,568,1952,-20.61,705,0.01,,,0.0001,75284,0.01772245019674301
969.75,402002,568,1956,-20.57,706,0.01,,,0.0001,75500,0.002405931241810322
974.2,403027,568,1960,-20.56,708,0.01,,,0.0001,75756,0.0030575369019061327
971.65,403959,568,1964,-20.55,710,0.01,,,0.0001,75989,0.002425604499876499
973.05,404898,568,1968,-20.56,712,0.01,,,0.0001,76224,0.005531094036996365
971.74,405846,568,1972,-20.59,714,0.01,,,0.0001,76461,0.004097179975360632
970.53,406680,568,1976,-20.59,715,0.01,,,0.0001,76669,0.004050764255225658
972.8,407675,568,1980,-20.57,717,0.01,,,0.0001,76918,0.006346093025058508
965.28,408582,567,1984,-20.61,719,0.01,,,0.0001,77145,0.007280127145349979
967.22,409556,567,1988,-20.62,721,0.01,,,0.0001,77388,0.003061081049963832
960.93,410396,567,1992,-20.62,722,0.01,,,0.0001,77598,0.006294160149991512
960.5,411235,567,1996,-20.63,724,0.01,,,0.0001,77808,0.011058948934078217
956.94,412121,567,2000,-20.65,726,0.01,,,0.0001,78030,0.003884565085172653
959.57,413094,567,2004,-20.66,728,0.01,,,0.0001,78273,0.0074364980682730675
968.47,414174,567,2008,-20.63,730,0.01,,,0.0001,78543,0.011903291568160057
969.46,415210,567,2012,-20.62,732,0.01,,,0.0001,78802,0.005274753086268902
973.32,416267,566,2016,-20.59,734,0.01,,,0.0001,79066,0.009021896868944168
977.63,417288,566,2020,-20.59,736,0.01,,,0.0001,79321,0.0041128117591142654
974.63,418245,566,2024,-20.57,738,0.01,,,0.0001,79561,0.0033884604927152395
966.87,419162,566,2028,-20.59,739,0.01,,,0.0001,79790,0.007750650402158499
969.07,420169,566,2032,-20.57,741,0.01,,,0.0001,80042,0.003234246512874961
971.35,421138,566,2036,-20.57,743,0.01,,,0.0001,80284,0.0033889145124703646
976.26,422081,566,2040,-20.59,745,0.01,,,0.0001,80520,0.005202959291636944
978.62,423098,566,2044,-20.59,747,0.01,,,0.0001,80774,0.005616514012217522
978.35,424054,566,2048,-20.58,749,0.01,,,0.0001,81013,0.0039990744553506374
976.07,424954,565,2052,-20.55,750,0.01,,,0.0001,81238,0.008939063176512718
984.53,426039,565,2056,-20.54,753,0.01,,,0.0001,81509,0.00345178646966815
983.37,427040,565,2060,-20.55,754,0.01,,,0.0001,81759,0.007097586058080196
984.05,427984,565,2064,-20.54,756,0.01,,,0.0001,81995,0.005981635767966509
987.76,429017,565,2068,-20.54,758,0.01,,,0.0001,82254,0.0032648295164108276
989.86,430022,565,2072,-20.52,760,0.01,,,0.0001,82505,0.00456654978916049
998.16,431071,565,2076,-20.52,762,0.01,,,0.0001,82767,0.005343540571630001
995.08,431992,565,2080,-20.55,764,0.01,,,0.0001,82997,0.004310478921979666
994.3,432881,565,2084,-20.56,766,0.01,,,0.0001,83220,0.008882571011781693
989.57,433738,564,2088,-20.55,767,0.01,,,0.0001,83434,0.004018004052340984
995.61,434729,564,2092,-20.54,769,0.01,,,0.0001,83682,0.006396191660314798
999.86,435669,564,2096,-20.52,771,0.01,,,0.0001,83917,0.0026947965379804373
1008.21,436755,564,2100,-20.49,773,0.01,,,0.0001,84188,0.007702261209487915
1005.33,437650,564,2104,-20.48,775,0.01,,,0.0001,84412,0.006273337639868259
1002.44,438661,564,2108,-20.49,777,0.01,,,0.0001,84665,0.003587445244193077
994.21,439486,564,2112,-20.5,778,0.01,,,0.0001,84871,0.004592981655150652
993.71,440536,564,2116,-20.49,780,0.01,,,0.0001,85133,0.013116736896336079
991.48,441501,564,2120,-20.49,782,0.01,,,0.0001,85375,0.012262323871254921
991.64,442468,563,2124,-20.5,784,0.01,,,0.0001,85616,0.004886126145720482
992.87,443430,563,2128,-20.51,786,0.01,,,0.0001,85857,0.002966145519167185
991.19,444388,563,2132,-20.54,788,0.01,,,0.0001,86096,0.004437039606273174
990.85,445351,563,2136,-20.55,790,0.01,,,0.0001,86337,0.006115937605500221
990.77,446292,563,2140,-20.51,791,0.01,,,0.0001,86572,0.003757277736440301
994.73,447410,563,2144,-20.51,794,0.01,,,0.0001,86852,0.00266607035882771
1000.21,448514,563,2148,-20.52,796,0.01,,,0.0001,87128,0.006052353419363499
1005.32,449540,563,2152,-20.54,798,0.01,,,0.0001,87384,0.0057715484872460365
996.96,450413,563,2156,-20.58,799,0.01,,,0.0001,87603,0.0032173898071050644
996.29,451404,563,2160,-20.58,801,0.01,,,0.0001,87850,0.01108354702591896
997.35,452370,562,2164,-20.59,803,0.01,,,0.0001,88092,0.02625379152595997
996.84,453397,562,2168,-20.59,805,0.01,,,0.0001,88349,0.021507585421204567
999.21,454461,562,2172,-20.61,807,0.01,,,0.0001,88615,0.0053412155248224735
999.46,455516,562,2176,-20.59,809,0.01,,,0.0001,88878,0.009067470207810402
1000.75,456470,562,2180,-20.59,811,0.01,,,0.0001,89117,0.005075755063444376
1002.0,457399,562,2184,-20.6,813,0.01,,,0.0001,89349,0.013873997144401073
1005.52,458339,562,2188,-20.59,815,0.01,,,0.0001,89584,0.006365043111145496
1002.29,459256,562,2192,-20.6,816,0.01,,,0.0001,89813,0.004520196467638016
1002.91,460214,562,2196,-20.62,818,0.01,,,0.0001,90053,0.013066474348306656
999.39,461218,562,2200,-20.64,820,0.01,,,0.0001,90304,0.004524833057075739
1004.86,462250,561,2204,-20.65,822,0.01,,,0.0001,90562,0.012059057131409645
1005.3,463276,561,2208,-20.66,824,0.01,,,0.0001,90818,0.007862282916903496
1015.68,464372,561,2212,-20.66,826,0.01,,,0.0001,91092,0.009132099337875843
1015.27,465408,561,2216,-20.69,828,0.01,,,0.0001,91351,0.0014540882548317313
1015.64,466380,561,2220,-20.69,830,0.01,,,0.0001,91594,0.004367228597402573
1016.05,467354,561,2224,-20.71,832,0.01,,,0.0001,91838,0.006529841106384993
1021.54,468448,561,2228,-20.68,834,0.01,,,0.0001,92111,0.0038239227142184973
1024.63,469497,561,2232,-20.66,836,0.01,,,0.0001,92374,0.005283363163471222
1024.13,470456,561,2236,-20.67,838,0.01,,,0.0001,92613,0.0077920230105519295
1026.83,471458,561,2240,-20.67,840,0.01,,,0.0001,92864,0.00642518512904644
1023.21,472498,561,2244,-20.68,842,0.01,,,0.0001,93124,0.02658405527472496
1020.6,473533,560,2248,-20.69,844,0.01,,,0.0001,93383,0.00790179893374443
1018.49,474512,560,2252,-20.69,846,0.01,,,0.0001,93627,0.005271033383905888
1021.08,475449,560,2256,-20.67,847,0.01,,,0.0001,93862,0.021410256624221802
1021.02,476427,560,2260,-20.68,849,0.01,,,0.0001,94106,0.014567001722753048
1026.8,477543,560,2264,-20.68,851,0.01,,,0.0001,94385,0.012454158626496792
1027.3,478578,560,2268,-20.67,853,0.01,,,0.0001,94644,0.010689301416277885
1025.04,479581,560,2272,-20.65,855,0.01,,,0.0001,94895,0.003869869979098439
1030.95,480782,560,2276,-20.65,858,0.01,,,0.0001,95195,0.007201417814940214
1036.66,481885,560,2280,-20.63,860,0.01,,,0.0001,95471,0.006220117677003145
1044.32,482995,560,2284,-20.63,862,0.01,,,0.0001,95748,0.009604750201106071
1055.16,484207,560,2288,-20.65,864,0.01,,,0.0001,96051,0.018624691292643547
1064.59,485366,559,2292,-20.63,866,0.01,,,0.0001,96341,0.006720610894262791
1066.67,486377,559,2296,-20.61,868,0.01,,,0.0001,96594,0.012683223932981491
1071.22,487492,559,2300,-20.61,870,0.01,,,0.0001,96872,0.005557377822697163
1076.43,488654,559,2304,-20.59,873,0.01,,,0.0001,97163,0.00552009791135788
1073.33,489596,559,2308,-20.56,874,0.01,,,0.0001,97398,0.008543639443814754
1074.56,490714,559,2312,-20.55,877,0.01,,,0.0001,97678,0.006867397576570511
1082.03,491944,559,2316,-20.57,879,0.01,,,0.0001,97985,0.0041646091267466545
1085.05,492995,559,2320,-20.55,881,0.01,,,0.0001,98248,0.003147750161588192
1088.13,494039,559,2324,-20.53,883,0.01,,,0.0001,98509,0.010817376896739006
1091.61,495217,558,2328,-20.54,886,0.01,,,0.0001,98804,0.010646122507750988
1091.38,496254,558,2332,-20.53,888,0.01,,,0.0001,99063,0.006005173549056053
1101.44,497455,558,2336,-20.52,890,0.01,,,0.0001,99363,0.006873174570500851
1108.55,498634,558,2340,-20.53,892,0.01,,,0.0001,99658,0.0038178046233952045
1111.54,499738,558,2344,-20.54,894,0.01,,,0.0001,99934,0.005634247325360775
,500000,,,,,0.01,-20.5,959.35,0.0001,99999,0.012490320950746536
1111.4,500772,554,2348,-20.54,903,0.01,,,0.0001,100192,0.00426015630364418
1115.7,501850,554,2352,-20.53,905,0.01,,,0.0001,100462,0.01687253825366497
1132.21,503196,554,2356,-20.51,907,0.01,,,0.0001,100798,0.0029869116842746735
1143.8,504467,554,2360,-20.49,910,0.01,,,0.0001,101116,0.008700668811798096
1152.63,505807,554,2364,-20.48,912,0.01,,,0.0001,101451,0.008266652002930641
1158.69,506995,554,2368,-20.5,914,0.01,,,0.0001,101748,0.013645049184560776
1155.17,507913,554,2372,-20.51,916,0.01,,,0.0001,101978,0.006239976268261671
1153.03,509057,553,2376,-20.53,918,0.01,,,0.0001,102264,0.004117815755307674
1159.6,510318,553,2380,-20.55,921,0.01,,,0.0001,102579,0.01525972131639719
1166.92,511617,553,2384,-20.55,923,0.01,,,0.0001,102904,0.0053923893719911575
1170.4,512920,553,2388,-20.51,926,0.01,,,0.0001,103229,0.010511819273233414
1174.56,514173,553,2392,-20.53,928,0.01,,,0.0001,103543,0.006395920179784298
1186.59,515480,553,2396,-20.54,931,0.01,,,0.0001,103869,0.005177654325962067
1193.02,516753,553,2400,-20.55,933,0.01,,,0.0001,104188,0.005125471390783787
1197.86,518039,553,2404,-20.55,936,0.01,,,0.0001,104509,0.01535935327410698
1212.68,519349,553,2408,-20.58,938,0.01,,,0.0001,104837,0.003838744480162859
1218.1,520608,553,2412,-20.59,940,0.01,,,0.0001,105151,0.015731442719697952
1220.92,521908,553,2416,-20.58,943,0.01,,,0.0001,105476,0.01581330969929695
1222.51,522999,553,2420,-20.59,945,0.01,,,0.0001,105749,0.010973814874887466
1226.03,524142,553,2424,-20.59,947,0.01,,,0.0001,106035,0.003980099223554134
1231.18,525445,552,2428,-20.59,950,0.01,,,0.0001,106361,0.0037073842249810696
1245.1,526835,552,2432,-20.6,952,0.01,,,0.0001,106708,0.0025427958462387323
1253.38,528248,552,2436,-20.57,955,0.01,,,0.0001,107061,0.0035771657712757587
1255.99,529498,552,2440,-20.58,957,0.01,,,0.0001,107374,0.00611822959035635
1268.03,530904,552,2444,-20.54,960,0.01,,,0.0001,107725,0.008583432994782925
1285.0,532363,552,2448,-20.54,963,0.01,,,0.0001,108090,0.008408090099692345
1302.99,533890,552,2452,-20.52,966,0.01,,,0.0001,108472,0.00822681188583374
1300.23,535170,552,2456,-20.55,968,0.01,,,0.0001,108792,0.0144650312140584
1304.54,536549,552,2460,-20.54,971,0.01,,,0.0001,109137,0.006327622104436159
1315.13,538145,552,2464,-20.55,974,0.01,,,0.0001,109536,0.00398674001917243
1323.17,539521,552,2468,-20.49,977,0.01,,,0.0001,109880,0.003003319725394249
1336.4,540764,552,2472,-20.49,979,0.01,,,0.0001,110190,0.01654178462922573
1342.99,542075,552,2476,-20.5,981,0.01,,,0.0001,110518,0.006408911198377609
1350.27,543523,551,2480,-20.48,984,0.01,,,0.0001,110880,0.02603704109787941
1351.68,544858,551,2484,-20.44,987,0.01,,,0.0001,111214,0.01145260687917471
1357.32,546307,551,2488,-20.41,990,0.01,,,0.0001,111576,0.0031319614499807358
1362.24,547691,551,2492,-20.39,992,0.01,,,0.0001,111922,0.004975505173206329
1361.36,548979,551,2496,-20.39,995,0.01,,,0.0001,112244,0.01195826567709446
1370.88,550500,551,2500,-20.38,997,0.01,,,0.0001,112624,0.006897889077663422
1379.29,551996,551,2504,-20.33,1000,0.01,,,0.0001,112998,0.006448317319154739
1384.72,553441,551,2508,-20.32,1003,0.01,,,0.0001,113360,0.003296610899269581
1391.98,554881,551,2512,-20.31,1006,0.01,,,0.0001,113720,0.004461387172341347
1399.26,556356,551,2516,-20.3,1009,0.01,,,0.0001,114088,0.017983634024858475
1420.3,557979,551,2520,-20.31,1012,0.01,,,0.0001,114494,0.003930650185793638
1432.38,559420,551,2524,-20.31,1015,0.01,,,0.0001,114854,0.01092545222491026
1446.1,561066,551,2528,-20.3,1018,0.01,,,0.0001,115266,0.007794441655278206
1448.36,562516,550,2532,-20.32,1020,0.01,,,0.0001,115628,0.012995962053537369
1449.83,563964,550,2536,-20.35,1023,0.01,,,0.0001,115990,0.003743276000022888
1460.6,565494,550,2540,-20.36,1026,0.01,,,0.0001,116373,0.0054750703275203705
1467.55,567069,550,2544,-20.37,1029,0.01,,,0.0001,116767,0.005449177231639624
1478.54,568792,550,2548,-20.32,1033,0.01,,,0.0001,117197,0.003962315618991852
1475.54,570253,550,2552,-20.33,1035,0.01,,,0.0001,117563,0.005765310488641262
1480.7,571667,550,2556,-20.34,1038,0.01,,,0.0001,117916,0.0045903874561190605
1488.48,573233,550,2560,-20.35,1041,0.01,,,0.0001,118308,0.007074011489748955
1482.18,574687,550,2564,-20.36,1044,0.01,,,0.0001,118671,0.00868922844529152
1487.9,576215,550,2568,-20.42,1047,0.01,,,0.0001,119053,0.006485603749752045
1500.64,577784,550,2572,-20.41,1050,0.01,,,0.0001,119445,0.005374534521251917
1511.29,579358,550,2576,-20.41,1053,0.01,,,0.0001,119839,0.011797694489359856
1516.37,580927,550,2580,-20.39,1056,0.01,,,0.0001,120231,0.01596767082810402
1530.44,582615,549,2584,-20.36,1059,0.01,,,0.0001,120653,0.003796124132350087
1536.88,584222,549,2588,-20.4,1062,0.01,,,0.0001,121055,0.006591158919036388
1547.36,585860,549,2592,-20.41,1065,0.01,,,0.0001,121464,0.005312242079526186
1562.28,587525,549,2596,-20.32,1068,0.01,,,0.0001,121881,0.012071224860846996
1564.85,589098,549,2600,-20.29,1071,0.01,,,0.0001,122274,0.015958882868289948
1571.24,590755,549,2604,-20.33,1074,0.01,,,0.0001,122688,0.004375247750431299
1578.0,592369,549,2608,-20.34,1078,0.01,,,0.0001,123092,0.0047883326187729836
1583.6,593940,549,2612,-20.32,1081,0.01,,,0.0001,123484,0.00928319152444601
1590.55,595591,549,2616,-20.31,1084,0.01,,,0.0001,123897,0.005658354144543409
1594.52,597301,549,2620,-20.29,1087,0.01,,,0.0001,124325,0.005282947327941656
1607.66,599069,549,2624,-20.29,1090,0.01,,,0.0001,124767,0.00773114338517189
,600000,,,,,0.01,-20.0,1947.75,0.0001,124999,0.009872250258922577
1605.98,600679,543,2628,-20.29,1106,0.01,,,0.0001,125169,0.007328909821808338
1617.05,602400,542,2632,-20.24,1109,0.01,,,0.0001,125599,0.006605638191103935
1625.75,604074,542,2636,-20.23,1112,0.01,,,0.0001,126018,0.00695017958059907
1633.27,605781,542,2640,-20.21,1115,0.01,,,0.0001,126445,0.0065070041455328465
1639.03,607506,542,2644,-20.18,1119,0.01,,,0.0001,126876,0.00517721613869071
1636.03,609164,542,2648,-20.21,1122,0.01,,,0.0001,127290,0.007139533758163452
1648.38,610938,542,2652,-20.2,1125,0.01,,,0.0001,127734,0.0071928310208022594
1660.49,612651,542,2656,-20.19,1129,0.01,,,0.0001,128162,0.008858025074005127
1666.96,614383,542,2660,-20.18,1132,0.01,,,0.0001,128595,0.004482585936784744
1681.37,616183,542,2664,-20.12,1135,0.01,,,0.0001,129045,0.005540620069950819
1693.33,618010,542,2668,-20.07,1139,0.01,,,0.0001,129502,0.006350354291498661
1704.22,619850,542,2672,-20.08,1142,0.01,,,0.0001,129962,0.006296415813267231
1715.82,621714,542,2676,-20.01,1146,0.01,,,0.0001,130428,0.004760211333632469
1726.73,623552,542,2680,-20.0,1149,0.01,,,0.0001,130887,0.005335197318345308
1731.16,625352,542,2684,-20.04,1153,0.01,,,0.0001,131337,0.005922825075685978
1738.91,627151,542,2688,-20.03,1156,0.01,,,0.0001,131787,0.00543097872287035
1746.73,628994,542,2692,-20.01,1160,0.01,,,0.0001,132248,0.007297075353562832
1761.28,631013,541,2696,-20.05,1164,0.01,,,0.0001,132753,0.012331560254096985
1773.1,632887,541,2700,-20.05,1167,0.01,,,0.0001,133221,0.0057891858741641045
1784.27,634819,541,2704,-20.01,1171,0.01,,,0.0001,133704,0.01478179544210434
1798.81,636797,541,2708,-19.94,1175,0.01,,,0.0001,134199,0.0037598279304802418
1815.09,638786,541,2712,-19.93,1179,0.01,,,0.0001,134696,0.008071282878518105
1818.51,640522,541,2716,-19.92,1182,0.01,,,0.0001,135130,0.004644712433218956
1834.64,642638,541,2720,-19.91,1186,0.01,,,0.0001,135659,0.0035459748469293118
1840.12,644548,541,2724,-19.84,1190,0.01,,,0.0001,136136,0.00652247853577137
1856.86,646576,541,2728,-19.82,1193,0.01,,,0.0001,136643,0.006812567822635174
1863.62,648470,541,2732,-19.8,1197,0.01,,,0.0001,137117,0.005432873964309692
1871.73,650341,541,2736,-19.75,1201,0.01,,,0.0001,137585,0.005072741769254208
1880.35,652267,541,2740,-19.77,1204,0.01,,,0.0001,138066,0.02202819101512432
1889.09,654212,541,2744,-19.8,1208,0.01,,,0.0001,138552,0.00732699129730463
1895.34,656017,541,2748,-19.81,1211,0.01,,,0.0001,139004,0.006698794662952423
1899.03,657877,541,2752,-19.81,1215,0.01,,,0.0001,139469,0.006612887606024742
1912.91,659944,541,2756,-19.83,1219,0.01,,,0.0001,139985,0.004574966616928577
1917.98,661811,541,2760,-19.8,1222,0.01,,,0.0001,140452,0.024789631366729736
1929.98,663914,541,2764,-19.79,1226,0.01,,,0.0001,140978,0.0033108736388385296
1934.76,665852,541,2768,-19.8,1230,0.01,,,0.0001,141462,0.008083243854343891
1947.7,668014,541,2772,-19.76,1234,0.01,,,0.0001,142003,0.005942586809396744
1955.32,670074,540,2776,-19.8,1238,0.01,,,0.0001,142518,0.009209909476339817
1966.38,672192,540,2780,-19.75,1242,0.01,,,0.0001,143047,0.010450052097439766
1978.37,674286,540,2784,-19.71,1246,0.01,,,0.0001,143571,0.0039983708411455154
1980.29,676135,540,2788,-19.72,1250,0.01,,,0.0001,144033,0.0023838537745177746
1980.24,677972,540,2792,-19.75,1253,0.01,,,0.0001,144492,0.006459036376327276
1983.62,680086,540,2796,-19.76,1257,0.01,,,0.0001,145021,0.004253328312188387
1990.49,682136,540,2800,-19.75,1261,0.01,,,0.0001,145533,0.006394023075699806
1996.42,684212,540,2804,-19.75,1265,0.01,,,0.0001,146052,0.00832226499915123
1993.6,686120,540,2808,-19.82,1269,0.01,,,0.0001,146529,0.019935211166739464
1996.0,688165,540,2812,-19.76,1273,0.01,,,0.0001,147041,0.008801278658211231
2005.3,690138,540,2816,-19.74,1276,0.01,,,0.0001,147534,0.00296290242113173
1998.06,692083,540,2820,-19.77,1280,0.01,,,0.0001,148020,0.007241480052471161
2001.86,694087,540,2824,-19.82,1284,0.01,,,0.0001,148521,0.010563082061707973
2012.68,696385,540,2828,-19.83,1288,0.01,,,0.0001,149096,0.007833835668861866
2011.69,698247,540,2832,-19.9,1292,0.01,,,0.0001,149561,0.004754373803734779
,700000,,,,,0.01,-18.8,2138.25,0.0001,149999,0.006471983157098293
2014.83,700192,534,2836,-19.89,1309,0.01,,,0.0001,150047,0.007672017440199852
2024.41,702349,534,2840,-19.83,1313,0.01,,,0.0001,150587,0.011567089706659317
2031.39,704462,534,2844,-19.81,1317,0.01,,,0.0001,151115,0.006751701235771179
2045.03,706611,534,2848,-19.76,1321,0.01,,,0.0001,151652,0.008535042405128479
2048.7,708563,534,2852,-19.74,1325,0.01,,,0.0001,152140,0.005003104917705059
2058.15,710851,534,2856,-19.7,1329,0.01,,,0.0001,152712,0.008025512099266052
2070.28,713014,534,2860,-19.72,1334,0.01,,,0.0001,153253,0.00442549679428339
2073.62,715209,534,2864,-19.71,1338,0.01,,,0.0001,153802,0.0067069437354803085
2085.94,717466,534,2868,-19.68,1342,0.01,,,0.0001,154366,0.004277702886611223
2082.9,719554,534,2872,-19.71,1346,0.01,,,0.0001,154888,0.003606772515922785
2076.41,721453,534,2876,-19.73,1350,0.01,,,0.0001,155363,0.003201959654688835
2073.37,723494,534,2880,-19.77,1354,0.01,,,0.0001,155873,0.010459152981638908
2064.76,725373,534,2884,-19.82,1357,0.01,,,0.0001,156343,0.005423251073807478
2073.07,727431,534,2888,-19.83,1361,0.01,,,0.0001,156857,0.010094325989484787
2082.05,729488,534,2892,-19.79,1365,0.01,,,0.0001,157371,0.003800941165536642
2082.94,731617,534,2896,-19.81,1369,0.01,,,0.0001,157904,0.005693769082427025
2090.24,733845,534,2900,-19.79,1373,0.01,,,0.0001,158461,0.015014704316854477
2099.4,736158,534,2904,-19.78,1378,0.01,,,0.0001,159039,0.0080857053399086
2108.67,738293,534,2908,-19.67,1382,0.01,,,0.0001,159573,0.008998184464871883
2112.55,740428,533,2912,-19.72,1386,0.01,,,0.0001,160106,0.0027858843095600605
2121.72,742628,533,2916,-19.75,1390,0.01,,,0.0001,160656,0.005230569746345282
2131.18,744805,533,2920,-19.68,1394,0.01,,,0.0001,161201,0.00445647444576025
2139.56,747011,533,2924,-19.65,1399,0.01,,,0.0001,161752,0.008136942982673645
2132.38,749126,533,2928,-19.65,1403,0.01,,,0.0001,162281,0.003342648269608617
2140.07,751178,533,2932,-19.59,1407,0.01,,,0.0001,162794,0.013779877685010433
2146.7,753295,533,2936,-19.6,1411,0.01,,,0.0001,163323,0.007111359853297472
2140.99,755318,533,2940,-19.63,1415,0.01,,,0.0001,163829,0.02102130651473999
2140.48,757426,533,2944,-19.61,1419,0.01,,,0.0001,164356,0.012071228586137295
2136.94,759485,533,2948,-19.6,1423,0.01,,,0.0001,164871,0.013877992518246174
2151.81,761812,533,2952,-19.56,1427,0.01,,,0.0001,165452,0.004758082330226898
2156.19,764214,533,2956,-19.51,1432,0.01,,,0.0001,166053,0.012022644281387329
2159.87,766469,533,2960,-19.46,1436,0.01,,,0.0001,166617,0.008130138739943504
2156.73,768574,533,2964,-19.44,1440,0.01,,,0.0001,167143,0.004601788241416216
2144.52,770529,533,2968,-19.49,1444,0.01,,,0.0001,167632,0.011836826801300049
2152.69,772816,533,2972,-19.41,1448,0.01,,,0.0001,168203,0.010173053480684757
2164.09,774990,533,2976,-19.38,1452,0.01,,,0.0001,168747,0.007826363667845726
2175.13,777307,533,2980,-19.39,1457,0.01,,,0.0001,169326,0.00923730619251728
2197.48,779748,533,2984,-19.33,1461,0.01,,,0.0001,169936,0.004019579384475946
2205.99,782018,533,2988,-19.28,1466,0.01,,,0.0001,170504,0.005690098274499178
2227.74,784621,533,2992,-19.23,1471,0.01,,,0.0001,171155,0.005386187694966793
2234.48,786928,533,2996,-19.22,1475,0.01,,,0.0001,171731,0.012763134203851223
2245.96,789446,533,3000,-19.21,1480,0.01,,,0.0001,172361,0.0064687058329582214
2251.61,791897,533,3004,-19.21,1485,0.01,,,0.0001,172974,0.005171006545424461
2249.89,793989,533,3008,-19.24,1489,0.01,,,0.0001,173497,0.014235138893127441
2251.0,796161,533,3012,-19.26,1493,0.01,,,0.0001,174040,0.0072878021746873856
2255.68,798475,533,3016,-19.22,1497,0.01,,,0.0001,174618,0.009505975991487503
,800000,,,,,0.01,-19.75,2386.55,0.0001,174999,0.00727834040299058
2263.64,800852,527,3020,-19.28,1517,0.01,,,0.0001,175212,0.005362681113183498
2257.41,802903,527,3024,-19.3,1521,0.01,,,0.0001,175725,0.004431616049259901
2269.47,805323,527,3028,-19.25,1525,0.01,,,0.0001,176330,0.004046482965350151
2266.74,807305,527,3032,-19.25,1529,0.01,,,0.0001,176826,0.00529832998290658
2282.46,809812,527,3036,-19.28,1534,0.01,,,0.0001,177452,0.009248735383152962
2291.11,812047,527,3040,-19.26,1538,0.01,,,0.0001,178011,0.011629465967416763
2302.23,814427,527,3044,-19.29,1543,0.01,,,0.0001,178606,0.004279843531548977
2311.44,816720,527,3048,-19.28,1547,0.01,,,0.0001,179179,0.0060549331828951836
2312.28,819054,527,3052,-19.25,1552,0.01,,,0.0001,179763,0.012161653488874435
2306.9,821328,527,3056,-19.27,1556,0.01,,,0.0001,180331,0.007138953078538179
2309.0,823646,527,3060,-19.27,1560,0.01,,,0.0001,180911,0.007744798436760902
2323.13,826106,527,3064,-19.28,1565,0.01,,,0.0001,181526,0.005778080318123102
2345.99,828625,527,3068,-19.25,1570,0.01,,,0.0001,182156,0.01005995087325573
2364.11,831369,527,3072,-19.26,1575,0.01,,,0.0001,182842,0.006085291504859924
2390.0,834196,527,3076,-19.18,1580,0.01,,,0.0001,183548,0.002410490997135639
2423.06,837343,527,3080,-19.09,1586,0.01,,,0.0001,184335,0.008266983553767204
2421.34,839743,527,3084,-19.1,1591,0.01,,,0.0001,184935,0.00982847809791565
2436.37,842383,527,3088,-19.11,1596,0.01,,,0.0001,185595,0.005964222364127636
2433.05,844895,527,3092,-19.18,1601,0.01,,,0.0001,186223,0.005346726626157761
2447.8,847560,527,3096,-19.15,1606,0.01,,,0.0001,186889,0.003949865698814392
2450.33,850134,527,3100,-19.17,1611,0.01,,,0.0001,187533,0.004946308210492134
2458.02,852771,527,3104,-19.18,1616,0.01,,,0.0001,188192,0.008551978506147861
2476.38,855331,527,3108,-19.21,1621,0.01,,,0.0001,188832,0.006365468259900808
2500.58,858105,527,3112,-19.12,1626,0.01,,,0.0001,189526,0.004779225215315819
2512.5,860722,527,3116,-19.13,1631,0.01,,,0.0001,190180,0.0070128669030964375
2529.27,863516,527,3120,-19.04,1636,0.01,,,0.0001,190878,0.009207583963871002
2539.56,865825,527,3124,-19.03,1641,0.01,,,0.0001,191456,0.012534860521554947
2544.48,868363,527,3128,-19.07,1645,0.01,,,0.0001,192090,0.006722877733409405
2583.9,871344,527,3132,-19.01,1651,0.01,,,0.0001,192835,0.01084465067833662
2596.01,874153,527,3136,-19.0,1657,0.01,,,0.0001,193538,0.0040712058544158936
2616.73,876903,527,3140,-19.01,1662,0.01,,,0.0001,194225,0.00818871334195137
2640.6,879879,527,3144,-18.95,1667,0.01,,,0.0001,194969,0.0178147591650486
2652.39,882464,527,3148,-18.95,1672,0.01,,,0.0001,195615,0.019783563911914825
2678.15,885459,527,3152,-18.9,1678,0.01,,,0.0001,196364,0.011786950752139091
2688.1,887979,527,3156,-18.9,1683,0.01,,,0.0001,196994,0.014974420890212059
2709.82,890836,527,3160,-18.83,1688,0.01,,,0.0001,197708,0.005886429455131292
2727.51,893744,527,3164,-18.78,1694,0.01,,,0.0001,198435,0.01372654177248478
2732.37,896389,527,3168,-18.71,1699,0.01,,,0.0001,199097,0.007260093465447426
2751.71,899618,527,3172,-18.62,1705,0.01,,,0.0001,199904,0.011088856495916843
,900000,,,,,0.01,-17.95,2732.35,0.0001,199999,0.00812249444425106
2748.66,902372,522,3176,-18.59,1728,0.01,,,0.0001,200592,0.005721735768020153
2743.43,905381,522,3180,-18.58,1733,0.01,,,0.0001,201345,0.015491820871829987
2753.89,908039,522,3184,-18.58,1738,0.01,,,0.0001,202009,0.008416198194026947
2743.15,910412,522,3188,-18.55,1743,0.01,,,0.0001,202602,0.004585122223943472
2758.19,913317,522,3192,-18.49,1748,0.01,,,0.0001,203329,0.0052802301943302155
2764.7,916152,522,3196,-18.41,1754,0.01,,,0.0001,204037,0.030871445313096046
2774.69,918977,522,3200,-18.35,1759,0.01,,,0.0001,204744,0.005925657693296671
2765.18,921381,522,3204,-18.35,1764,0.01,,,0.0001,205345,0.01980826072394848
2777.99,924256,522,3208,-18.32,1769,0.01,,,0.0001,206063,0.00729603786021471
2797.26,927511,522,3212,-18.33,1776,0.01,,,0.0001,206877,0.0064607406966388226
2797.07,930119,522,3216,-18.3,1781,0.01,,,0.0001,207529,0.012429498136043549
2803.42,933075,522,3220,-18.3,1786,0.01,,,0.0001,208268,0.012438219040632248
2822.57,935872,522,3224,-18.27,1792,0.01,,,0.0001,208967,0.006025583017617464
2842.6,938919,522,3228,-18.22,1797,0.01,,,0.0001,209729,0.009990151040256023
2825.93,941480,522,3232,-18.23,1802,0.01,,,0.0001,210369,0.018383335322141647
2817.45,944085,522,3236,-18.17,1807,0.01,,,0.0001,211021,0.006210825406014919
2825.71,947042,522,3240,-18.1,1813,0.01,,,0.0001,211760,0.0036174869164824486
2832.45,950188,522,3244,-18.09,1819,0.01,,,0.0001,212546,0.004828997887670994
2848.03,953171,522,3248,-18.1,1825,0.01,,,0.0001,213292,0.002691419329494238
2830.9,955733,522,3252,-18.19,1829,0.01,,,0.0001,213933,0.014308039098978043
2859.52,958964,522,3256,-18.07,1836,0.01,,,0.0001,214740,0.005185090936720371
2865.58,961972,522,3260,-18.13,1841,0.01,,,0.0001,215492,0.0023627313785254955
2877.72,965180,522,3264,-18.17,1847,0.01,,,0.0001,216294,0.007210496813058853
2897.95,968331,522,3268,-18.16,1853,0.01,,,0.0001,217082,0.006564940791577101
2881.2,971141,522,3272,-18.28,1859,0.01,,,0.0001,217785,0.022108910605311394
2885.91,974002,522,3276,-18.34,1864,0.01,,,0.0001,218500,0.006068533286452293
2884.57,976984,522,3280,-18.39,1870,0.01,,,0.0001,219245,0.0051065594889223576
2890.39,979785,522,3284,-18.31,1875,0.01,,,0.0001,219946,0.004818510264158249
2904.83,982528,522,3288,-18.31,1881,0.01,,,0.0001,220631,0.01131715252995491
2917.85,985750,522,3292,-18.19,1887,0.01,,,0.0001,221437,0.006185815669596195
2924.29,988732,522,3296,-18.27,1892,0.01,,,0.0001,222182,0.0048089781776070595
2941.17,991985,522,3300,-18.24,1899,0.01,,,0.0001,222996,0.008637036196887493
2977.34,995297,522,3304,-18.11,1905,0.01,,,0.0001,223824,0.019366715103387833
2970.95,998016,522,3308,-18.1,1910,0.01,,,0.0001,224503,0.023473581299185753
,1000000,,,,,0.01,-16.1,3174.35,0.0001,224999,0.006974724121391773
2971.52,1001287,516,3312,-18.05,1937,0.01,,,0.0001,225321,0.014037812128663063
2994.8,1004478,516,3316,-17.94,1943,0.01,,,0.0001,226119,0.02006642147898674
3005.56,1007700,516,3320,-17.94,1949,0.01,,,0.0001,226924,0.008851679041981697
3032.05,1011149,516,3324,-17.88,1955,0.01,,,0.0001,227787,0.003406164702028036
3035.82,1014282,517,3328,-17.88,1961,0.01,,,0.0001,228570,0.0065432447008788586
3072.04,1017752,517,3332,-17.81,1968,0.01,,,0.0001,229437,0.010059741325676441
3096.09,1020950,517,3336,-17.73,1974,0.01,,,0.0001,230237,0.014005406759679317
3095.66,1023899,517,3340,-17.78,1980,0.01,,,0.0001,230974,0.029494687914848328
3098.17,1027112,517,3344,-17.7,1986,0.01,,,0.0001,231777,0.009563341736793518
3094.09,1029990,517,3348,-17.66,1991,0.01,,,0.0001,232497,0.004865176975727081
3108.5,1032907,517,3352,-17.65,1997,0.01,,,0.0001,233226,0.003449501469731331
3097.21,1035851,517,3356,-17.77,2002,0.01,,,0.0001,233962,0.0049575455486774445
3100.43,1038941,517,3360,-17.7,2008,0.01,,,0.0001,234735,0.013340635225176811
3086.66,1041810,517,3364,-17.71,2014,0.01,,,0.0001,235452,0.011989055201411247
3117.64,1045730,517,3368,-17.55,2021,0.01,,,0.0001,236432,0.008724173530936241
3122.19,1048653,517,3372,-17.58,2027,0.01,,,0.0001,237163,0.010083584114909172
3123.61,1051561,517,3376,-17.56,2032,0.01,,,0.0001,237890,0.003924236632883549
3129.7,1054696,517,3380,-17.56,2038,0.01,,,0.0001,238673,0.006218889262527227
3143.46,1057840,517,3384,-17.53,2044,0.01,,,0.0001,239459,0.016103394329547882
3163.75,1061083,517,3388,-17.52,2050,0.01,,,0.0001,240270,0.0054304287768900394
3171.55,1064503,517,3392,-17.57,2057,0.01,,,0.0001,241125,0.006769432686269283
3179.34,1067688,517,3396,-17.48,2063,0.01,,,0.0001,241921,0.009931134060025215
3174.69,1070829,517,3400,-17.47,2069,0.01,,,0.0001,242707,0.03826674446463585
3188.89,1074495,517,3404,-17.48,2076,0.01,,,0.0001,243623,0.0028837900608778
3199.6,1077477,517,3408,-17.48,2081,0.01,,,0.0001,244369,0.00876563135534525
3177.83,1080199,517,3412,-17.57,2086,0.01,,,0.0001,245049,0.0030274277087301016
3167.36,1083123,517,3416,-17.68,2092,0.01,,,0.0001,245780,0.0057680197060108185
3163.21,1086240,517,3420,-17.64,2098,0.01,,,0.0001,246559,0.010273218154907227
3143.65,1089203,517,3424,-17.61,2104,0.01,,,0.0001,247300,0.006524883210659027
3154.56,1092610,517,3428,-17.56,2110,0.01,,,0.0001,248152,0.01695907488465309
3174.17,1096564,517,3432,-17.5,2118,0.01,,,0.0001,249140,0.009418928995728493
3176.61,1099827,517,3436,-17.56,2124,0.01,,,0.0001,249956,0.00446196086704731
,1100000,,,,,0.01,-15.6,4198.55,0.0001,249999,0.009399342350661755
3220.39,1103865,511,3440,-17.46,2158,0.01,,,0.0001,250966,0.006266397889703512
3242.29,1107617,511,3444,-17.44,2165,0.01,,,0.0001,251904,0.005804658867418766
3262.81,1111003,511,3448,-17.41,2172,0.01,,,0.0001,252750,0.015073844231665134
3297.34,1114776,511,3452,-17.25,2179,0.01,,,0.0001,253693,0.002942133229225874
3322.28,1118349,511,3456,-17.16,2186,0.01,,,0.0001,254587,0.01671699434518814
3337.01,1121805,511,3460,-17.18,2192,0.01,,,0.0001,255451,0.009012648835778236
3355.37,1125119,511,3464,-17.08,2199,0.01,,,0.0001,256279,0.005022361874580383
3347.13,1128828,511,3468,-17.1,2206,0.01,,,0.0001,257206,0.0028094688896089792
3380.45,1132585,511,3472,-16.95,2213,0.01,,,0.0001,258146,0.0070828781463205814
3406.62,1136144,511,3476,-16.89,2219,0.01,,,0.0001,259035,0.0068084667436778545
3409.77,1139352,511,3480,-16.79,2226,0.01,,,0.0001,259837,0.006256384775042534
3462.54,1143819,511,3484,-16.7,2234,0.01,,,0.0001,260954,0.004365440458059311
3461.28,1147032,511,3488,-16.61,2240,0.01,,,0.0001,261757,0.008595963008701801
3478.74,1150889,511,3492,-16.54,2247,0.01,,,0.0001,262722,0.009299347177147865
3484.84,1154226,512,3496,-16.46,2254,0.01,,,0.0001,263556,0.009579053148627281
3508.61,1157967,512,3500,-16.41,2261,0.01,,,0.0001,264491,0.003984150476753712
3490.53,1161179,512,3504,-16.46,2267,0.01,,,0.0001,265294,0.004401173442602158
3509.32,1164635,512,3508,-16.41,2274,0.01,,,0.0001,266158,0.008338305167853832
3540.79,1168141,512,3512,-16.34,2280,0.01,,,0.0001,267035,0.0033773223403841257
3582.75,1172114,512,3516,-16.17,2288,0.01,,,0.0001,268028,0.002426345832645893
3608.91,1175891,512,3520,-16.15,2295,0.01,,,0.0001,268972,0.007527702488005161
3636.48,1179542,512,3524,-16.16,2302,0.01,,,0.0001,269885,0.004833669401705265
3658.77,1183508,512,3528,-16.14,2310,0.01,,,0.0001,270876,0.009603988379240036
3658.64,1187456,512,3532,-16.1,2317,0.01,,,0.0001,271863,0.029029738157987595
3687.51,1191443,512,3536,-16.05,2325,0.01,,,0.0001,272860,0.009070910513401031
3697.56,1195741,512,3540,-16.02,2333,0.01,,,0.0001,273935,0.012486781924962997
3711.11,1199836,512,3544,-16.05,2341,0.01,,,0.0001,274958,0.01028240006417036
,1200000,,,,,0.01,-15.8,4244.95,0.0001,274999,0.0030537121929228306
3729.93,1203695,506,3548,-15.94,2375,0.01,,,0.0001,275923,0.00731115136295557
3722.65,1207299,506,3552,-16.03,2382,0.01,,,0.0001,276824,0.009110827930271626
3737.96,1211259,506,3556,-15.99,2389,0.01,,,0.0001,277814,0.006982886698096991
3753.84,1215108,506,3560,-15.95,2397,0.01,,,0.0001,278776,0.00795343890786171
3797.3,1219519,506,3564,-15.77,2405,0.01,,,0.0001,279879,0.014629674144089222
3805.62,1223439,507,3568,-15.81,2412,0.01,,,0.0001,280859,0.005175509490072727
3809.95,1227300,507,3572,-15.74,2420,0.01,,,0.0001,281824,0.017710935324430466
3833.56,1231447,507,3576,-15.68,2428,0.01,,,0.0001,282861,0.012753196991980076
3862.06,1235375,507,3580,-15.72,2435,0.01,,,0.0001,283843,0.007087082136422396
3846.38,1239455,507,3584,-15.72,2443,0.01,,,0.0001,284863,0.00827221479266882
3886.35,1243667,507,3588,-15.63,2451,0.01,,,0.0001,285916,0.00558134913444519
3898.44,1247835,507,3592,-15.57,2459,0.01,,,0.0001,286958,0.004524630960077047
3918.3,1251669,507,3596,-15.54,2466,0.01,,,0.0001,287917,0.012368358671665192
3922.71,1255507,507,3600,-15.49,2473,0.01,,,0.0001,288876,0.006521604955196381
3949.78,1259392,507,3604,-15.36,2481,0.01,,,0.0001,289847,0.0017229483928531408
3981.12,1263626,507,3608,-15.13,2489,0.01,,,0.0001,290906,0.004764968995004892
3977.34,1267033,507,3612,-15.07,2495,0.01,,,0.0001,291758,0.0049226125702261925
3963.41,1270663,507,3616,-15.05,2502,0.01,,,0.0001,292665,0.02118077129125595
3969.55,1274592,507,3620,-14.99,2510,0.01,,,0.0001,293647,0.007891528308391571
3990.01,1278757,507,3624,-14.87,2517,0.01,,,0.0001,294689,0.007818613201379776
3984.74,1282592,507,3628,-14.8,2525,0.01,,,0.0001,295647,0.009560172446072102
3979.41,1286411,507,3632,-14.86,2532,0.01,,,0.0001,296602,0.012822313234210014
3969.12,1290135,507,3636,-14.79,2539,0.01,,,0.0001,297533,0.005101671442389488
3967.77,1294403,508,3640,-14.69,2547,0.01,,,0.0001,298600,0.0037489451933652163
3957.94,1298260,508,3644,-14.73,2555,0.01,,,0.0001,299564,0.02306397445499897
,1300000,,,,,0.01,-14.7,4177.9,0.0001,299999,0.004153067246079445
3966.97,1302342,502,3648,-14.74,2589,0.01,,,0.0001,300585,0.0072984639555215836
4020.29,1307279,502,3652,-14.57,2599,0.01,,,0.0001,301819,0.006521286908537149
4004.71,1310851,503,3656,-14.55,2605,0.01,,,0.0001,302712,0.00959770753979683
4040.14,1315586,503,3660,-14.41,2614,0.01,,,0.0001,303896,0.004473053850233555
4017.9,1319439,503,3664,-14.6,2622,0.01,,,0.0001,304859,0.018452376127243042
4007.6,1323110,503,3668,-14.61,2629,0.01,,,0.0001,305777,0.008469072170555592
4000.05,1326787,503,3672,-14.66,2636,0.01,,,0.0001,306696,0.01266525313258171
3990.65,1330705,503,3676,-14.6,2643,0.01,,,0.0001,307676,0.013688694685697556
3985.81,1334512,503,3680,-14.52,2650,0.01,,,0.0001,308627,0.015147386118769646
3991.25,1338723,503,3684,-14.49,2658,0.01,,,0.0001,309680,0.009318479336798191
3975.38,1342541,503,3688,-14.51,2666,0.01,,,0.0001,310635,0.0039457157254219055
3968.29,1346514,503,3692,-14.58,2673,0.01,,,0.0001,311628,0.00427762046456337
3990.01,1350889,503,3696,-14.44,2682,0.01,,,0.0001,312722,0.010280643589794636
3995.32,1354857,503,3700,-14.4,2689,0.01,,,0.0001,313714,0.00394988851621747
3992.95,1358698,503,3704,-14.41,2696,0.01,,,0.0001,314674,0.003702576272189617
3960.9,1362137,503,3708,-14.54,2703,0.01,,,0.0001,315534,0.009054030291736126
3976.83,1365953,503,3712,-14.44,2710,0.01,,,0.0001,316488,0.024636145681142807
3999.22,1370143,503,3716,-14.45,2718,0.01,,,0.0001,317535,0.00801660493016243
3992.24,1373887,504,3720,-14.51,2725,0.01,,,0.0001,318471,0.006060098297894001
3979.47,1377739,504,3724,-14.55,2732,0.01,,,0.0001,319434,0.008993524126708508
3983.68,1381676,504,3728,-14.46,2740,0.01,,,0.0001,320418,0.012805897742509842
3985.96,1385545,504,3732,-14.43,2747,0.01,,,0.0001,321386,0.012605860829353333
3990.82,1389396,504,3736,-14.44,2755,0.01,,,0.0001,322348,0.0065979245118796825
3989.69,1393633,504,3740,-14.48,2763,0.01,,,0.0001,323408,0.007872853428125381
4015.28,1398119,504,3744,-14.28,2771,0.01,,,0.0001,324529,0.004873156081885099
,1400000,,,,,0.01,-14.6,4186.2,0.0001,324999,0.00835541170090437
4003.57,1401914,499,3748,-14.35,2805,0.01,,,0.0001,325478,0.0056537785567343235
3971.35,1406043,499,3752,-14.38,2813,0.01,,,0.0001,326510,0.011597014032304287
3980.92,1409853,499,3756,-14.36,2820,0.01,,,0.0001,327463,0.003702876390889287
3943.85,1413661,499,3760,-14.52,2827,0.01,,,0.0001,328415,0.012614103965461254
3937.18,1417346,499,3764,-14.48,2834,0.01,,,0.0001,329336,0.006109387148171663
3931.86,1420882,500,3768,-14.47,2841,0.01,,,0.0001,330220,0.004957126919180155
3946.0,1424909,500,3772,-14.42,2849,0.01,,,0.0001,331227,0.007296951487660408
3946.27,1428825,500,3776,-14.46,2856,0.01,,,0.0001,332206,0.0061348481103777885
3944.09,1432576,500,3780,-14.5,2863,0.01,,,0.0001,333143,0.004163119941949844
3944.79,1436807,500,3784,-14.58,2871,0.01,,,0.0001,334201,0.005661121103912592
3947.69,1440688,500,3788,-14.61,2879,0.01,,,0.0001,335171,0.0038211499340832233
3969.91,1445224,500,3792,-14.52,2887,0.01,,,0.0001,336305,0.004867488518357277
3973.03,1449687,500,3796,-14.57,2896,0.01,,,0.0001,337421,0.0058464608155190945
3995.14,1454210,500,3800,-14.61,2905,0.01,,,0.0001,338552,0.0095341382548213
3989.23,1457890,500,3804,-14.6,2912,0.01,,,0.0001,339472,0.008881618268787861
4002.86,1461666,500,3808,-14.64,2919,0.01,,,0.0001,340416,0.014115747064352036
3992.65,1465227,500,3812,-14.72,2926,0.01,,,0.0001,341306,0.009863496758043766
3980.12,1469106,500,3816,-14.73,2933,0.01,,,0.0001,342276,0.005746399983763695
4008.99,1473578,500,3820,-14.53,2941,0.01,,,0.0001,343394,0.008745936676859856
3996.83,1477116,500,3824,-14.62,2948,0.01,,,0.0001,344278,0.014814468100667
3991.67,1480928,501,3828,-14.76,2955,0.01,,,0.0001,345231,0.005452659446746111
4009.9,1485254,501,3832,-14.75,2964,0.01,,,0.0001,346313,0.008396206423640251
4007.03,1489023,501,3836,-14.78,2971,0.01,,,0.0001,347255,0.01108392421156168
4012.03,1493383,501,3840,-14.72,2979,0.01,,,0.0001,348345,0.0035725836642086506
3990.44,1497332,501,3844,-14.86,2987,0.01,,,0.0001,349332,0.010774735361337662
,1500000,,,,,0.01,-14.7,4160.55,0.0001,349999,0.006302110385149717
4019.06,1501830,496,3848,-14.72,3021,0.01,,,0.0001,350457,0.01095004566013813
3989.56,1505217,497,3852,-14.84,3028,0.01,,,0.0001,351304,0.010554064996540546
3998.49,1509252,497,3856,-14.85,3036,0.01,,,0.0001,352312,0.004302311223000288
3981.26,1512624,497,3860,-14.88,3042,0.01,,,0.0001,353155,0.005491127260029316
4005.19,1516915,497,3864,-14.79,3050,0.01,,,0.0001,354228,0.008417941629886627
4026.91,1520996,497,3868,-14.78,3058,0.01,,,0.0001,355248,0.025582602247595787
4031.44,1525138,497,3872,-14.77,3066,0.01,,,0.0001,356284,0.007984400726854801
4032.72,1529092,497,3876,-14.8,3073,0.01,,,0.0001,357272,0.0066277384757995605
4054.33,1533383,497,3880,-14.73,3081,0.01,,,0.0001,358345,0.0026729851961135864
4043.86,1537346,497,3884,-14.74,3089,0.01,,,0.0001,359336,0.014391009695827961
4058.03,1541592,497,3888,-14.72,3097,0.01,,,0.0001,360397,0.02180381864309311
4055.28,1546060,497,3892,-14.8,3105,0.01,,,0.0001,361514,0.010054617188870907
4033.84,1549983,497,3896,-14.85,3113,0.01,,,0.0001,362495,0.020910188555717468
4026.83,1554339,497,3900,-14.86,3121,0.01,,,0.0001,363584,0.016771014779806137
4045.01,1558476,497,3904,-14.83,3129,0.01,,,0.0001,364618,0.008790265768766403
4069.65,1562868,498,3908,-14.84,3137,0.01,,,0.0001,365716,0.022578302770853043
4082.46,1566752,498,3912,-14.86,3145,0.01,,,0.0001,366687,0.0057933637872338295
4117.71,1571510,498,3916,-14.71,3154,0.01,,,0.0001,367877,0.009259579703211784
4121.91,1576082,498,3920,-14.7,3163,0.01,,,0.0001,369020,0.02911868691444397
4139.98,1580078,498,3924,-14.65,3170,0.01,,,0.0001,370019,0.007326618768274784
4162.1,1584443,498,3928,-14.48,3178,0.01,,,0.0001,371110,0.0055171772837638855
4184.02,1589319,498,3932,-14.46,3188,0.01,,,0.0001,372329,0.027216967195272446
4232.36,1594303,498,3936,-14.29,3197,0.01,,,0.0001,373575,0.007967423647642136
4222.02,1598403,498,3940,-14.36,3205,0.01,,,0.0001,374600,0.014379482716321945
,1600000,,,,,0.01,-10.85,5025.45,0.0001,374999,0.004378936253488064
4235.98,1602696,493,3944,-14.26,3245,0.01,,,0.0001,375673,0.003239871235564351
4210.79,1606573,493,3948,-14.35,3253,0.01,,,0.0001,376643,0.006174198351800442
4260.6,1611216,493,3952,-14.13,3261,0.01,,,0.0001,377803,0.005243469029664993
4276.55,1615634,494,3956,-14.08,3270,0.01,,,0.0001,378908,0.005839510355144739
4317.04,1620026,494,3960,-13.88,3278,0.01,,,0.0001,380006,0.00455491803586483
4330.9,1624658,494,3964,-13.83,3287,0.01,,,0.0001,381164,0.01785471849143505
4329.14,1628690,494,3968,-13.83,3295,0.01,,,0.0001,382172,0.017545608803629875
4330.0,1632853,494,3972,-13.88,3303,0.01,,,0.0001,383213,0.005913624539971352
4314.15,1636401,494,3976,-13.9,3309,0.01,,,0.0001,384100,0.011286802589893341
4322.12,1640881,494,3980,-13.81,3318,0.01,,,0.0001,385220,0.003123826812952757
4335.05,1645168,494,3984,-13.74,3326,0.01,,,0.0001,386291,0.021448533982038498
4305.08,1648662,494,3988,-13.77,3333,0.01,,,0.0001,387165,0.014783112332224846
4307.5,1653190,494,3992,-13.65,3341,0.01,,,0.0001,388297,0.008893672376871109
4311.74,1657206,494,3996,-13.68,3349,0.01,,,0.0001,389301,0.0073274583555758
4295.85,1661158,494,4000,-13.67,3356,0.01,,,0.0001,390289,0.013198329135775566
4294.35,1665253,494,4004,-13.68,3364,0.01,,,0.0001,391313,0.009858828037977219
4308.46,1670009,494,4008,-13.55,3373,0.01,,,0.0001,392502,0.010678017511963844
4343.75,1674773,495,4012,-13.39,3382,0.01,,,0.0001,393693,0.005990518722683191
4316.78,1678859,495,4016,-13.56,3390,0.01,,,0.0001,394714,0.02136566862463951
4309.64,1683251,495,4020,-13.66,3399,0.01,,,0.0001,395812,0.008013780228793621
4346.74,1688176,495,4024,-13.46,3408,0.01,,,0.0001,397043,0.006411206908524036
4349.78,1692613,495,4028,-13.53,3416,0.01,,,0.0001,398153,0.004840881563723087
4311.98,1696544,495,4032,-13.6,3424,0.01,,,0.0001,399135,0.014647319912910461
,1700000,,,,,0.01,-12.45,4949.65,0.0001,399999,0.009523590095341206
4291.37,1701013,491,4036,-13.73,3464,0.01,,,0.0001,400253,0.0066698770970106125
4307.37,1705509,491,4040,-13.68,3472,0.01,,,0.0001,401377,0.009338689967989922
4321.06,1710148,491,4044,-13.71,3481,0.01,,,0.0001,402536,0.004216089844703674
4385.31,1715624,491,4048,-13.51,3491,0.01,,,0.0001,403905,0.0053995209746062756
4399.63,1720619,491,4052,-13.63,3501,0.01,,,0.0001,405154,0.0030165507923811674
4434.02,1725908,491,4056,-13.58,3511,0.01,,,0.0001,406476,0.006568577140569687
4471.01,1731223,491,4060,-13.5,3521,0.01,,,0.0001,407805,0.011014938354492188
4491.04,1736356,491,4064,-13.44,3531,0.01,,,0.0001,409088,0.006003544665873051
4526.35,1741263,491,4068,-13.41,3540,0.01,,,0.0001,410315,0.008964015170931816
4543.61,1745851,491,4072,-13.35,3549,0.01,,,0.0001,411462,0.00474435742944479
4592.34,1750626,491,4076,-13.16,3558,0.01,,,0.0001,412656,0.008461478166282177
4583.86,1754897,492,4080,-13.27,3566,0.01,,,0.0001,413724,0.006941518746316433
4589.37,1759329,492,4084,-13.25,3574,0.01,,,0.0001,414832,0.0074356794357299805
4642.33,1764148,492,4088,-13.16,3584,0.01,,,0.0001,416036,0.003994505852460861
4663.84,1769208,492,4092,-13.15,3593,0.01,,,0.0001,417301,0.009185858070850372
4698.85,1774104,492,4096,-13.16,3602,0.01,,,0.0001,418525,0.00541033037006855
4749.73,1779328,492,4100,-13.11,3612,0.01,,,0.0001,419831,0.026440007612109184
4770.85,1783950,492,4104,-13.13,3621,0.01,,,0.0001,420987,0.0074029467068612576
4763.85,1788533,492,4108,-13.11,3630,0.01,,,0.0001,422133,0.008316324092447758
4752.07,1792999,492,4112,-13.16,3638,0.01,,,0.0001,423249,0.006072282791137695
4769.91,1797524,492,4116,-13.13,3647,0.01,,,0.0001,424380,0.008033890277147293
,1800000,,,,,0.01,-12.2,5335.35,0.0001,424999,0.006135372910648584
4788.3,1802378,488,4120,-13.11,3690,0.01,,,0.0001,425594,0.004090117756277323
4795.96,1807490,488,4124,-13.08,3700,0.01,,,0.0001,426872,0.0030330789741128683
4824.03,1812629,488,4128,-13.04,3710,0.01,,,0.0001,428157,0.004555824212729931
4864.99,1817585,488,4132,-12.85,3719,0.01,,,0.0001,429396,0.01042492687702179
4894.03,1822774,488,4136,-12.78,3729,0.01,,,0.0001,430693,0.018898360431194305
4891.59,1827213,488,4140,-12.88,3737,0.01,,,0.0001,431803,0.01442756224423647
4907.65,1832253,488,4144,-12.81,3747,0.01,,,0.0001,433063,0.013688895851373672
4893.42,1837388,489,4148,-12.9,3757,0.01,,,0.0001,434346,0.02098299376666546
4891.83,1842344,489,4152,-12.76,3766,0.01,,,0.0001,435585,0.005584697239100933
4841.96,1846388,489,4156,-12.83,3774,0.01,,,0.0001,436596,0.007179318927228451
4817.16,1851088,489,4160,-12.93,3783,0.01,,,0.0001,437771,0.015771323814988136
4825.9,1856446,489,4164,-12.97,3793,0.01,,,0.0001,439111,0.002852712757885456
4823.84,1861316,489,4168,-12.83,3802,0.01,,,0.0001,440328,0.004224343225359917
4834.57,1866175,489,4172,-12.76,3811,0.01,,,0.0001,441543,0.0055253952741622925
4849.23,1871319,489,4176,-12.85,3821,0.01,,,0.0001,442829,0.009428567253053188
4863.66,1875953,489,4180,-12.84,3830,0.01,,,0.0001,443988,0.0062804799526929855
4912.14,1881598,489,4184,-12.84,3841,0.01,,,0.0001,445399,0.009115757420659065
4925.05,1886735,489,4188,-12.75,3850,0.01,,,0.0001,446683,0.013765603303909302
4914.82,1891542,490,4192,-12.77,3859,0.01,,,0.0001,447885,0.013145971111953259
4903.12,1896154,490,4196,-12.82,3868,0.01,,,0.0001,449038,0.004901178181171417
,1900000,,,,,0.01,-11.15,5205.6,0.0001,449999,0.0036756040062755346
4899.02,1901275,486,4200,-12.77,3911,0.01,,,0.0001,450318,0.0030427901074290276
4886.49,1905592,486,4204,-12.8,3919,0.01,,,0.0001,451397,0.002995624439790845
4906.03,1910646,486,4208,-12.76,3929,0.01,,,0.0001,452661,0.004411380738019943
4919.61,1915456,486,4212,-12.81,3938,0.01,,,0.0001,453863,0.011416696943342686
4922.84,1920066,486,4216,-12.8,3947,0.01,,,0.0001,455016,0.01896810159087181
4928.97,1925076,486,4220,-12.72,3956,0.01,,,0.0001,456268,0.00466133700683713
4879.7,1928961,486,4224,-12.98,3963,0.01,,,0.0001,457240,0.006810011342167854
4899.17,1934587,486,4228,-12.89,3974,0.01,,,0.0001,458646,0.039975136518478394
4917.57,1940000,486,4232,-12.98,3984,0.01,,,0.0001,459999,0.0058608329854905605
4944.43,1945866,486,4236,-12.92,3996,0.01,,,0.0001,461466,0.003995258826762438
4973.34,1951032,487,4240,-12.83,4005,0.01,,,0.0001,462757,0.010945620946586132
4971.96,1956029,487,4244,-12.81,4015,0.01,,,0.0001,464007,0.008338836021721363
4971.42,1961137,487,4248,-12.81,4025,0.01,,,0.0001,465284,0.00829597469419241
4964.36,1965924,487,4252,-12.86,4034,0.01,,,0.0001,466480,0.008034896105527878
4952.83,1969682,487,4256,-12.95,4041,0.01,,,0.0001,467420,0.006430376321077347
4952.08,1974358,487,4260,-12.91,4050,0.01,,,0.0001,468589,0.007454826030880213
4966.76,1980082,487,4264,-12.83,4060,0.01,,,0.0001,470020,0.022660261020064354
4961.24,1984807,487,4268,-12.91,4069,0.01,,,0.0001,471201,0.008944004774093628
4974.32,1989991,487,4272,-12.89,4079,0.01,,,0.0001,472497,0.0032371997367590666
4970.67,1995038,487,4276,-12.81,4089,0.01,,,0.0001,473759,0.004615442827343941
,2000000,,,,,0.01,-10.25,5707.6,0.0001,474999,0.006285034120082855
