time/fps,time/episodes,rollout/ep_rew_mean,time/total_timesteps,time/time_elapsed,rollout/ep_len_mean,rollout/exploration_rate,train/learning_rate,train/n_updates,train/loss,eval/mean_ep_length,eval/mean_reward
933,4,-20.5,850,0,873.25,0.9957924999999999,,,,,
957,8,-20.5,1718,1,878.5,0.9914958999999994,,,,,
970,12,-20.583333333333332,2558,2,873.5,0.9873378999999997,,,,,
973,16,-20.625,3423,3,877.0,0.9830561500000002,,,,,
978,20,-20.65,4232,4,868.1,0.9790515999999999,,,,,
981,24,-20.625,5145,5,878.5,0.9745322500000002,,,,,
984,28,-20.642857142857142,5990,6,876.3571428571429,0.9703495000000003,,,,,
981,32,-20.6875,6821,6,874.21875,0.9662360500000001,,,,,
977,36,-20.72222222222222,7726,7,880.3055555555555,0.9617563000000005,,,,,
980,40,-20.7,8579,8,879.55,0.9575339500000005,,,,,
980,44,-20.681818181818183,9466,9,882.7727272727273,0.9531433000000001,,,,,
908,48,-20.6875,10292,11,879.8541666666666,0.9490546000000002,0.0001,72,0.042960088700056076,,
824,52,-20.692307692307693,11105,13,876.5961538461538,0.9450302500000004,0.0001,276,0.04398556798696518,,
762,56,-20.696428571428573,11974,15,877.1428571428571,0.9407287000000003,0.0001,493,0.028684357181191444,,
719,60,-20.716666666666665,12775,17,873.6833333333333,0.9367637500000001,0.0001,693,0.06733763217926025,,
679,64,-20.71875,13595,20,871.890625,0.9327047499999999,0.0001,898,0.018177049234509468,,
647,68,-20.691176470588236,14472,22,873.3676470588235,0.9283635999999998,0.0001,1117,0.0557088740170002,,
626,72,-20.694444444444443,15274,24,870.9444444444445,0.9243937,0.0001,1318,0.052210673689842224,,
610,76,-20.67105263157895,16108,26,870.3684210526316,0.9202653999999999,0.0001,1526,0.020094985142350197,,
592,80,-20.675,16909,28,868.225,0.9163004499999997,0.0001,1727,0.03509889543056488,,
581,84,-20.69047619047619,17658,30,863.5952380952381,0.9125929000000003,0.0001,1914,0.03587332367897034,,
567,88,-20.681818181818183,18525,32,864.875,0.9083012500000005,0.0001,2131,0.029944896697998047,,
555,92,-20.695652173913043,19373,34,865.054347826087,0.9041036499999996,0.0001,2343,0.0077100275084376335,,
542,96,-20.6875,20290,37,868.15625,0.8995645000000004,0.0001,2572,0.0199752114713192,,
533,100,-20.69,21127,39,867.65,0.8954213500000006,0.0001,2781,0.014787012711167336,,
525,104,-20.7,21941,41,866.17,0.8913920500000001,0.0001,2985,0.0046988194808363914,,
515,108,-20.67,22827,44,867.41,0.8870063500000004,0.0001,3206,0.02081833966076374,,
509,112,-20.68,23675,46,867.72,0.8828087500000006,0.0001,3418,0.0061982921324670315,,
503,116,-20.69,24508,48,866.58,0.8786854000000002,0.0001,3626,0.014088885858654976,,
497,120,-20.68,25397,51,869.85,0.8742848500000006,0.0001,3849,0.015589870512485504,,
492,124,-20.7,26255,53,867.97,0.8700377500000004,0.0001,4063,0.005852146074175835,,
487,128,-20.66,27167,55,870.7,0.8655233500000004,0.0001,4291,0.0044509610161185265,,
483,132,-20.66,27936,57,868.07,0.8617168000000002,0.0001,4483,0.004990702494978905,,
480,136,-20.66,28810,60,866.53,0.8573904999999999,0.0001,4702,0.007868446409702301,,
476,140,-20.66,29656,62,866.46,0.8532028000000005,0.0001,4913,0.006438500247895718,,
474,144,-20.67,30456,64,862.77,0.8492427999999999,0.0001,5113,0.02967257983982563,,
469,148,-20.66,31331,66,864.6,0.84491155,0.0001,5332,0.03829431161284447,,
466,152,-20.65,32258,69,868.92,0.8403229000000005,0.0001,5564,0.018263723701238632,,
462,156,-20.65,33169,71,870.81,0.8358134500000001,0.0001,5792,0.028730014339089394,,
459,160,-20.65,33968,73,870.64,0.8318584,0.0001,5991,0.019899604842066765,,
456,164,-20.66,34818,76,871.6,0.8276509,0.0001,6204,0.011733782477676868,,
454,168,-20.68,35686,78,871.5,0.8233542999999994,0.0001,6421,0.00533246248960495,,
451,172,-20.68,36505,80,871.92,0.81930025,0.0001,6626,0.012041296809911728,,
450,176,-20.69,37329,82,871.66,0.8152214500000002,0.0001,6832,0.0020730954129248857,,
448,180,-20.69,38176,85,873.2,0.8110288000000001,0.0001,7043,0.008982229046523571,,
445,184,-20.68,38995,87,875.9,0.8069747500000005,0.0001,7248,0.03269678354263306,,
443,188,-20.7,39781,89,872.75,0.8030840499999996,0.0001,7445,0.029019813984632492,,
441,192,-20.7,40655,92,873.67,0.7987577499999995,0.0001,7663,0.007107364479452372,,
439,196,-20.68,41577,94,873.8,0.7941938500000001,0.0001,7894,0.006321842782199383,,
437,200,-20.65,42455,97,875.42,0.7898477500000005,0.0001,8113,0.028364133089780807,,
435,204,-20.63,43338,99,878.3,0.7854768999999995,0.0001,8334,0.024558983743190765,,
434,208,-20.65,44238,101,878.45,0.7810219,0.0001,8559,0.0021305710542947054,,
432,212,-20.61,45142,104,880.73,0.7765470999999999,0.0001,8785,0.011895084753632545,,
430,216,-20.59,45983,106,881.04,0.7723841499999995,0.0001,8995,0.009691694751381874,,
428,220,-20.58,46930,109,883.12,0.7676965000000004,0.0001,9232,0.0033927196636795998,,
426,224,-20.57,47828,112,884.45,0.7632514000000001,0.0001,9456,0.0049046967178583145,,
425,228,-20.61,48663,114,881.59,0.7591181500000005,0.0001,9665,0.008055309765040874,,
423,232,-20.61,49486,116,883.4,0.7550443000000004,0.0001,9871,0.0038443394005298615,,
421,236,-20.58,50388,119,884.69,0.7505793999999995,0.0001,10096,0.014112480916082859,,
420,240,-20.59,51262,121,885.58,0.7462531000000003,0.0001,10315,0.01332023274153471,,
419,244,-20.58,52160,124,889.63,0.741808,0.0001,10539,0.013216130435466766,,
417,248,-20.57,53091,127,891.9,0.73719955,0.0001,10772,0.0183048564940691,,
416,252,-20.58,53865,129,886.03,0.7333682499999998,0.0001,10966,0.008833752945065498,,
415,256,-20.59,54672,131,882.02,0.7293735999999997,0.0001,11167,0.009496377781033516,,
414,260,-20.59,55498,133,883.18,0.7252848999999998,0.0001,11374,0.0057752239517867565,,
413,264,-20.58,56365,136,884.08,0.72099325,0.0001,11591,0.0023320927284657955,,
412,268,-20.57,57269,138,885.32,0.7165184499999999,0.0001,11817,0.012340896762907505,,
411,272,-20.58,58195,141,889.19,0.71193475,0.0001,12048,0.00303384056314826,,
410,276,-20.6,59026,143,889.2,0.7078213,0.0001,12256,0.0083023551851511,,
408,280,-20.61,59928,146,891.84,0.7033564000000001,0.0001,12481,0.03520001098513603,,
407,284,-20.61,60782,149,893.45,0.6991290999999995,0.0001,12695,0.030754514038562775,,
406,288,-20.6,61623,151,895.47,0.6949661500000002,0.0001,12905,0.0067529198713600636,,
405,292,-20.6,62459,154,894.23,0.6908279499999999,0.0001,13114,0.00942179374396801,,
404,296,-20.63,63310,156,891.35,0.6866155,0.0001,13327,0.023218434303998947,,
402,300,-20.66,64221,159,892.9,0.6821060499999996,0.0001,13555,0.020652053877711296,,
401,304,-20.69,65055,162,890.62,0.6779777499999996,0.0001,13763,0.008878232911229134,,
400,308,-20.71,65922,164,889.34,0.6736860999999998,0.0001,13980,0.0031590904109179974,,
399,312,-20.75,66779,167,887.47,0.6694439500000005,0.0001,14194,0.026626501232385635,,
397,316,-20.75,67693,170,890.14,0.6649196500000001,0.0001,14423,0.009547770954668522,,
397,320,-20.77,68581,172,887.69,0.66052405,0.0001,14645,0.009096557274460793,,
395,324,-20.77,69433,175,886.04,0.6563066499999997,0.0001,14858,0.026073070243000984,,
395,328,-20.77,70309,177,887.63,0.6519704500000003,0.0001,15077,0.004557490348815918,,
394,332,-20.76,71222,180,891.42,0.6474511000000005,0.0001,15305,0.0022347047924995422,,
393,336,-20.78,72078,183,889.82,0.6432138999999997,0.0001,15519,0.017093755304813385,,
392,340,-20.77,72945,185,889.42,0.6389222499999998,0.0001,15736,0.00920543260872364,,
391,344,-20.79,73806,188,888.11,0.6346602999999998,0.0001,15951,0.017223795875906944,,
390,348,-20.82,74628,191,883.91,0.6305914000000005,0.0001,16156,0.03554762527346611,,
389,352,-20.81,75493,193,887.19,0.6263096499999998,0.0001,16373,0.007932266220450401,,
388,356,-20.79,76343,196,888.99,0.6221021499999997,0.0001,16585,0.02508092112839222,,
387,360,-20.77,77236,199,891.93,0.6176817999999996,0.0001,16808,0.011572597548365593,,
387,364,-20.77,78047,201,889.98,0.6136673500000002,0.0001,17011,0.005665677599608898,,
386,368,-20.79,78958,204,890.26,0.6091578999999996,0.0001,17239,0.03725174441933632,,
385,372,-20.77,79809,206,887.66,0.60494545,0.0001,17452,0.007257167249917984,,
385,376,-20.77,80714,209,890.38,0.6004657000000002,0.0001,17678,0.007546387612819672,,
384,380,-20.76,81624,212,890.63,0.5959612000000004,0.0001,17905,0.00790186133235693,,
383,384,-20.76,82506,215,891.54,0.5915953000000003,0.0001,18126,0.013704591430723667,,
383,388,-20.76,83356,217,891.78,0.5873878000000001,0.0001,18338,0.0044158147647976875,,
382,392,-20.75,84252,220,893.73,0.5829526,0.0001,18562,0.019318660721182823,,
382,396,-20.74,85131,222,894.54,0.5786015499999997,0.0001,18782,0.009018681943416595,,
381,400,-20.74,85995,225,892.87,0.5743247499999997,0.0001,18998,0.021099679172039032,,
381,404,-20.74,86922,228,896.78,0.5697361000000003,0.0001,19230,0.01773861050605774,,
380,408,-20.72,87876,230,900.52,0.5650137999999998,0.0001,19468,0.008569756522774696,,
379,412,-20.71,88759,233,901.44,0.5606429499999999,0.0001,19689,0.007508443668484688,,
378,416,-20.71,89632,236,899.9,0.5563216000000004,0.0001,19907,0.015322456136345863,,
378,420,-20.72,90453,239,897.38,0.5522576499999994,0.0001,20113,0.015194866806268692,,
377,424,-20.72,91286,241,896.61,0.5481343000000001,0.0001,20321,0.006524099037051201,,
376,428,-20.73,92102,244,894.01,0.5440951000000005,0.0001,20525,0.01304228138178587,,
376,432,-20.72,92983,247,892.46,0.5397341499999999,0.0001,20745,0.006555578205734491,,
375,436,-20.72,93777,249,889.92,0.53580385,0.0001,20944,0.007065817713737488,,
374,440,-20.73,94668,252,890.93,0.5313934000000002,0.0001,21166,0.015513202175498009,,
373,444,-20.71,95544,255,891.28,0.5270571999999997,0.0001,21385,0.0052193510346114635,,
373,448,-20.7,96417,258,893.37,0.5227358500000001,0.0001,21604,0.027927517890930176,,
372,452,-20.69,97286,260,893.89,0.5184343000000001,0.0001,21821,0.007918285205960274,,
372,456,-20.68,98282,263,899.2,0.5135041,0.0001,22070,0.004518604837357998,,
371,460,-20.68,99176,266,899.14,0.5090788000000004,0.0001,22293,0.00981632899492979,,
,,,100000,,,0.5050049500000002,0.0001,22499,0.013674342073500156,811.95,-20.75
357,464,-20.67,100078,280,902.49,0.5046139000000006,0.0001,22519,0.023275230079889297,,
357,468,-20.66,100914,282,899.71,0.5004757000000003,0.0001,22728,0.007311976049095392,,
356,472,-20.68,101768,285,899.7,0.4962483999999997,0.0001,22941,0.009687804616987705,,
356,476,-20.67,102615,288,897.58,0.49205575000000057,0.0001,23153,0.013253962621092796,,
355,480,-20.67,103420,290,893.37,0.4880709999999997,0.0001,23354,0.012805001810193062,,
355,484,-20.67,104239,293,891.07,0.4840169500000002,0.0001,23559,0.006245926022529602,,
355,488,-20.67,105071,295,890.56,0.4798985500000005,0.0001,23767,0.005578912328928709,,
354,492,-20.63,106074,299,895.22,0.4749337,0.0001,24018,0.007217596285045147,,
354,496,-20.62,106961,301,896.18,0.47054304999999963,0.0001,24240,0.0026696790009737015,,
353,500,-20.6,107904,305,899.33,0.46587520000000004,0.0001,24475,0.0037803910672664642,,
353,504,-20.59,108791,307,897.53,0.46148454999999966,0.0001,24697,0.01165196392685175,,
353,508,-20.61,109679,310,894.74,0.4570889499999996,0.0001,24919,0.01320207305252552,,
352,512,-20.61,110545,313,894.06,0.4528022499999995,0.0001,25136,0.006353083997964859,,
352,516,-20.62,111360,315,891.71,0.4487680000000005,0.0001,25339,0.007131403312087059,,
352,520,-20.6,112273,318,895.39,0.4442486499999997,0.0001,25568,0.018546292558312416,,
351,524,-20.57,113215,321,899.37,0.43958574999999966,0.0001,25803,0.019508913159370422,,
351,528,-20.55,114156,324,904.24,0.4349278000000004,0.0001,26038,0.014005728997290134,,
351,532,-20.56,115000,327,903.27,0.4307500000000001,0.0001,26249,0.005576134193688631,,
351,536,-20.56,115812,329,903.49,0.42673059999999985,0.0001,26452,0.010076112113893032,,
350,540,-20.54,116684,332,902.84,0.42241419999999996,0.0001,26670,0.008888278156518936,,
350,544,-20.5,117669,335,907.18,0.41753845,0.0001,26917,0.008065825328230858,,
350,548,-20.49,118548,338,907.11,0.41318739999999954,0.0001,27136,0.015369239263236523,,
350,552,-20.51,119401,340,906.23,0.4089650499999996,0.0001,27350,0.009230225346982479,,
350,556,-20.52,120334,343,904.32,0.4043467000000003,0.0001,27583,0.013827476650476456,,
350,560,-20.53,121212,345,903.5,0.4000005999999995,0.0001,27802,0.007387167774140835,,
350,564,-20.53,122053,348,901.0,0.39583765000000015,0.0001,28013,0.008905474096536636,,
350,568,-20.5,122959,350,903.21,0.3913529499999998,0.0001,28239,0.0070357369258999825,,
350,572,-20.48,123782,353,902.37,0.38727909999999977,0.0001,28445,0.007840048521757126,,
350,576,-20.48,124597,355,901.22,0.38324484999999964,0.0001,28649,0.007832450792193413,,
350,580,-20.48,125478,358,904.06,0.37888390000000016,0.0001,28869,0.016527723520994186,,
350,584,-20.48,126355,360,906.14,0.37454275000000004,0.0001,29088,0.014853587374091148,,
350,588,-20.48,127252,363,908.83,0.3701026000000004,0.0001,29312,0.011793677695095539,,
350,592,-20.51,128118,365,903.17,0.3658159000000002,0.0001,29529,0.018000971525907516,,
350,596,-20.52,128965,368,901.44,0.36162325000000006,0.0001,29741,0.013606177642941475,,
349,600,-20.55,129783,370,896.25,0.35757415000000015,0.0001,29945,0.007169537246227264,,
349,604,-20.54,130662,373,896.08,0.3532230999999998,0.0001,30165,0.010268907994031906,,
349,608,-20.53,131564,376,896.44,0.3487582,0.0001,30390,0.011571209877729416,,
349,612,-20.5,132589,379,902.87,0.3436844499999997,0.0001,30647,0.019428659230470657,,
349,616,-20.5,133510,382,907.07,0.33912549999999997,0.0001,30877,0.00937003642320633,,
349,620,-20.51,134364,384,905.07,0.3348982000000005,0.0001,31090,0.015456151217222214,,
349,624,-20.54,135292,387,904.92,0.3303046000000003,0.0001,31322,0.018796315416693687,,
349,628,-20.52,136228,390,904.72,0.32567139999999994,0.0001,31556,0.009908759966492653,,
349,632,-20.45,137229,393,910.88,0.3207164499999998,0.0001,31807,0.006056143436580896,,
348,636,-20.41,138234,396,919.44,0.31574170000000024,0.0001,32058,0.02861080691218376,,
348,640,-20.4,139213,399,923.85,0.31089564999999986,0.0001,32303,0.011556312441825867,,
348,644,-20.44,140079,401,919.05,0.30660894999999977,0.0001,32519,0.0177163053303957,,
348,648,-20.46,140955,404,919.39,0.3022727500000004,0.0001,32738,0.005699012894183397,,
348,652,-20.42,142078,408,930.15,0.2967139000000004,0.0001,33019,0.008087757974863052,,
347,656,-20.37,143174,411,936.28,0.2912887000000004,0.0001,33293,0.013181468471884727,,
347,660,-20.34,144152,414,940.08,0.2864475999999998,0.0001,33537,0.043235041201114655,,
347,664,-20.32,145099,417,944.25,0.28175994999999965,0.0001,33774,0.0190157238394022,,
347,668,-20.33,146121,420,949.23,0.2767010500000002,0.0001,34030,0.013373727910220623,,
346,672,-20.3,147188,424,958.73,0.27141939999999964,0.0001,34296,0.03443829342722893,,
346,676,-20.27,148170,427,965.27,0.2665585000000005,0.0001,34542,0.011456158943474293,,
345,680,-20.26,149144,431,968.94,0.26173720000000034,0.0001,34785,0.009379405528306961,,
345,684,-20.23,150259,435,978.64,0.25621795000000047,0.0001,35064,0.02257959544658661,,
344,688,-20.13,151429,439,989.24,0.25042644999999986,0.0001,35357,0.012050071731209755,,
344,692,-20.06,152527,443,998.6,0.2449913499999996,0.0001,35631,0.016782110556960106,,
343,696,-20.05,153476,446,1002.67,0.24029380000000033,0.0001,35868,0.01645442098379135,,
343,700,-20.0,154594,450,1014.52,0.23475970000000057,0.0001,36148,0.015864567831158638,,
342,704,-19.92,155729,454,1024.81,0.22914144999999997,0.0001,36432,0.028788365423679352,,
342,708,-19.9,156792,458,1031.16,0.22387959999999985,0.0001,36697,0.022161468863487244,,
341,712,-19.89,157834,462,1031.5,0.2187216999999999,0.0001,36958,0.014553003013134003,,
341,716,-19.86,158909,465,1037.99,0.21340045000000019,0.0001,37227,0.01858765259385109,,
340,720,-19.8,160157,470,1053.64,0.20722285000000062,0.0001,37539,0.018880659714341164,,
339,724,-19.78,161189,474,1057.56,0.20211444999999995,0.0001,37797,0.018638864159584045,,
339,728,-19.76,162351,478,1066.57,0.19636255000000047,0.0001,38087,0.014463524334132671,,
338,732,-19.8,163388,482,1067.8,0.19122939999999966,0.0001,38346,0.010997789911925793,,
338,736,-19.76,164549,486,1073.5,0.18548244999999974,0.0001,38637,0.019554100930690765,,
337,740,-19.75,165742,491,1081.88,0.1795770999999997,0.0001,38935,0.019583914428949356,,
337,744,-19.73,166778,494,1088.73,0.17444889999999957,0.0001,39194,0.012768559157848358,,
336,748,-19.65,167993,499,1102.24,0.16843464999999969,0.0001,39498,0.013622116297483444,,
336,752,-19.62,169409,504,1114.06,0.16142545000000053,0.0001,39852,0.009922345168888569,,
335,756,-19.63,170597,508,1117.74,0.15554485000000062,0.0001,40149,0.015213385224342346,,
334,760,-19.6,171835,513,1128.33,0.14941675000000032,0.0001,40458,0.018077213317155838,,
334,764,-19.58,173043,517,1138.97,0.1434371499999998,0.0001,40760,0.01937410980463028,,
333,768,-19.54,174365,522,1150.99,0.13689325000000074,0.0001,41091,0.017591845244169235,,
333,772,-19.54,175511,526,1154.1,0.1312205500000002,0.0001,41377,0.016697265207767487,,
332,776,-19.52,176670,531,1161.16,0.12548349999999953,0.0001,41667,0.0058646732941269875,,
332,780,-19.46,178044,536,1177.23,0.11868219999999952,0.0001,42010,0.013449459336698055,,
331,784,-19.43,179420,541,1187.44,0.1118710000000005,0.0001,42354,0.012546197511255741,,
330,788,-19.5,180524,545,1185.02,0.10640620000000056,0.0001,42630,0.01905619353055954,,
330,792,-19.54,181779,550,1191.42,0.10019395000000053,0.0001,42944,0.01609059050679207,,
329,796,-19.42,183174,556,1208.77,0.09328870000000034,0.0001,43293,0.01690497249364853,,
328,800,-19.38,184598,561,1221.26,0.08623989999999981,0.0001,43649,0.012887571007013321,,
328,804,-19.37,186020,566,1232.95,0.07920099999999974,0.0001,44004,0.010515760630369186,,
327,808,-19.39,187209,571,1238.02,0.07331545000000017,0.0001,44302,0.012554719112813473,,
327,812,-19.37,188653,576,1254.54,0.06616765000000024,0.0001,44663,0.00948985107243061,,
326,816,-19.32,190114,582,1269.96,0.05893570000000059,0.0001,45028,0.018645774573087692,,
325,820,-19.31,191764,588,1285.97,0.05076819999999982,0.0001,45440,0.005876877810806036,,
325,824,-19.31,193028,593,1295.07,0.0445114000000002,0.0001,45756,0.016244612634181976,,
324,828,-19.3,194365,598,1302.15,0.037893250000000545,0.0001,46091,0.003913097083568573,,
323,832,-19.22,195864,604,1320.59,0.030473199999999867,0.0001,46465,0.010051732882857323,,
323,836,-19.24,197190,609,1327.36,0.02390950000000014,0.0001,46797,0.017124777659773827,,
322,840,-19.23,198615,614,1336.7,0.016855750000000058,0.0001,47153,0.02609807811677456,,
,,,200000,,,0.010004949999999901,0.0001,47499,0.011272381991147995,1330.5,-20.0
313,844,-19.2,200001,637,1350.67,0.01,0.0001,47500,0.013910474255681038,,
313,848,-19.21,201372,642,1356.72,0.01,0.0001,47842,0.008161293342709541,,
312,852,-19.19,202805,648,1357.2,0.01,0.0001,48201,0.019197378307580948,,
312,856,-19.22,204056,652,1359.96,0.01,0.0001,48513,0.008143622428178787,,
312,860,-19.24,205438,658,1365.81,0.01,0.0001,48859,0.008829706348478794,,
311,864,-19.21,206889,664,1375.32,0.01,0.0001,49222,0.028042014688253403,,
310,868,-19.21,208168,669,1373.53,0.01,0.0001,49541,0.030230550095438957,,
310,872,-19.17,209670,675,1388.06,0.01,0.0001,49917,0.01810237020254135,,
309,876,-19.13,211093,681,1398.56,0.01,0.0001,50273,0.015467234887182713,,
309,880,-19.18,212310,685,1392.44,0.01,0.0001,50577,0.020086396485567093,,
309,884,-19.18,213801,691,1397.16,0.01,0.0001,50950,0.01400771550834179,,
308,888,-19.18,215197,696,1408.5,0.01,0.0001,51299,0.016298741102218628,,
308,892,-19.09,216812,702,1422.86,0.01,0.0001,51702,0.014561762101948261,,
308,896,-19.09,218400,708,1430.93,0.01,0.0001,52099,0.01604589819908142,,
307,900,-19.09,219886,714,1433.26,0.01,0.0001,52471,0.009311895817518234,,
307,904,-19.13,221337,719,1434.08,0.01,0.0001,52834,0.0058826785534620285,,
307,908,-19.06,222774,724,1444.18,0.01,0.0001,53193,0.019915955141186714,,
307,912,-19.05,224261,730,1445.88,0.01,0.0001,53565,0.016425225883722305,,
306,916,-19.02,225758,735,1447.13,0.01,0.0001,53939,0.02294623851776123,,
306,920,-18.99,227211,741,1439.26,0.01,0.0001,54302,0.008181395009160042,,
305,924,-18.97,228565,747,1443.42,0.01,0.0001,54641,0.012969905510544777,,
305,928,-18.96,230093,753,1451.16,0.01,0.0001,55023,0.013782480731606483,,
305,932,-18.96,231589,759,1451.55,0.01,0.0001,55397,0.009206877090036869,,
304,936,-18.93,233112,764,1459.54,0.01,0.0001,55777,0.012844787910580635,,
304,940,-18.89,234529,770,1459.2,0.01,0.0001,56132,0.007379085756838322,,
303,944,-18.88,236014,776,1463.26,0.01,0.0001,56503,0.009629718959331512,,
303,948,-18.84,237539,782,1469.07,0.01,0.0001,56884,0.010632290504872799,,
303,952,-18.81,239043,788,1471.85,0.01,0.0001,57260,0.021703451871871948,,
302,956,-18.68,240684,794,1487.39,0.01,0.0001,57670,0.0060472809709608555,,
302,960,-18.65,242119,800,1489.5,0.01,0.0001,58029,0.018665051087737083,,
302,964,-18.61,243663,806,1493.4,0.01,0.0001,58415,0.010202726349234581,,
301,968,-18.64,245063,811,1498.44,0.01,0.0001,58765,0.010536208748817444,,
301,972,-18.63,246561,817,1497.97,0.01,0.0001,59140,0.013142863288521767,,
301,976,-18.69,247953,822,1497.26,0.01,0.0001,59488,0.00696555245667696,,
301,980,-18.64,249387,828,1505.41,0.01,0.0001,59846,0.009016286581754684,,
300,984,-18.59,250927,834,1507.38,0.01,0.0001,60231,0.026438236236572266,,
300,988,-18.42,252696,841,1522.4,0.01,0.0001,60673,0.006884553469717503,,
299,992,-18.45,254333,847,1523.23,0.01,0.0001,61083,0.01168735045939684,,
299,996,-18.47,255926,853,1523.31,0.01,0.0001,61481,0.006398174911737442,,
299,1000,-18.42,257425,859,1524.25,0.01,0.0001,61856,0.010866384953260422,,
299,1004,-18.4,258900,865,1525.52,0.01,0.0001,62224,0.010786889120936394,,
298,1008,-18.43,260273,870,1522.85,0.01,0.0001,62568,0.015137653797864914,,
298,1012,-18.33,262004,877,1532.27,0.01,0.0001,63000,0.020829351618885994,,
298,1016,-18.33,263386,882,1527.82,0.01,0.0001,63346,0.010842444375157356,,
298,1020,-18.38,264703,887,1522.04,0.01,0.0001,63675,0.018047604709863663,,
297,1024,-18.31,266193,893,1527.2,0.01,0.0001,64048,0.01334242895245552,,
297,1028,-18.2,267838,899,1531.87,0.01,0.0001,64459,0.012343959882855415,,
297,1032,-18.21,269435,906,1535.58,0.01,0.0001,64858,0.010703906416893005,,
296,1036,-18.19,271015,912,1537.49,0.01,0.0001,65253,0.01485857181251049,,
296,1040,-18.11,272748,919,1549.98,0.01,0.0001,65686,0.0147627554833889,,
296,1044,-17.99,274565,926,1563.13,0.01,0.0001,66141,0.007307623513042927,,
296,1048,-17.91,276206,932,1568.29,0.01,0.0001,66551,0.010051166638731956,,
296,1052,-17.95,277644,937,1566.05,0.01,0.0001,66910,0.006441103294491768,,
295,1056,-17.98,279125,943,1559.53,0.01,0.0001,67281,0.010901529341936111,,
295,1060,-17.96,280857,949,1571.71,0.01,0.0001,67714,0.009416134096682072,,
295,1064,-17.99,282406,955,1571.96,0.01,0.0001,68101,0.011660506948828697,,
295,1068,-17.93,284046,962,1581.61,0.01,0.0001,68511,0.017677683383226395,,
294,1072,-17.83,285906,969,1595.98,0.01,0.0001,68976,0.014304142445325851,,
294,1076,-17.71,287692,976,1611.14,0.01,0.0001,69422,0.013045220635831356,,
294,1080,-17.7,289153,982,1612.94,0.01,0.0001,69788,0.016858132556080818,,
294,1084,-17.74,290670,988,1612.25,0.01,0.0001,70167,0.01166011206805706,,
293,1088,-17.83,292341,994,1608.46,0.01,0.0001,70585,0.00942518375813961,,
293,1092,-17.79,294024,1001,1610.26,0.01,0.0001,71005,0.014925962314009666,,
293,1096,-17.8,295657,1007,1611.96,0.01,0.0001,71414,0.0069368802942335606,,
293,1100,-17.8,297326,1014,1618.67,0.01,0.0001,71831,0.011014662683010101,,
292,1104,-17.77,298945,1021,1624.63,0.01,0.0001,72236,0.01566636562347412,,
,,,300000,,,0.01,0.0001,72499,0.008547871373593807,1704.9,-17.1
286,1108,-17.65,300664,1049,1638.64,0.01,0.0001,72665,0.01249255146831274,,
286,1112,-17.72,302291,1056,1634.49,0.01,0.0001,73072,0.0061998795717954636,,
286,1116,-17.78,303824,1062,1640.29,0.01,0.0001,73455,0.01236453652381897,,
285,1120,-17.77,305413,1068,1651.38,0.01,0.0001,73853,0.02361125685274601,,
285,1124,-17.67,307229,1074,1664.61,0.01,0.0001,74307,0.0038881415966898203,,
285,1128,-17.74,308916,1081,1666.45,0.01,0.0001,74728,0.012877298519015312,,
285,1132,-17.68,310730,1088,1674.89,0.01,0.0001,75182,0.007209669332951307,,
285,1136,-17.6,312306,1094,1674.88,0.01,0.0001,75576,0.02173757180571556,,
285,1140,-17.7,313934,1100,1671.09,0.01,0.0001,75983,0.011482163332402706,,
285,1144,-17.72,315705,1107,1669.5,0.01,0.0001,76426,0.011018844321370125,,
284,1148,-17.8,317310,1113,1668.07,0.01,0.0001,76827,0.014915075153112411,,
284,1152,-17.73,318998,1120,1678.05,0.01,0.0001,77249,0.012531869113445282,,
284,1156,-17.74,320561,1126,1681.17,0.01,0.0001,77640,0.024091243743896484,,
284,1160,-17.74,322184,1132,1676.33,0.01,0.0001,78045,0.007652129512280226,,
284,1164,-17.73,323790,1138,1678.43,0.01,0.0001,78447,0.016722269356250763,,
284,1168,-17.62,325589,1145,1684.37,0.01,0.0001,78897,0.021565910428762436,,
284,1172,-17.68,327256,1151,1676.49,0.01,0.0001,79313,0.010992806404829025,,
283,1176,-17.66,329032,1158,1676.37,0.01,0.0001,79757,0.013949939049780369,,
283,1180,-17.61,330784,1165,1687.18,0.01,0.0001,80195,0.02044539712369442,,
283,1184,-17.54,332424,1171,1692.38,0.01,0.0001,80605,0.01713155210018158,,
283,1188,-17.51,334131,1178,1693.92,0.01,0.0001,81032,0.020987264811992645,,
283,1192,-17.59,335578,1184,1684.68,0.01,0.0001,81394,0.009343421086668968,,
283,1196,-17.59,337223,1190,1685.02,0.01,0.0001,81805,0.011708310805261135,,
283,1200,-17.6,338878,1196,1684.37,0.01,0.0001,82219,0.00940418615937233,,
282,1204,-17.58,340572,1203,1686.78,0.01,0.0001,82642,0.010194629430770874,,
282,1208,-17.62,342268,1210,1685.68,0.01,0.0001,83066,0.014956354163587093,,
282,1212,-17.63,343895,1216,1685.77,0.01,0.0001,83473,0.010273735970258713,,
282,1216,-17.56,345488,1222,1688.3,0.01,0.0001,83871,0.009462406858801842,,
282,1220,-17.44,347257,1229,1695.48,0.01,0.0001,84314,0.011032486334443092,,
282,1224,-17.53,349009,1235,1692.67,0.01,0.0001,84752,0.03811854496598244,,
282,1228,-17.44,350928,1243,1702.17,0.01,0.0001,85231,0.008416828699409962,,
282,1232,-17.43,352859,1250,1707.21,0.01,0.0001,85714,0.016859203577041626,,
281,1236,-17.46,354544,1257,1711.68,0.01,0.0001,86135,0.007730342447757721,,
281,1240,-17.31,356390,1264,1720.37,0.01,0.0001,86597,0.00635131448507309,,
281,1244,-17.38,358008,1271,1713.9,0.01,0.0001,87001,0.010659917257726192,,
281,1248,-17.29,359999,1278,1729.05,0.01,0.0001,87499,0.010059171356260777,,
281,1252,-17.27,361880,1285,1736.8,0.01,0.0001,87969,0.013337287120521069,,
281,1256,-17.2,363691,1292,1746.98,0.01,0.0001,88422,0.019902516156435013,,
281,1260,-17.15,365448,1299,1752.64,0.01,0.0001,88861,0.01572815328836441,,
281,1264,-17.04,367361,1307,1764.83,0.01,0.0001,89340,0.01674492284655571,,
280,1268,-17.13,369075,1313,1761.73,0.01,0.0001,89768,0.013259289786219597,,
280,1272,-17.09,370954,1321,1770.57,0.01,0.0001,90238,0.018774554133415222,,
280,1276,-17.17,372625,1327,1766.56,0.01,0.0001,90656,0.012334614992141724,,
280,1280,-17.14,374345,1334,1765.85,0.01,0.0001,91086,0.03434990346431732,,
280,1284,-17.13,376113,1340,1770.21,0.01,0.0001,91528,0.023819074034690857,,
280,1288,-17.16,377640,1346,1762.7,0.01,0.0001,91909,0.010213791392743587,,
280,1292,-17.11,379182,1351,1766.4,0.01,0.0001,92295,0.009917793795466423,,
280,1296,-17.16,380793,1357,1765.21,0.01,0.0001,92698,0.008220262825489044,,
280,1300,-17.18,382402,1364,1763.44,0.01,0.0001,93100,0.014517553150653839,,
280,1304,-17.19,384043,1370,1761.66,0.01,0.0001,93510,0.024769049137830734,,
280,1308,-17.19,385780,1377,1763.46,0.01,0.0001,93944,0.008002446964383125,,
279,1312,-17.17,387612,1384,1771.76,0.01,0.0001,94402,0.023224173113703728,,
279,1316,-17.21,389275,1390,1774.32,0.01,0.0001,94818,0.006408211775124073,,
279,1320,-17.24,391156,1398,1779.07,0.01,0.0001,95288,0.008322739973664284,,
279,1324,-17.22,393060,1405,1785.52,0.01,0.0001,95764,0.025660142302513123,,
279,1328,-17.26,395074,1413,1788.82,0.01,0.0001,96268,0.005992414895445108,,
279,1332,-17.26,396860,1420,1782.98,0.01,0.0001,96714,0.012354763224720955,,
279,1336,-17.29,398721,1427,1789.96,0.01,0.0001,97180,0.007811751216650009,,
,,,400000,,,0.01,0.0001,97499,0.006197340786457062,1887.7,-16.9
274,1340,-17.35,400522,1458,1788.03,0.01,0.0001,97630,0.008840329945087433,,
274,1344,-17.36,402155,1464,1788.76,0.01,0.0001,98038,0.014366885647177696,,
274,1348,-17.41,403905,1471,1779.43,0.01,0.0001,98476,0.019590221345424652,,
274,1352,-17.48,405705,1478,1776.24,0.01,0.0001,98926,0.005902465432882309,,
274,1356,-17.51,407700,1485,1783.75,0.01,0.0001,99424,0.011267983354628086,,
274,1360,-17.48,409547,1493,1787.02,0.01,0.0001,99886,0.006306156516075134,,
274,1364,-17.53,411373,1500,1783.65,0.01,0.0001,100343,0.02235987037420273,,
274,1368,-17.5,413207,1507,1788.56,0.01,0.0001,100801,0.013606415130198002,,
273,1372,-17.53,415134,1515,1790.52,0.01,0.0001,101283,0.01280919648706913,,
273,1376,-17.52,416858,1521,1792.47,0.01,0.0001,101714,0.005735656246542931,,
273,1380,-17.53,418700,1529,1797.0,0.01,0.0001,102174,0.004655095748603344,,
273,1384,-17.54,420569,1536,1801.39,0.01,0.0001,102642,0.015737948939204216,,
273,1388,-17.52,422355,1543,1811.97,0.01,0.0001,103088,0.013437308371067047,,
273,1392,-17.43,424301,1550,1828.09,0.01,0.0001,103575,0.009928405284881592,,
273,1396,-17.35,426198,1558,1839.4,0.01,0.0001,104049,0.015259208157658577,,
273,1400,-17.25,428200,1566,1854.54,0.01,0.0001,104549,0.022628990933299065,,
273,1404,-17.23,430029,1573,1861.98,0.01,0.0001,105007,0.014208011329174042,,
273,1408,-17.18,431906,1580,1867.61,0.01,0.0001,105476,0.011843554675579071,,
273,1412,-17.08,433858,1587,1872.54,0.01,0.0001,105964,0.005910824052989483,,
273,1416,-17.02,435654,1594,1877.97,0.01,0.0001,106413,0.01065746508538723,,
273,1420,-17.06,437302,1601,1868.43,0.01,0.0001,106825,0.008364081382751465,,
273,1424,-16.98,439301,1608,1872.27,0.01,0.0001,107325,0.013924016617238522,,
273,1428,-17.0,441236,1616,1869.47,0.01,0.0001,107808,0.004261290654540062,,
272,1432,-17.01,443090,1623,1871.99,0.01,0.0001,108272,0.008740190416574478,,
272,1436,-16.91,445090,1631,1877.59,0.01,0.0001,108772,0.0070006996393203735,,
272,1440,-16.95,446742,1637,1871.6,0.01,0.0001,109185,0.008582595735788345,,
272,1444,-16.89,448581,1645,1879.49,0.01,0.0001,109645,0.016587641090154648,,
272,1448,-16.92,450179,1651,1873.13,0.01,0.0001,110044,0.04816900193691254,,
272,1452,-16.86,452031,1658,1874.89,0.01,0.0001,110507,0.026577919721603394,,
272,1456,-16.86,453869,1665,1868.33,0.01,0.0001,110967,0.015671798959374428,,
272,1460,-16.84,455992,1673,1879.54,0.01,0.0001,111497,0.016684643924236298,,
272,1464,-16.8,458174,1682,1894.01,0.01,0.0001,112043,0.014419940300285816,,
272,1468,-16.69,460305,1690,1905.68,0.01,0.0001,112576,0.007127538789063692,,
272,1472,-16.64,462331,1698,1909.67,0.01,0.0001,113082,0.022404005751013756,,
272,1476,-16.52,464345,1706,1920.94,0.01,0.0001,113586,0.026291677728295326,,
272,1480,-16.46,466546,1714,1935.52,0.01,0.0001,114136,0.02763480506837368,,
272,1484,-16.43,468543,1721,1940.51,0.01,0.0001,114635,0.009579611010849476,,
272,1488,-16.37,470553,1729,1949.46,0.01,0.0001,115138,0.011090670712292194,,
272,1492,-16.37,472428,1736,1946.56,0.01,0.0001,115606,0.019511273130774498,,
271,1496,-16.31,474477,1744,1952.68,0.01,0.0001,116119,0.004891348537057638,,
271,1500,-16.35,476577,1753,1957.02,0.01,0.0001,116644,0.004422030411660671,,
271,1504,-16.32,478607,1761,1965.21,0.01,0.0001,117151,0.020843517035245895,,
271,1508,-16.23,480888,1770,1981.33,0.01,0.0001,117721,0.018419701606035233,,
271,1512,-16.3,482964,1778,1986.26,0.01,0.0001,118240,0.018901757895946503,,
271,1516,-16.23,485149,1786,2001.96,0.01,0.0001,118787,0.010523905977606773,,
271,1520,-16.11,487307,1795,2022.64,0.01,0.0001,119326,0.013740777969360352,,
271,1524,-16.17,489139,1802,2015.74,0.01,0.0001,119784,0.021926067769527435,,
271,1528,-16.06,491412,1811,2029.03,0.01,0.0001,120352,0.007302360609173775,,
271,1532,-16.03,493471,1819,2037.24,0.01,0.0001,120867,0.017362207174301147,,
271,1536,-16.08,495346,1826,2032.14,0.01,0.0001,121336,0.014626497402787209,,
271,1540,-16.05,497225,1833,2041.71,0.01,0.0001,121806,0.008545810356736183,,
271,1544,-16.01,499374,1841,2054.49,0.01,0.0001,122343,0.012450571171939373,,
,,,500000,,,0.01,0.0001,122499,0.012195230461657047,2262.5,-15.25
266,1548,-15.85,501633,1879,2080.97,0.01,0.0001,122908,0.01178908534348011,,
266,1552,-15.79,503628,1887,2086.78,0.01,0.0001,123406,0.0058584329672157764,,
266,1556,-15.77,505678,1894,2095.27,0.01,0.0001,123919,0.013923696242272854,,
266,1560,-15.84,507470,1902,2081.66,0.01,0.0001,124367,0.01631934568285942,,
266,1564,-15.83,509689,1910,2082.73,0.01,0.0001,124922,0.011813471093773842,,
266,1568,-15.97,511543,1917,2071.96,0.01,0.0001,125385,0.01625993102788925,,
266,1572,-15.96,513555,1925,2071.09,0.01,0.0001,125888,0.03863343596458435,,
266,1576,-15.99,515596,1933,2072.26,0.01,0.0001,126398,0.008106614463031292,,
266,1580,-15.97,517742,1941,2070.2,0.01,0.0001,126935,0.006639822386205196,,
266,1584,-15.96,519730,1949,2070.05,0.01,0.0001,127432,0.02707553654909134,,
266,1588,-15.92,522058,1958,2082.8,0.01,0.0001,128014,0.015257694758474827,,
266,1592,-15.87,524301,1966,2097.68,0.01,0.0001,128575,0.013446088880300522,,
266,1596,-15.92,526433,1975,2101.02,0.01,0.0001,129108,0.030028831213712692,,
266,1600,-15.84,528692,1983,2107.35,0.01,0.0001,129672,0.008738424628973007,,
266,1604,-15.83,530871,1991,2112.87,0.01,0.0001,130217,0.006041153334081173,,
266,1608,-15.86,533153,2000,2113.0,0.01,0.0001,130788,0.013027658686041832,,
266,1612,-15.87,535198,2007,2111.51,0.01,0.0001,131299,0.012458681128919125,,
266,1616,-15.86,537489,2016,2115.93,0.01,0.0001,131872,0.007322851102799177,,
266,1620,-15.98,539440,2024,2107.39,0.01,0.0001,132359,0.009721389040350914,,
266,1624,-15.93,541368,2032,2111.39,0.01,0.0001,132841,0.005187072325497866,,
266,1628,-16.03,543538,2040,2107.46,0.01,0.0001,133384,0.018611576408147812,,
266,1632,-16.09,545523,2048,2104.82,0.01,0.0001,133880,0.010066629387438297,,
266,1636,-16.1,547704,2056,2116.96,0.01,0.0001,134425,0.006315676961094141,,
266,1640,-15.94,550152,2066,2139.16,0.01,0.0001,135037,0.016065917909145355,,
266,1644,-15.88,552653,2075,2153.14,0.01,0.0001,135663,0.008704567328095436,,
266,1648,-15.99,554709,2083,2144.97,0.01,0.0001,136177,0.005020985379815102,,
266,1652,-16.08,556765,2091,2147.34,0.01,0.0001,136691,0.015060455538332462,,
266,1656,-16.02,559124,2100,2159.74,0.01,0.0001,137280,0.014907633885741234,,
266,1660,-16.02,561133,2108,2168.5,0.01,0.0001,137783,0.011589194647967815,,
266,1664,-16.01,563322,2116,2167.15,0.01,0.0001,138330,0.007532595656812191,,
266,1668,-15.87,565747,2125,2189.92,0.01,0.0001,138936,0.03562604635953903,,
266,1672,-15.9,567793,2133,2191.66,0.01,0.0001,139448,0.01327132061123848,,
266,1676,-15.92,569988,2141,2198.05,0.01,0.0001,139996,0.040467601269483566,,
266,1680,-15.97,572179,2150,2199.74,0.01,0.0001,140544,0.014341222122311592,,
266,1684,-15.94,574291,2158,2204.27,0.01,0.0001,141072,0.005838813725858927,,
266,1688,-16.01,576322,2166,2192.29,0.01,0.0001,141580,0.008016049861907959,,
265,1692,-16.02,578544,2175,2191.75,0.01,0.0001,142135,0.016582563519477844,,
265,1696,-15.94,580938,2184,2202.37,0.01,0.0001,142734,0.009174766018986702,,
265,1700,-15.97,583140,2193,2199.87,0.01,0.0001,143284,0.022149046882987022,,
265,1704,-16.0,585158,2200,2193.79,0.01,0.0001,143789,0.025895321741700172,,
265,1708,-16.06,587223,2208,2184.94,0.01,0.0001,144305,0.0066262902691960335,,
265,1712,-16.01,589634,2218,2199.86,0.01,0.0001,144908,0.018926167860627174,,
265,1716,-16.1,591702,2226,2190.62,0.01,0.0001,145425,0.010928456671535969,,
265,1720,-16.0,593970,2235,2203.22,0.01,0.0001,145992,0.025810901075601578,,
265,1724,-15.96,596169,2243,2214.0,0.01,0.0001,146542,0.004271509125828743,,
265,1728,-15.89,598326,2251,2213.17,0.01,0.0001,147081,0.048885051161050797,,
,,,600000,,,0.01,0.0001,147499,0.006510754115879536,2263.4,-15.2
262,1732,-15.8,600599,2284,2224.57,0.01,0.0001,147649,0.008180560544133186,,
263,1736,-15.77,602749,2291,2223.64,0.01,0.0001,148187,0.007357717491686344,,
263,1740,-15.94,604724,2298,2205.07,0.01,0.0001,148680,0.027179140597581863,,
263,1744,-15.98,606838,2305,2189.34,0.01,0.0001,149209,0.011416702531278133,,
263,1748,-16.04,608707,2311,2182.32,0.01,0.0001,149676,0.008879991248250008,,
263,1752,-15.96,610906,2318,2188.24,0.01,0.0001,150226,0.00882174726575613,,
263,1756,-15.93,613238,2326,2187.0,0.01,0.0001,150809,0.005830822978168726,,
263,1760,-15.86,615377,2333,2192.48,0.01,0.0001,151344,0.016664419323205948,,
263,1764,-15.81,617744,2343,2199.93,0.01,0.0001,151935,0.009217306971549988,,
263,1768,-15.87,619837,2351,2186.57,0.01,0.0001,152459,0.014267168007791042,,
263,1772,-15.87,621838,2358,2184.48,0.01,0.0001,152959,0.004167990293353796,,
263,1776,-15.83,624169,2367,2189.78,0.01,0.0001,153542,0.015797562897205353,,
263,1780,-15.72,626474,2376,2194.1,0.01,0.0001,154118,0.008640902116894722,,
263,1784,-15.66,628855,2386,2204.93,0.01,0.0001,154713,0.017727702856063843,,
263,1788,-15.57,631075,2395,2212.48,0.01,0.0001,155268,0.012447178363800049,,
263,1792,-15.6,633338,2403,2213.92,0.01,0.0001,155834,0.012155551463365555,,
263,1796,-15.58,635774,2413,2215.73,0.01,0.0001,156443,0.015430841594934464,,
263,1800,-15.58,638042,2422,2218.15,0.01,0.0001,157010,0.01795397512614727,,
263,1804,-15.53,640469,2431,2234.57,0.01,0.0001,157617,0.025987740606069565,,
263,1808,-15.44,642790,2440,2245.25,0.01,0.0001,158197,0.014949637465178967,,
263,1812,-15.37,645429,2451,2254.55,0.01,0.0001,158857,0.015148669481277466,,
263,1816,-15.35,647594,2459,2258.7,0.01,0.0001,159398,0.01232442632317543,,
263,1820,-15.37,649909,2468,2260.65,0.01,0.0001,159977,0.019284246489405632,,
263,1824,-15.43,652316,2477,2268.56,0.01,0.0001,160578,0.021993190050125122,,
263,1828,-15.4,654613,2486,2274.17,0.01,0.0001,161153,0.016848333179950714,,
263,1832,-15.45,656739,2495,2268.11,0.01,0.0001,161684,0.006365892942994833,,
263,1836,-15.38,659436,2505,2289.82,0.01,0.0001,162358,0.01050025038421154,,
263,1840,-15.29,662059,2515,2315.6,0.01,0.0001,163014,0.011216914281249046,,
263,1844,-15.3,664196,2524,2316.73,0.01,0.0001,163548,0.010221149772405624,,
263,1848,-15.27,666243,2532,2323.55,0.01,0.0001,164060,0.018281513825058937,,
263,1852,-15.21,668904,2543,2342.44,0.01,0.0001,164725,0.009569495916366577,,
263,1856,-15.26,670993,2550,2332.96,0.01,0.0001,165248,0.0145025085657835,,
263,1860,-15.23,673222,2559,2336.56,0.01,0.0001,165805,0.008500289171934128,,
262,1864,-15.29,675388,2568,2328.31,0.01,0.0001,166346,0.00750701641663909,,
262,1868,-15.19,678096,2578,2353.15,0.01,0.0001,167023,0.008038781583309174,,
262,1872,-15.01,680872,2589,2384.27,0.01,0.0001,167717,0.025753892958164215,,
262,1876,-14.97,683221,2598,2385.3,0.01,0.0001,168305,0.011218948289752007,,
262,1880,-15.01,685612,2608,2388.83,0.01,0.0001,168902,0.006776331923902035,,
262,1884,-15.11,687810,2616,2381.87,0.01,0.0001,169452,0.024515464901924133,,
262,1888,-15.1,690177,2626,2387.62,0.01,0.0001,170044,0.006997460499405861,,
262,1892,-15.13,692567,2635,2392.54,0.01,0.0001,170641,0.00959093403071165,,
262,1896,-15.07,695033,2644,2393.69,0.01,0.0001,171258,0.014280112460255623,,
262,1900,-15.02,697495,2654,2401.52,0.01,0.0001,171873,0.025758162140846252,,
262,1904,-14.98,699831,2663,2397.76,0.01,0.0001,172457,0.03356610983610153,,
,,,700000,,,0.01,0.0001,172499,0.011663349345326424,2286.25,-15.3
259,1908,-15.06,701889,2700,2387.14,0.01,0.0001,172972,0.013577889651060104,,
259,1912,-15.06,704123,2709,2370.56,0.01,0.0001,173530,0.006200321018695831,,
259,1916,-14.94,706754,2719,2388.6,0.01,0.0001,174188,0.004609204363077879,,
259,1920,-14.96,709120,2728,2390.55,0.01,0.0001,174779,0.031175734475255013,,
259,1924,-15.0,711266,2737,2380.24,0.01,0.0001,175316,0.05504019558429718,,
259,1928,-14.93,713912,2747,2394.62,0.01,0.0001,175977,0.006648424547165632,,
259,1932,-14.89,716210,2756,2401.71,0.01,0.0001,176552,0.019010912626981735,,
259,1936,-14.83,719116,2767,2409.86,0.01,0.0001,177278,0.014215955510735512,,
259,1940,-14.88,721126,2775,2385.14,0.01,0.0001,177781,0.016183771193027496,,
259,1944,-14.83,723394,2783,2390.31,0.01,0.0001,178348,0.008631875738501549,,
259,1948,-14.61,726004,2794,2412.83,0.01,0.0001,179000,0.0181706715375185,,
259,1952,-14.54,728500,2803,2405.69,0.01,0.0001,179624,0.012093989178538322,,
259,1956,-14.48,730840,2813,2415.65,0.01,0.0001,180209,0.021947741508483887,,
259,1960,-14.38,733302,2822,2424.78,0.01,0.0001,180825,0.018620610237121582,,
259,1964,-14.18,736169,2833,2452.97,0.01,0.0001,181542,0.012665100395679474,,
259,1968,-14.25,738607,2843,2441.96,0.01,0.0001,182151,0.012525320053100586,,
259,1972,-14.2,741415,2854,2443.09,0.01,0.0001,182853,0.0156698040664196,,
259,1976,-14.09,744193,2865,2459.99,0.01,0.0001,183548,0.009327423758804798,,
259,1980,-14.16,746312,2873,2449.19,0.01,0.0001,184077,0.01007226575165987,,
259,1984,-14.08,748588,2881,2452.27,0.01,0.0001,184646,0.01407378725707531,,
259,1988,-14.08,750971,2890,2452.86,0.01,0.0001,185242,0.020923536270856857,,
259,1992,-13.96,753471,2900,2457.35,0.01,0.0001,185867,0.010279905050992966,,
259,1996,-13.89,756145,2910,2465.55,0.01,0.0001,186536,0.009158818051218987,,
259,2000,-13.95,758746,2920,2471.3,0.01,0.0001,187186,0.02637377753853798,,
259,2004,-13.86,761357,2930,2482.62,0.01,0.0001,187839,0.01146385446190834,,
259,2008,-13.78,763789,2940,2497.42,0.01,0.0001,188447,0.009548509493470192,,
259,2012,-13.73,766653,2951,2522.81,0.01,0.0001,189163,0.0344134196639061,,
259,2016,-13.73,769099,2961,2515.91,0.01,0.0001,189774,0.019189171493053436,,
259,2020,-13.65,771405,2969,2513.62,0.01,0.0001,190351,0.011081414297223091,,
259,2024,-13.41,774427,2981,2548.74,0.01,0.0001,191106,0.03721028193831444,,
259,2028,-13.33,777320,2993,2558.31,0.01,0.0001,191829,0.017047856003046036,,
259,2032,-13.17,780214,3004,2582.07,0.01,0.0001,192553,0.008493551053106785,,
259,2036,-13.08,783463,3017,2595.79,0.01,0.0001,193365,0.007012076210230589,,
259,2040,-12.85,786538,3028,2638.55,0.01,0.0001,194134,0.024433264508843422,,
259,2044,-12.84,789285,3039,2657.96,0.01,0.0001,194821,0.019725091755390167,,
259,2048,-12.73,792743,3053,2691.97,0.01,0.0001,195685,0.008568059653043747,,
259,2052,-12.72,795609,3064,2706.65,0.01,0.0001,196402,0.0158621147274971,,
259,2056,-12.75,798190,3074,2716.55,0.01,0.0001,197047,0.011437136679887772,,
,,,800000,,,0.01,0.0001,197499,0.007014656439423561,2877.15,-12.9
256,2060,-12.67,801263,3122,2741.03,0.01,0.0001,197815,0.01757453754544258,,
256,2064,-12.74,804193,3135,2743.29,0.01,0.0001,198548,0.016999706625938416,,
256,2068,-12.7,806798,3147,2749.98,0.01,0.0001,199199,0.018988605588674545,,
256,2072,-12.8,809524,3159,2746.87,0.01,0.0001,199880,0.050310924649238586,,
256,2076,-12.87,812202,3172,2743.02,0.01,0.0001,200550,0.016628054901957512,,
256,2080,-12.71,815255,3184,2780.33,0.01,0.0001,201313,0.0043257372453808784,,
256,2084,-12.62,818010,3194,2799.37,0.01,0.0001,202002,0.01807563006877899,,
255,2088,-12.4,821427,3210,2841.01,0.01,0.0001,202856,0.006680420599877834,,
255,2092,-12.42,824238,3222,2853.53,0.01,0.0001,203559,0.015742821618914604,,
255,2096,-12.6,826796,3233,2848.88,0.01,0.0001,204198,0.013681904412806034,,
255,2100,-12.55,829234,3243,2842.68,0.01,0.0001,204808,0.010957205668091774,,
255,2104,-12.58,831982,3256,2847.85,0.01,0.0001,205495,0.01099652424454689,,
255,2108,-12.37,835447,3271,2889.21,0.01,0.0001,206361,0.039804860949516296,,
255,2112,-12.38,838375,3283,2891.38,0.01,0.0001,207093,0.017616527155041695,,
255,2116,-12.39,841336,3296,2912.19,0.01,0.0001,207833,0.00688483752310276,,
255,2120,-12.3,844157,3307,2932.61,0.01,0.0001,208539,0.01452196016907692,,
255,2124,-12.27,847278,3321,2936.61,0.01,0.0001,209319,0.003381670918315649,,
254,2128,-12.25,850441,3335,2947.5,0.01,0.0001,210110,0.013979927636682987,,
254,2132,-12.29,853042,3346,2935.88,0.01,0.0001,210760,0.00897054560482502,,
254,2136,-12.32,855976,3360,2923.22,0.01,0.0001,211493,0.009510010480880737,,
254,2140,-12.59,857997,3369,2881.0,0.01,0.0001,211999,0.012904524803161621,,
254,2144,-12.49,861043,3382,2892.82,0.01,0.0001,212760,0.02309281751513481,,
254,2148,-12.49,864301,3396,2884.68,0.01,0.0001,213575,0.008241787552833557,,
254,2152,-12.51,867025,3408,2879.1,0.01,0.0001,214256,0.026065418496727943,,
254,2156,-12.35,870082,3421,2897.8,0.01,0.0001,215020,0.01809954270720482,,
254,2160,-12.27,873229,3433,2900.87,0.01,0.0001,215807,0.02154770866036415,,
254,2164,-12.22,876309,3445,2906.88,0.01,0.0001,216577,0.008529769256711006,,
254,2168,-12.27,878700,3453,2898.26,0.01,0.0001,217174,0.017428137362003326,,
254,2172,-12.23,881440,3464,2898.99,0.01,0.0001,217859,0.01729312166571617,,
254,2176,-12.14,884204,3476,2902.41,0.01,0.0001,218550,0.010227102786302567,,
254,2180,-12.22,886644,3485,2878.03,0.01,0.0001,219160,0.007369204889982939,,
254,2184,-12.13,889747,3498,2892.07,0.01,0.0001,219936,0.02029387652873993,,
254,2188,-12.32,892223,3508,2854.58,0.01,0.0001,220555,0.013724364340305328,,
254,2192,-12.25,895230,3521,2862.17,0.01,0.0001,221307,0.018700573593378067,,
254,2196,-12.15,897909,3533,2866.93,0.01,0.0001,221977,0.00917394831776619,,
,,,900000,,,0.01,0.0001,222499,0.0055436547845602036,2854.85,-12.5
251,2200,-11.94,901088,3581,2896.36,0.01,0.0001,222771,0.009210695512592793,,
251,2204,-11.99,903653,3592,2889.07,0.01,0.0001,223413,0.03217440843582153,,
251,2208,-12.16,906327,3604,2857.18,0.01,0.0001,224081,0.010253146290779114,,
251,2212,-12.1,909252,3616,2857.3,0.01,0.0001,224812,0.014089837670326233,,
251,2216,-11.98,912144,3627,2854.13,0.01,0.0001,225535,0.00821597408503294,,
251,2220,-12.04,914775,3639,2846.63,0.01,0.0001,226193,0.007180559448897839,,
251,2224,-12.14,917747,3652,2840.43,0.01,0.0001,226936,0.00818895548582077,,
251,2228,-12.27,920629,3665,2828.98,0.01,0.0001,227657,0.007223138585686684,,
251,2232,-12.31,923276,3676,2830.84,0.01,0.0001,228318,0.0234297476708889,,
250,2236,-12.26,926589,3692,2846.17,0.01,0.0001,229147,0.017542768269777298,,
250,2240,-11.95,929801,3705,2893.94,0.01,0.0001,229950,0.004507127217948437,,
250,2244,-11.7,933407,3721,2916.66,0.01,0.0001,230851,0.013030992820858955,,
250,2248,-11.8,936620,3734,2914.73,0.01,0.0001,231654,0.01559442188590765,,
250,2252,-11.74,939661,3747,2927.49,0.01,0.0001,232415,0.008767491206526756,,
250,2256,-11.73,942914,3761,2935.27,0.01,0.0001,233228,0.029619663953781128,,
250,2260,-11.85,945971,3772,2931.79,0.01,0.0001,233992,0.007160636596381664,,
250,2264,-11.8,949283,3785,2941.72,0.01,0.0001,234820,0.017344404011964798,,
250,2268,-11.63,952194,3798,2962.63,0.01,0.0001,235548,0.01705222576856613,,
250,2272,-11.5,955334,3811,2978.53,0.01,0.0001,236333,0.00735900504514575,,
250,2276,-11.55,958116,3823,2979.42,0.01,0.0001,237028,0.02089373953640461,,
250,2280,-11.49,960950,3834,2995.23,0.01,0.0001,237737,0.029613599181175232,,
250,2284,-11.5,964185,3848,3000.52,0.01,0.0001,238546,0.009853130206465721,,
250,2288,-11.46,967115,3860,3018.33,0.01,0.0001,239278,0.01998283714056015,,
250,2292,-11.51,970158,3874,3019.76,0.01,0.0001,240039,0.005409263540059328,,
250,2296,-11.47,972865,3884,3020.71,0.01,0.0001,240716,0.014161715283989906,,
250,2300,-11.55,975746,3897,3008.88,0.01,0.0001,241436,0.009875640273094177,,
250,2304,-11.49,978379,3909,3011.67,0.01,0.0001,242094,0.006991899106651545,,
250,2308,-11.38,981574,3922,3032.65,0.01,0.0001,242893,0.007419951260089874,,
250,2312,-11.42,984199,3933,3020.97,0.01,0.0001,243549,0.008559735491871834,,
250,2316,-11.3,987536,3946,3039.0,0.01,0.0001,244383,0.020571868866682053,,
250,2320,-11.16,990713,3960,3060.8,0.01,0.0001,245178,0.004599141888320446,,
250,2324,-11.12,993647,3971,3059.36,0.01,0.0001,245911,0.004238894209265709,,
250,2328,-11.01,996780,3984,3069.58,0.01,0.0001,246694,0.005322583951056004,,
250,2332,-10.95,999369,3996,3067.17,0.01,0.0001,247342,0.011710128746926785,,
,,,1000000,,,0.01,0.0001,247499,0.021958794444799423,3191.1,-10.15
247,2336,-11.02,1002431,4048,3057.06,0.01,0.0001,248107,0.01984989270567894,,
247,2340,-11.09,1005435,4061,3048.31,0.01,0.0001,248858,0.02390896901488304,,
247,2344,-11.42,1008191,4072,3014.08,0.01,0.0001,249547,0.018979661166667938,,
247,2348,-11.37,1011492,4085,3017.63,0.01,0.0001,250372,0.014463551342487335,,
247,2352,-11.49,1014386,4096,3011.88,0.01,0.0001,251096,0.009978797286748886,,
247,2356,-11.53,1017483,4111,3005.98,0.01,0.0001,251870,0.01936228759586811,,
247,2360,-11.5,1020592,4124,3007.72,0.01,0.0001,252647,0.007460856810212135,,
247,2364,-11.63,1023456,4136,2989.59,0.01,0.0001,253363,0.011823883280158043,,
247,2368,-11.64,1026404,4149,2990.73,0.01,0.0001,254100,0.009329267777502537,,
247,2372,-11.7,1029554,4162,2991.14,0.01,0.0001,254888,0.007484511472284794,,
247,2376,-11.68,1032614,4175,3001.76,0.01,0.0001,255653,0.010105887427926064,,
247,2380,-11.49,1036151,4190,3029.56,0.01,0.0001,256537,0.008061176165938377,,
247,2384,-11.52,1039012,4202,3014.6,0.01,0.0001,257252,0.004987633787095547,,
247,2388,-11.49,1042141,4217,3022.95,0.01,0.0001,258035,0.005741654429584742,,
247,2392,-11.42,1045327,4230,3028.98,0.01,0.0001,258831,0.020075403153896332,,
247,2396,-11.52,1048105,4242,3032.04,0.01,0.0001,259526,0.017164450138807297,,
247,2400,-11.58,1050816,4254,3025.13,0.01,0.0001,260203,0.0059461770579218864,,
246,2404,-11.56,1053641,4266,3032.58,0.01,0.0001,260910,0.012545334175229073,,
246,2408,-11.64,1056581,4279,3022.58,0.01,0.0001,261645,0.008935474790632725,,
246,2412,-11.64,1059427,4291,3031.12,0.01,0.0001,262356,0.015038039535284042,,
246,2416,-11.69,1062907,4305,3036.74,0.01,0.0001,263226,0.01112107653170824,,
246,2420,-11.68,1065968,4318,3032.15,0.01,0.0001,263991,0.01236224640160799,,
246,2424,-11.61,1069255,4332,3046.25,0.01,0.0001,264813,0.014399911276996136,,
246,2428,-11.66,1072180,4344,3037.9,0.01,0.0001,265544,0.012897763401269913,,
246,2432,-11.59,1075477,4358,3066.44,0.01,0.0001,266369,0.030131446197628975,,
246,2436,-11.69,1078155,4370,3051.06,0.01,0.0001,267038,0.006669860798865557,,
246,2440,-11.7,1081206,4382,3053.26,0.01,0.0001,267801,0.016416355967521667,,
246,2444,-11.65,1084063,4392,3057.02,0.01,0.0001,268515,0.033986642956733704,,
246,2448,-11.72,1086881,4404,3037.93,0.01,0.0001,269220,0.012524322606623173,,
246,2452,-11.67,1089782,4416,3038.07,0.01,0.0001,269945,0.015378070995211601,,
246,2456,-11.78,1092350,4426,3016.93,0.01,0.0001,270587,0.007296476047486067,,
246,2460,-11.73,1095663,4439,3025.3,0.01,0.0001,271415,0.014909734018146992,,
246,2464,-11.65,1099053,4453,3046.23,0.01,0.0001,272263,0.01078113541007042,,
,,,1100000,,,0.01,0.0001,272499,0.005855831317603588,3303.6,-9.75
244,2468,-11.6,1102260,4501,3057.03,0.01,0.0001,273064,0.0266830213367939,,
244,2472,-11.53,1105501,4514,3060.77,0.01,0.0001,273875,0.005943188443779945,,
244,2476,-11.5,1108518,4527,3059.38,0.01,0.0001,274629,0.00719220656901598,,
244,2480,-11.52,1111801,4540,3049.73,0.01,0.0001,275450,0.012090438045561314,,
244,2484,-11.38,1115443,4555,3080.65,0.01,0.0001,276360,0.002923773368820548,,
244,2488,-11.4,1118216,4565,3066.24,0.01,0.0001,277053,0.008510742336511612,,
244,2492,-11.41,1121019,4576,3050.64,0.01,0.0001,277754,0.011590540409088135,,
244,2496,-11.29,1123943,4589,3056.5,0.01,0.0001,278485,0.011315297335386276,,
244,2500,-11.23,1127132,4603,3075.58,0.01,0.0001,279282,0.012093299999833107,,
244,2504,-11.04,1130663,4618,3103.7,0.01,0.0001,280165,0.008262332528829575,,
244,2508,-11.03,1133601,4631,3103.79,0.01,0.0001,280900,0.01903710328042507,,
244,2512,-11.06,1136287,4643,3097.42,0.01,0.0001,281571,0.011157570406794548,,
244,2516,-11.22,1139045,4655,3068.65,0.01,0.0001,282261,0.013970144093036652,,
244,2520,-11.3,1141887,4667,3059.94,0.01,0.0001,282971,0.02553006447851658,,
244,2524,-11.37,1144839,4680,3046.71,0.01,0.0001,283709,0.004946938715875149,,
244,2528,-11.36,1147825,4693,3049.1,0.01,0.0001,284456,0.011624585837125778,,
244,2532,-11.49,1150473,4704,3022.86,0.01,0.0001,285118,0.02778124436736107,,
244,2536,-11.31,1153547,4718,3039.05,0.01,0.0001,285886,0.015557711943984032,,
244,2540,-11.16,1157065,4732,3057.54,0.01,0.0001,286766,0.01658514514565468,,
244,2544,-11.15,1159973,4744,3059.8,0.01,0.0001,287493,0.008060452528297901,,
244,2548,-11.08,1163438,4760,3085.59,0.01,0.0001,288359,0.01583712175488472,,
244,2552,-10.95,1166618,4772,3096.58,0.01,0.0001,289154,0.037374403327703476,,
244,2556,-10.76,1169832,4785,3122.47,0.01,0.0001,289957,0.023436060175299644,,
244,2560,-10.91,1172592,4798,3100.02,0.01,0.0001,290647,0.00774932187050581,,
244,2564,-10.94,1175543,4810,3082.55,0.01,0.0001,291385,0.013295760378241539,,
244,2568,-10.9,1178777,4823,3083.58,0.01,0.0001,292194,0.02456597611308098,,
244,2572,-11.01,1181847,4835,3076.7,0.01,0.0001,292961,0.009559134021401405,,
244,2576,-11.0,1185068,4847,3084.36,0.01,0.0001,293766,0.011179031804203987,,
244,2580,-11.03,1188491,4863,3089.68,0.01,0.0001,294622,0.006127901375293732,,
244,2584,-11.16,1191643,4875,3070.1,0.01,0.0001,295410,0.010133055970072746,,
244,2588,-11.22,1194501,4888,3073.45,0.01,0.0001,296125,0.02618177980184555,,
244,2592,-11.24,1197468,4901,3079.71,0.01,0.0001,296866,0.00463645625859499,,
,,,1200000,,,0.01,0.0001,297499,0.019861705601215363,3026.35,-11.95
242,2596,-11.29,1200340,4951,3077.42,0.01,0.0001,297584,0.0137795964255929,,
242,2600,-11.19,1203797,4966,3088.22,0.01,0.0001,298449,0.008981488645076752,,
242,2604,-11.25,1206894,4978,3071.08,0.01,0.0001,299223,0.009249955415725708,,
242,2608,-11.15,1210013,4991,3077.87,0.01,0.0001,300003,0.009702824056148529,,
242,2612,-10.95,1213725,5007,3118.88,0.01,0.0001,300931,0.005130391102284193,,
242,2616,-10.86,1216930,5020,3136.56,0.01,0.0001,301732,0.013523336499929428,,
242,2620,-10.81,1219987,5032,3145.37,0.01,0.0001,302496,0.0052746678702533245,,
242,2624,-10.74,1223427,5047,3165.27,0.01,0.0001,303356,0.018252773210406303,,
242,2628,-10.83,1225947,5058,3146.88,0.01,0.0001,303986,0.019621605053544044,,
242,2632,-10.61,1229730,5075,3192.14,0.01,0.0001,304932,0.01068594679236412,,
242,2636,-10.76,1232439,5086,3177.38,0.01,0.0001,305609,0.006319898646324873,,
242,2640,-10.93,1235220,5099,3148.29,0.01,0.0001,306304,0.02715756557881832,,
242,2644,-10.85,1238505,5113,3163.47,0.01,0.0001,307126,0.016527872532606125,,
242,2648,-10.99,1241346,5126,3138.28,0.01,0.0001,307836,0.012080131098628044,,
242,2652,-10.94,1244919,5142,3154.48,0.01,0.0001,308729,0.019989171996712685,,
242,2656,-10.91,1248375,5155,3163.94,0.01,0.0001,309593,0.017427287995815277,,
242,2660,-10.69,1251646,5168,3184.8,0.01,0.0001,310411,0.03516402840614319,,
242,2664,-10.77,1254713,5181,3189.39,0.01,0.0001,311178,0.004079459235072136,,
242,2668,-10.84,1258055,5196,3193.45,0.01,0.0001,312013,0.011504851281642914,,
242,2672,-10.87,1261122,5210,3193.24,0.01,0.0001,312780,0.0293002687394619,,
241,2676,-10.94,1264326,5224,3193.01,0.01,0.0001,313581,0.01407034881412983,,
241,2680,-11.12,1267032,5236,3164.21,0.01,0.0001,314257,0.006231388077139854,,
241,2684,-11.02,1270648,5252,3183.07,0.01,0.0001,315161,0.0073127420619130135,,
241,2688,-10.87,1274019,5266,3203.19,0.01,0.0001,316004,0.020914588123559952,,
241,2692,-10.71,1278117,5283,3248.82,0.01,0.0001,317029,0.05827828496694565,,
241,2696,-10.65,1281276,5297,3260.42,0.01,0.0001,317818,0.008036520332098007,,
241,2700,-10.74,1284606,5311,3255.03,0.01,0.0001,318651,0.005106611177325249,,
241,2704,-10.91,1287579,5323,3250.16,0.01,0.0001,319394,0.014975140802562237,,
241,2708,-11.01,1290603,5335,3246.5,0.01,0.0001,320150,0.006952699739485979,,
241,2712,-11.16,1293611,5348,3218.38,0.01,0.0001,320902,0.024135297164320946,,
241,2716,-11.21,1296719,5362,3214.49,0.01,0.0001,321679,0.006627107039093971,,
,,,1300000,,,0.01,0.0001,322499,0.014321234077215195,3377.45,-10.15
240,2720,-11.28,1300080,5415,3226.25,0.01,0.0001,322519,0.011748509481549263,,
239,2724,-11.22,1303953,5433,3243.12,0.01,0.0001,323488,0.006545521318912506,,
239,2728,-11.07,1307213,5446,3272.37,0.01,0.0001,324303,0.02211320400238037,,
239,2732,-11.14,1310624,5461,3257.73,0.01,0.0001,325155,0.032526981085538864,,
240,2736,-11.12,1313634,5473,3269.41,0.01,0.0001,325908,0.017845269292593002,,
240,2740,-11.11,1316821,5485,3285.37,0.01,0.0001,326705,0.006111807655543089,,
240,2744,-11.06,1320382,5500,3296.2,0.01,0.0001,327595,0.0047421944327652454,,
240,2748,-10.82,1324391,5516,3342.89,0.01,0.0001,328597,0.01657722145318985,,
240,2752,-10.8,1328080,5531,3347.27,0.01,0.0001,329519,0.010274957865476608,,
240,2756,-10.79,1331460,5545,3344.36,0.01,0.0001,330364,0.01921853981912136,,
240,2760,-10.66,1335271,5561,3366.18,0.01,0.0001,331317,0.009604878723621368,,
240,2764,-10.59,1338617,5575,3377.31,0.01,0.0001,332154,0.00427212892100215,,
240,2768,-10.62,1341735,5590,3368.39,0.01,0.0001,332933,0.0055164252407848835,,
240,2772,-10.52,1345057,5604,3378.51,0.01,0.0001,333764,0.012358129024505615,,
239,2776,-10.25,1348875,5620,3402.94,0.01,0.0001,334718,0.009649146348237991,,
240,2780,-10.01,1352748,5635,3449.84,0.01,0.0001,335686,0.037598639726638794,,
240,2784,-9.94,1356726,5652,3464.14,0.01,0.0001,336681,0.020002122968435287,,
239,2788,-10.01,1360006,5667,3460.49,0.01,0.0001,337501,0.013309242203831673,,
240,2792,-10.12,1363367,5680,3431.05,0.01,0.0001,338341,0.045619089156389236,,
239,2796,-10.12,1366691,5695,3437.66,0.01,0.0001,339172,0.004862955305725336,,
240,2800,-10.11,1369908,5707,3432.94,0.01,0.0001,339976,0.003828180953860283,,
240,2804,-10.01,1373486,5721,3456.84,0.01,0.0001,340871,0.015485644340515137,,
240,2808,-9.99,1376588,5734,3460.15,0.01,0.0001,341646,0.06341147422790527,,
240,2812,-9.76,1380728,5752,3505.34,0.01,0.0001,342681,0.02429371327161789,,
239,2816,-9.5,1384902,5770,3547.97,0.01,0.0001,343725,0.014939019456505775,,
239,2820,-9.51,1388097,5783,3541.44,0.01,0.0001,344524,0.013745204545557499,,
239,2824,-9.52,1391687,5800,3530.08,0.01,0.0001,345421,0.004506167024374008,,
239,2828,-9.43,1395306,5815,3544.49,0.01,0.0001,346326,0.006069905590265989,,
239,2832,-9.35,1399047,5831,3557.51,0.01,0.0001,347261,0.009477727115154266,,
,,,1400000,,,0.01,0.0001,347499,0.013103628531098366,3472.15,-10.6
238,2836,-9.09,1403259,5892,3605.99,0.01,0.0001,348314,0.00459532905369997,,
238,2840,-8.99,1406937,5908,3625.59,0.01,0.0001,349234,0.0327761173248291,,
238,2844,-8.94,1410866,5925,3640.22,0.01,0.0001,350216,0.0062537165358662605,,
238,2848,-9.01,1414371,5940,3620.56,0.01,0.0001,351092,0.007989149540662766,,
238,2852,-9.03,1418145,5956,3623.96,0.01,0.0001,352036,0.035162366926670074,,
238,2856,-9.1,1421674,5970,3629.62,0.01,0.0001,352918,0.011806990951299667,,
238,2860,-9.29,1425324,5986,3622.86,0.01,0.0001,353830,0.012166650965809822,,
238,2864,-9.3,1428790,6001,3627.49,0.01,0.0001,354697,0.01824304088950157,,
238,2868,-9.26,1432081,6015,3634.55,0.01,0.0001,355520,0.009761644527316093,,
238,2872,-9.26,1435802,6031,3650.69,0.01,0.0001,356450,0.017374221235513687,,
238,2876,-9.46,1439209,6045,3633.99,0.01,0.0001,357302,0.008171571418642998,,
238,2880,-9.36,1443294,6061,3642.26,0.01,0.0001,358323,0.01032756082713604,,
238,2884,-9.55,1446608,6074,3615.68,0.01,0.0001,359151,0.032798923552036285,,
238,2888,-9.46,1450044,6089,3622.09,0.01,0.0001,360010,0.05174071341753006,,
238,2892,-9.41,1453285,6102,3616.99,0.01,0.0001,360821,0.010302098467946053,,
238,2896,-9.36,1457115,6119,3637.06,0.01,0.0001,361778,0.004970044828951359,,
238,2900,-9.31,1460741,6134,3654.25,0.01,0.0001,362685,0.00688247662037611,,
238,2904,-9.3,1464225,6149,3650.61,0.01,0.0001,363556,0.007290080189704895,,
238,2908,-9.34,1467665,6164,3663.89,0.01,0.0001,364416,0.02444346621632576,,
238,2912,-9.3,1472012,6181,3672.13,0.01,0.0001,365502,0.015290344133973122,,
238,2916,-9.37,1475897,6196,3660.72,0.01,0.0001,366474,0.014214877039194107,,
238,2920,-9.23,1479555,6207,3679.25,0.01,0.0001,367388,0.03221171721816063,,
238,2924,-9.3,1483197,6222,3681.26,0.01,0.0001,368299,0.012649189680814743,,
238,2928,-9.47,1486454,6235,3667.05,0.01,0.0001,369113,0.03523213416337967,,
238,2932,-9.58,1490054,6250,3661.61,0.01,0.0001,370013,0.012895398773252964,,
238,2936,-9.57,1493513,6264,3631.26,0.01,0.0001,370878,0.01683373562991619,,
238,2940,-9.57,1497351,6280,3637.64,0.01,0.0001,371837,0.0035865334793925285,,
,,,1500000,,,0.01,0.0001,372499,0.028042785823345184,3911.75,-8.4
236,2944,-9.64,1500770,6341,3617.28,0.01,0.0001,372692,0.006619882304221392,,
236,2948,-9.48,1505203,6359,3654.03,0.01,0.0001,373800,0.006490163505077362,,
236,2952,-9.73,1507992,6369,3614.64,0.01,0.0001,374497,0.005170310847461224,,
236,2956,-9.69,1511543,6384,3615.93,0.01,0.0001,375385,0.009662190452218056,,
236,2960,-9.76,1514836,6398,3601.65,0.01,0.0001,376208,0.0057264091446995735,,
236,2964,-9.73,1518353,6413,3603.79,0.01,0.0001,377088,0.007731522899121046,,
236,2968,-9.71,1521769,6428,3609.01,0.01,0.0001,377942,0.006892568431794643,,
236,2972,-9.65,1525717,6445,3617.68,0.01,0.0001,378929,0.008093324489891529,,
236,2976,-9.51,1529865,6463,3647.64,0.01,0.0001,379966,0.012065641582012177,,
236,2980,-9.78,1533197,6476,3617.58,0.01,0.0001,380799,0.008670203387737274,,
236,2984,-9.55,1537215,6493,3646.05,0.01,0.0001,381803,0.024178363382816315,,
236,2988,-9.55,1540783,6509,3651.35,0.01,0.0001,382695,0.007365391589701176,,
236,2992,-9.53,1544419,6524,3667.62,0.01,0.0001,383604,0.02665068209171295,,
236,2996,-9.57,1547841,6536,3651.49,0.01,0.0001,384460,0.008034132421016693,,
236,3000,-9.54,1551566,6552,3655.01,0.01,0.0001,385391,0.011346343904733658,,
236,3004,-9.6,1554652,6565,3639.37,0.01,0.0001,386162,0.022110797464847565,,
236,3008,-9.48,1558369,6581,3650.14,0.01,0.0001,387092,0.004098881967365742,,
236,3012,-9.69,1561851,6596,3615.62,0.01,0.0001,387962,0.00733882375061512,,
236,3016,-9.81,1565502,6611,3606.23,0.01,0.0001,388875,0.005638496950268745,,
236,3020,-9.82,1569015,6626,3600.26,0.01,0.0001,389753,0.014891637489199638,,
236,3024,-9.79,1572529,6641,3595.47,0.01,0.0001,390632,0.01634260080754757,,
236,3028,-9.63,1576378,6656,3619.32,0.01,0.0001,391594,0.04716230183839798,,
236,3032,-9.84,1579164,6668,3586.79,0.01,0.0001,392290,0.004696018993854523,,
236,3036,-9.89,1582989,6683,3601.86,0.01,0.0001,393247,0.01303877029567957,,
236,3040,-9.88,1586833,6697,3602.3,0.01,0.0001,394208,0.003351538674905896,,
236,3044,-9.94,1590252,6712,3602.64,0.01,0.0001,395062,0.006016452796757221,,
236,3048,-9.92,1594387,6729,3590.64,0.01,0.0001,396096,0.007640273310244083,,
236,3052,-9.67,1598124,6746,3628.54,0.01,0.0001,397030,0.009689955972135067,,
,,,1600000,,,0.01,0.0001,397499,0.013615433126688004,3933.9,-7.4
235,3056,-9.86,1600816,6803,3594.09,0.01,0.0001,397703,0.007075184024870396,,
235,3060,-9.81,1604586,6820,3612.93,0.01,0.0001,398646,0.007042726967483759,,
235,3064,-9.8,1607714,6834,3597.62,0.01,0.0001,399428,0.013283085078001022,,
235,3068,-9.73,1611187,6848,3599.52,0.01,0.0001,400296,0.009151924401521683,,
235,3072,-9.73,1614752,6862,3584.58,0.01,0.0001,401187,0.007056522183120251,,
235,3076,-9.7,1618672,6878,3575.49,0.01,0.0001,402167,0.0119855348020792,,
235,3080,-9.58,1622377,6894,3590.7,0.01,0.0001,403094,0.022745640948414803,,
235,3084,-9.79,1626113,6910,3579.33,0.01,0.0001,404028,0.00970330648124218,,
235,3088,-9.82,1629735,6925,3581.84,0.01,0.0001,404933,0.007483171299099922,,
235,3092,-9.87,1633173,6939,3573.46,0.01,0.0001,405793,0.006710337940603495,,
235,3096,-9.84,1636791,6953,3581.28,0.01,0.0001,406697,0.007008104585111141,,
235,3100,-9.85,1640256,6967,3570.98,0.01,0.0001,407563,0.006588062271475792,,
235,3104,-9.79,1643762,6981,3587.55,0.01,0.0001,408440,0.007316624280065298,,
235,3108,-9.8,1647199,6994,3576.96,0.01,0.0001,409299,0.006575143896043301,,
235,3112,-9.7,1651257,7009,3600.33,0.01,0.0001,410314,0.01725275069475174,,
235,3116,-9.53,1655004,7026,3604.21,0.01,0.0001,411250,0.020826425403356552,,
235,3120,-9.42,1658973,7044,3622.76,0.01,0.0001,412243,0.027896182611584663,,
235,3124,-9.37,1662591,7059,3626.86,0.01,0.0001,413147,0.015287953428924084,,
235,3128,-9.38,1666289,7075,3620.66,0.01,0.0001,414072,0.00435580313205719,,
235,3132,-9.02,1670137,7091,3663.11,0.01,0.0001,415034,0.01140588615089655,,
235,3136,-9.17,1673381,7105,3639.87,0.01,0.0001,415845,0.010364360176026821,,
235,3140,-9.31,1676581,7118,3613.99,0.01,0.0001,416645,0.007109109312295914,,
235,3144,-9.21,1680151,7133,3619.88,0.01,0.0001,417537,0.005397570785135031,,
235,3148,-9.38,1683394,7146,3584.21,0.01,0.0001,418348,0.008957333862781525,,
235,3152,-9.44,1686913,7161,3575.76,0.01,0.0001,419228,0.004452957771718502,,
235,3156,-9.39,1690278,7175,3602.62,0.01,0.0001,420069,0.007382948882877827,,
235,3160,-9.31,1693976,7190,3599.88,0.01,0.0001,420993,0.025043629109859467,,
235,3164,-9.27,1697634,7206,3620.58,0.01,0.0001,421908,0.013947096653282642,,
,,,1700000,,,0.01,0.0001,422499,0.008331291377544403,3429.2,-9.55
234,3168,-9.21,1701610,7265,3640.62,0.01,0.0001,422902,0.004997125826776028,,
234,3172,-9.07,1705787,7284,3664.92,0.01,0.0001,423946,0.011026153340935707,,
234,3176,-9.11,1709420,7300,3653.35,0.01,0.0001,424854,0.005902739241719246,,
234,3180,-9.11,1713282,7317,3659.31,0.01,0.0001,425820,0.0329778678715229,,
234,3184,-9.03,1717004,7334,3658.74,0.01,0.0001,426750,0.005846165120601654,,
234,3188,-9.13,1720051,7347,3635.33,0.01,0.0001,427512,0.008277606219053268,,
234,3192,-9.07,1723940,7362,3653.65,0.01,0.0001,428484,0.00927826575934887,,
234,3196,-8.94,1727861,7379,3665.8,0.01,0.0001,429465,0.037836525589227676,,
234,3200,-8.92,1731556,7395,3675.17,0.01,0.0001,430388,0.02370958961546421,,
234,3204,-8.88,1735421,7411,3689.79,0.01,0.0001,431355,0.011386094614863396,,
234,3208,-8.74,1739459,7429,3713.42,0.01,0.0001,432364,0.004386439919471741,,
234,3212,-8.69,1743127,7444,3697.52,0.01,0.0001,433281,0.005535758566111326,,
234,3216,-8.82,1746564,7458,3684.89,0.01,0.0001,434140,0.008058514446020126,,
234,3220,-8.95,1750340,7471,3677.07,0.01,0.0001,435084,0.008191639557480812,,
234,3224,-8.92,1754287,7488,3690.16,0.01,0.0001,436071,0.01817231811583042,,
234,3228,-8.99,1757764,7503,3681.26,0.01,0.0001,436940,0.008460578508675098,,
234,3232,-9.06,1761537,7520,3677.99,0.01,0.0001,437884,0.006212042178958654,,
234,3236,-8.82,1765728,7537,3715.53,0.01,0.0001,438931,0.011369189247488976,,
234,3240,-8.59,1769767,7554,3749.12,0.01,0.0001,439941,0.015843570232391357,,
234,3244,-8.41,1773931,7571,3772.77,0.01,0.0001,440982,0.009275720454752445,,
234,3248,-8.25,1777967,7589,3804.62,0.01,0.0001,441991,0.0096158217638731,,
234,3252,-8.15,1781859,7607,3819.32,0.01,0.0001,442964,0.011441867798566818,,
234,3256,-7.95,1785299,7619,3822.29,0.01,0.0001,443824,0.008640170097351074,,
234,3260,-7.88,1788978,7633,3821.6,0.01,0.0001,444744,0.013631627894937992,,
234,3264,-7.8,1792501,7648,3816.49,0.01,0.0001,445625,0.015076734125614166,,
234,3268,-7.93,1795946,7663,3795.12,0.01,0.0001,446486,0.008442751131951809,,
234,3272,-7.93,1799465,7678,3768.97,0.01,0.0001,447366,0.01600516028702259,,
,,,1800000,,,0.01,0.0001,447499,0.022507933899760246,3805.15,-7.8
232,3276,-8.02,1802818,7739,3757.78,0.01,0.0001,448204,0.011449499055743217,,
232,3280,-7.97,1806568,7755,3753.58,0.01,0.0001,449141,0.008639048784971237,,
232,3284,-7.98,1810384,7771,3756.94,0.01,0.0001,450095,0.008609752170741558,,
232,3288,-7.8,1813980,7786,3779.24,0.01,0.0001,450994,0.012132447212934494,,
233,3292,-7.76,1817866,7801,3778.79,0.01,0.0001,451966,0.010528155602514744,,
233,3296,-7.64,1822088,7818,3790.91,0.01,0.0001,453021,0.015486333519220352,,
233,3300,-7.76,1825087,7831,3762.77,0.01,0.0001,453771,0.007800033316016197,,
233,3304,-7.7,1828986,7848,3764.05,0.01,0.0001,454746,0.016912393271923065,,
233,3308,-7.75,1832728,7864,3752.48,0.01,0.0001,455681,0.03329165279865265,,
233,3312,-7.89,1836485,7880,3756.24,0.01,0.0001,456621,0.03169694542884827,,
233,3316,-7.82,1840471,7897,3778.01,0.01,0.0001,457617,0.009683805517852306,,
233,3320,-7.76,1843921,7913,3764.96,0.01,0.0001,458480,0.015002263709902763,,
233,3324,-7.65,1848592,7932,3793.86,0.01,0.0001,459647,0.005163886118680239,,
233,3328,-7.58,1852419,7946,3807.92,0.01,0.0001,460604,0.004491977393627167,,
233,3332,-7.51,1856317,7964,3812.96,0.01,0.0001,461579,0.0033839920070022345,,
233,3336,-7.59,1860456,7982,3811.07,0.01,0.0001,462613,0.015800654888153076,,
233,3340,-7.59,1864337,7999,3804.39,0.01,0.0001,463584,0.011301267892122269,,
233,3344,-7.74,1868229,8016,3793.44,0.01,0.0001,464557,0.05124765262007713,,
233,3348,-7.68,1872393,8034,3798.57,0.01,0.0001,465598,0.009653275832533836,,
233,3352,-7.82,1875990,8049,3786.68,0.01,0.0001,466497,0.006140969693660736,,
233,3356,-7.84,1879533,8063,3790.71,0.01,0.0001,467383,0.017535533756017685,,
233,3360,-7.89,1883486,8081,3801.57,0.01,0.0001,468371,0.014266242273151875,,
233,3364,-7.73,1887391,8098,3816.79,0.01,0.0001,469347,0.01430068165063858,,
233,3368,-7.57,1891253,8113,3833.64,0.01,0.0001,470313,0.006860729306936264,,
233,3372,-7.68,1895051,8129,3844.55,0.01,0.0001,471262,0.006556384265422821,,
233,3376,-7.53,1898988,8145,3867.89,0.01,0.0001,472246,0.009627863764762878,,
,,,1900000,,,0.01,0.0001,472499,0.04298083484172821,3983.9,-7.05
231,3380,-7.64,1902646,8210,3863.95,0.01,0.0001,473161,0.014230091124773026,,
231,3384,-7.74,1905904,8225,3841.69,0.01,0.0001,473975,0.03024434670805931,,
231,3388,-7.72,1909722,8241,3850.46,0.01,0.0001,474930,0.008631542325019836,,
231,3392,-7.65,1913479,8256,3845.34,0.01,0.0001,475869,0.005795234814286232,,
231,3396,-7.86,1917078,8271,3820.41,0.01,0.0001,476769,0.007862813770771027,,
231,3400,-7.84,1920574,8285,3840.65,0.01,0.0001,477643,0.010203560814261436,,
231,3404,-7.82,1924454,8299,3839.81,0.01,0.0001,478613,0.007542910519987345,,
231,3408,-7.87,1928177,8315,3838.74,0.01,0.0001,479544,0.015709973871707916,,
231,3412,-7.68,1932038,8332,3842.7,0.01,0.0001,480509,0.007195356767624617,,
231,3416,-7.69,1936021,8348,3843.07,0.01,0.0001,481505,0.009197894483804703,,
231,3420,-7.57,1939616,8362,3848.58,0.01,0.0001,482403,0.006835865788161755,,
231,3424,-7.61,1943664,8378,3823.61,0.01,0.0001,483415,0.010133135132491589,,
231,3428,-7.61,1947441,8394,3821.3,0.01,0.0001,484360,0.03139762952923775,,
232,3432,-7.64,1951169,8410,3814.5,0.01,0.0001,485292,0.006709314417093992,,
232,3436,-7.69,1954641,8425,3787.74,0.01,0.0001,486160,0.007594897411763668,,
231,3440,-7.72,1958386,8441,3782.6,0.01,0.0001,487096,0.004746744409203529,,
231,3444,-7.79,1961860,8457,3766.29,0.01,0.0001,487964,0.00699010631069541,,
231,3448,-7.94,1965638,8473,3751.13,0.01,0.0001,488909,0.009137514978647232,,
231,3452,-7.85,1969236,8489,3750.7,0.01,0.0001,489808,0.005194801837205887,,
231,3456,-7.8,1973029,8506,3760.89,0.01,0.0001,490757,0.04981834441423416,,
231,3460,-7.76,1977257,8525,3772.44,0.01,0.0001,491814,0.007367216981947422,,
231,3464,-7.94,1980914,8539,3762.51,0.01,0.0001,492728,0.010308116674423218,,
231,3468,-7.99,1984697,8556,3759.55,0.01,0.0001,493674,0.0227624773979187,,
231,3472,-7.99,1988781,8573,3771.01,0.01,0.0001,494695,0.01567068323493004,,
232,3476,-8.12,1992490,8588,3762.24,0.01,0.0001,495622,0.023370731621980667,,
232,3480,-8.11,1995987,8601,3755.63,0.01,0.0001,496496,0.006950360257178545,,
232,3484,-8.14,1999417,8616,3762.62,0.01,0.0001,497354,0.013330094516277313,,
,,,2000000,,,0.01,0.0001,497499,0.01055273786187172,4235.9,-6.05
